0.027061784208492243
0.9986590534546625
0.9967357122884376
0.9982071688386562
0.9977999710065845
1.0084228321814392
1.0142424839906763
1.0175858612433935
1.0190052730142107
1.009208301294267
1.0088204048390526
1.009472482372486
1.0039785764731213
1.0019308642489637
1.0016192123118273
1.001769250534435
1.0009055166451502
0.9999885883740363
1.0000070350059793
0.999945964982388
0.9999938827888247
0.998927454721836
0.9988036923748602
0.9984281459413133
0.9992662581969871
1.0056502012670163
1.005298535443666
1.006286902651778
1.0122319839528087
0.9875277216635331
0.989071227417442
0.9832211172206291
0.9849136844218234
1.0481638061417013
1.0231300169184836
1.0453645014066884
1.0355337137137877
0.9938826405285717
0.9945998918071607
0.9932381840372145
0.9924227487466911
1.0078986345406555
1.002589103711414
0.9999111941448096
1.0100485485546848
1.0210261201811621
1.0184707865149423
1.024557866220089
1.0139413238911181
0.9221309021753299
0.9654241793492581
0.9337042251534774
0.9388532640093006
1.031589271905239
1.057038990961808
1.067948169111845
1.064038554842819
0.9935590739432357
0.9742424471349296
0.9755723152656328
0.9774384386384489
1.0759022488051522
1.0707857541554782
1.0730595140415646
1.061361406493938
0.9923650337556705
0.9874682444449548
0.9890554981118943
0.9832382483754284
1.0030119511427866
1.004691512907734
1.0024357603435365
1.003100011799562
0.999423347604544
0.9995705265416278
0.9996355909663229
0.9992064306318277
0.999805263279872
0.999909515703114
0.999716539393155
0.9997075272830381
1.0032029684565797
1.0024905462214864
1.0029461759266862
1.0023126030764566
0.9926328464406331
0.9846107167385428
0.9778523570673169
0.9937474924564587
1.0216072362152304
1.0209800950555667
1.0149597081458606
1.0032896516445469
1.111517797203176
1.081981314080511
1.1236537093731584
1.1472487407905605
0.9688489430753543
0.9784618605047841
0.9670842984707059
0.9571906642547968
0.9947112389034669
0.9985791735510808
0.9962248946976832
0.993278954897502
1.0371403466837217
1.0301433843384462
1.031922640699817
1.0761267108795778
0.9896243977322586
0.9921168416157259
0.9881224536203356
0.9941350267932876
0.9912213179948971
0.9984139221819585
0.9938054327426297
0.9908335267437882
1.1258144958479006
1.0651430036851068
1.0326001900199544
1.113842418628654
0.9055457691822961
0.9879784428430083
0.9131115508312004
0.9210267248264876
1.009552710347037
1.0165954235426737
1.0127096689860764
1.015604697005899
0.9949243850119365
0.9987306480000981
0.9977160714366426
0.994560768543871
1.0007080315719366
1.000897805494823
1.0012129700659964
1.0007597763533687
1.000738365341376
1.0007684707550373
1.0007033997705577
1.0005094678346411
0.9934213874029493
0.9925440660581686
0.9949841927935094
0.9942547322292385
1.0374659359537544
1.0320935174382364
1.0141056109123348
1.0288994470758457
0.9553238384207915
0.8975427979123841
0.885772977738758
0.8952687330652715
1.0629973395463526
1.1081279076133663
1.0931934599787987
1.0780826081424877
0.9768978694258825
0.9787668665850101
0.9771126105001701
0.9920048705556472
1.0019852765570625
1.0025427235065432
1.002776762124076
1.004209720098353
0.9993000037968693
0.9992019622332015
0.9990952473892811
0.999586134113232
0.9993719995236443
0.9977600572434236
0.9982175401104268
0.9975255419665449
1.0081896450918624
1.0255912567736103
1.017361386258746
1.0074049427566922
0.9961414212632514
0.9956889961890836
0.9947929346216341
0.9964016767128748
1.0006922008324204
1.0016653825275657
1.0009544050273407
1.0006363410094068
1.0000164844946478
0.999997541090276
1.0000067493086977
0.999999914293311
0.9995568443140045
0.9996822765756348
0.9997005816105683
0.9998778736304058
1.0029724281016241
0.9997873752385779
1.0029715915076474
0.9984285519881938
1.0377770207920054
1.0442022442872314
1.0153866260955513
1.0141280639593577
0.9329344457973201
0.8457298258715749
0.8544466046921256
0.8444070159514518
1.0456498726523926
1.0388824911258103
1.0357104543198508
1.0336741092245736
0.9944144255129526
0.9812285846466062
0.9863432446102189
0.9908079731206477
0.9773767564388026
0.9801061025948332
0.9697116096835162
0.9830398733661502
1.0088065768999788
1.0044666835012088
1.0049434848632048
1.0068364518644717
0.991144658992844
0.9924750899906478
0.9892401672666834
0.9962928532131257
1.0020698345524848
1.0030544127489966
1.0004848539193734
1.0025354861056626
0.9981803100189325
0.9979801149456243
0.9971671004609193
0.9971473111107494
1.0120529076665843
1.0094144525588484
1.0263024792633242
1.008948049495541
1.0254539021255864
1.0597970683438276
1.0263770375224697
1.0308034041438388
0.9961270271610847
0.9952218849523629
0.9965842414291999
0.9964651033537011
0.9987614965348333
1.0005126026675861
0.9989353079660812
1.0000809327303204
1.0305934985479905
1.0276806799755491
1.0174411739247842
1.0233166054720564
0.9929829754992139
0.989728610238177
0.9955053351279332
0.9905563665735196
1.0061297407798842
1.0118936015471354
1.0095516658757833
1.0054533729324
1.001998128243034
1.0015936970312616
1.0012887943950712
1.0015596131699485
0.9723211376816506
0.9910203352216836
0.9565368620964094
0.9905241085987334
0.9981160413430249
0.9988647661878122
1.0000747328651878
0.9966774821923083
1.0003164365942483
1.0006194071299086
1.0006438630293872
1.0006795706678273
0.9998467951938157
0.9998580938231708
0.99977915750095
0.999892719647045
1.0000289363388921
1.000027199031687
1.0000271814066028
1.0000336784402604
0.9998535588362717
0.999829844992192
0.9998361145808692
0.9998815294258705
1.0007822034591185
1.0021748750756732
1.003977408059256
1.0010170634758218
1.0009414800806298
1.0005371764355213
1.0004500399213603
1.000651470213296
0.9942082131630858
0.9953664725475173
0.9923122652425902
0.9948944700573314
1.0324684347588728
1.0250742380154723
1.0259035060169357
1.0297573905105082
0.9942772368837678
0.9948119526457886
0.9911787016468571
0.9974743974367558
0.9895072189270009
0.9868586331935683
0.9945281394096164
0.9884554475060477
1.0303542003401063
1.0299689513586878
1.1318116654370474
1.0548703368414332
0.9949718077008236
0.9848547506525783
0.9930759511574346
0.9928561592516644
0.9820569570574199
0.9870047914066741
0.9863131104956445
0.9810273476913774
0.9945599158695746
0.9874570383686931
0.98868474825207
0.992727297635404
1.014968491644056
1.019883513825996
1.0149871867675746
1.0112516143278363
0.9880874869647246
0.9693416982986164
0.9657119314675243
0.9654354197029161
1.0056237203906584
1.0057426671410756
1.002375458131128
1.0071751495778989
0.9996572908224
0.9991231652098588
0.9990230092490161
0.999041608150073
0.9973885095362917
0.9955871789567194
0.9963351023362246
0.9964503938501106
1.0369881052006271
1.0093176053709025
1.028100391275819
1.0260488334742823
0.996947989897881
0.9965120293131796
0.9947885551663989
0.9937655741999418
1.000073708646585
1.000019227837936
0.999591933942161
1.0000408838120123
1.006331918507239
1.0173800621685123
1.0034937430280089
1.0158419237240286
1.041615779633063
1.0627046408142873
1.043991919546015
1.0541757371795997
0.9895404717419923
0.9884055756599162
0.9889473577290968
0.9885233228058384
1.0083979034800377
1.006724292371966
1.0066524105287324
1.0044602920260775
0.9776816735944192
0.9810826314133977
0.9635156236649686
0.9625462035658199
1.0468051035782673
1.0423834106208631
1.0405491206438957
1.0385309621823113
0.9949557693218527
0.9917960231788607
0.9902099568095254
0.9937177339141988
1.0017980124984311
1.001801170505779
1.0028550254578505
1.002093047870656
0.9967598069233816
0.997737631339511
0.9965309775970089
0.9978194988294407
1.0177212058035143
1.015339778162464
1.0075502883000158
1.0166325317090619
0.9447459569722051
0.9202064214604581
0.9026461577447085
0.9378477948959887
1.0218854399108948
1.0288826412218213
1.026551839659067
1.040640851241446
0.990049956107159
0.997825726230546
0.9897592488824313
0.988028344448541
0.991803159573939
0.9968435630167187
0.987900655682114
0.9896462197645696
1.1152138723564509
1.1033786253990865
1.074204040610491
1.1090228213556148
0.9636142273066111
0.9663740068069357
0.9850483688018153
0.9642291069651474
1.0078127107175177
1.0061677770364263
1.005268614198163
1.0077593513700485
0.9944277533332379
0.9962417974857749
0.9945095475146273
0.9926806466393301
1.0023486534879213
1.0035007758342338
1.0032231236879219
1.0031118404520414
0.9893263289911819
0.9972005674319431
0.9903458725546713
0.9911327692410894
0.9774561843861809
0.9802615602497239
0.9878467836556248
0.9996228020688375
0.9675131918528375
0.9623455319726583
0.983639909596507
0.975457421107991
1.0045317159337537
1.0055767732482923
1.0094345854292561
1.0045469769958684
0.9935858692831815
0.9931657996019047
0.9889830131477488
0.9740142639204463
1.0008608519802922
1.0017491564601624
1.0023506236707156
0.999419132342767
1.0253326416250543
1.0368724950467938
1.0536285032204626
1.0234317133464341
0.9943033047544669
0.9937490795717712
0.9984318013746976
0.9941492597972514
0.9775556467874947
0.9865925682698358
0.9795085653345517
0.9910361591776481
1.0010998961819624
1.0043323440808345
1.0019136479888788
1.0028616422531036
0.9982725418200158
0.998017687294241
0.9990073136610794
0.998653875035318
1.00032557197566
1.0002183141438916
1.0001938749259527
1.0002336705462118
1.0000770094620688
1.0002748348981678
1.0002326301073077
1.0000499592091419
0.9988894279354881
0.9980925312553958
0.9987592075600804
0.9987486851041412
1.0115485402867128
1.018669484020051
1.0184429754666693
1.0093686836932505
0.9960008685356082
0.9967834725498183
0.9988619514188537
0.9997971978205593
0.9799225072844178
0.9728274746889519
0.9696788973181688
0.9868256081277674
1.0053868810125188
1.00239362028521
1.0062333378611474
1.0043670392281157
0.9997404548691993
0.9994090438334235
0.9995924988955253
0.9996231996488323
0.9967891369637534
0.9967259253850733
0.9967212608740028
0.9984213956967091
1.0245210405942826
1.0204284664506644
1.0200202263109401
1.0191121797977132
0.9957024204896164
0.9909258696451738
0.9814254208101465
0.9893107907371718
0.9975867331490248
0.9940491694117091
0.9927233236006843
0.9975110898892688
1.0010834978853724
1.0007427351703695
1.0009479084265644
1.00098723762152
0.9998355035474367
0.9998056477211941
0.9997559656884535
0.9997614556174138
1.000073338133123
1.0000581939979238
1.000042886697872
1.0000396990199714
0.999916329729701
0.9999265120074728
0.9999494276686492
0.9999203531904977
1.0003531128653338
1.0004984161348955
1.0003322889541097
1.0006736237569238
0.9967375368288625
0.9971395249476538
0.9971773430534787
0.9956649036631334
1.0059645811304299
1.0315243164150094
1.012206074155595
1.0321820430683233
1.0073206811674646
1.0110888226206303
1.0150122103686758
1.0086600613174683
0.9980634949980239
0.9981050001973688
0.997379708331236
0.9979579153171838
1.0003158383736388
1.0005759901099451
1.000624197720851
1.0006587056870715
0.9999456980134549
0.9998760283185921
0.9999773470162475
0.9998933859498276
0.9999833224319629
0.9999662335689219
0.9999534652147013
0.9999848519916098
1.0003810311415
1.000348264751106
1.000270163487696
1.0002773851669937
0.9987291732307393
0.9946863709647161
0.9948597396107306
0.9964892300929292
1.0009510986549761
1.0006899804418616
1.0009156593134287
1.0016718638894724
0.999724893484287
0.9997727806731997
0.999710642385441
0.9997254129049614
0.9997152834291548
0.999674201625476
0.9996488168218363
0.9997766269135704
1.002603667889304
1.0017053603490296
1.0020814905787947
1.0013518603508755
0.9877331458270945
0.9964675191788376
0.9911414558389129
0.9895684287643786
1.001239836859242
1.0015238746841888
1.000693331802866
1.0007842707483854
1.0065967678042664
1.00893374778275
1.0074946534399125
1.016217957431066
0.9966238268267155
0.9977984285031645
0.9956049629845755
0.9977830635318786
1.0005102064422866
1.0011835665161188
1.0008024646222697
1.0011449216717652
1.0001066926245785
1.0001787837206795
1.0002543704256295
1.0002375253669271
0.995804838063709
0.9982758671963842
0.9964526363551797
0.9951731471480257
1.01107049831311
1.0212348488124066
1.0552075830905836
1.050558045748731
1.0133719833001533
1.0248733502637948
1.0141234616657702
1.0364545735677189
1.0053410919631298
1.0043851809331492
1.0043054284518804
1.0010927512223815
0.9988424279678819
0.9984984371706983
0.9989810373926002
0.9992820974544462
1.0025910089383767
1.0025323562109005
1.0047479769962788
1.0027960286903257
0.9985481052990313
0.9980046379445293
0.9980447673835767
0.9976370199697655
1.0124274939153224
1.0166177073376452
1.011376889960026
1.0124443169195483
0.9782129819273784
0.9871486155554732
0.9812264181854967
0.967094371387875
1.0057352066511824
1.0041266226123036
1.0041074350935408
1.0035750086744921
1.0009053674431063
1.0007946374337549
1.0001084683178134
1.000286855400229
0.9947736198067901
0.9758912044842577
0.9796061694014149
0.9734319328135324
1.0305617944356824
1.0322501863300078
1.0342812691037535
1.0307229456531894
0.992195767676662
0.998268011438237
0.9876868411686982
0.9904385339517787
1.0018479934134283
1.0025914721941191
1.0022767505993462
1.0023857524976012
0.9995801943566875
0.9994889491365412
0.9992294738660487
0.9994297907891518
0.9994810714312329
0.9993160516590551
0.9988359985475553
0.999341234896617
1.0069493570087846
1.0022055357898705
1.0045550339749996
1.0079222326682133
0.9989621426889483
0.9984772846212127
0.9990499830551701
0.9985353868069358
1.0001100558865983
1.0001860059382761
1.0002008327292733
1.0001146213959182
1.0000077943789096
1.0000250968940518
1.0000306909374543
1.0000282095490696
0.9994134430722322
0.999491368737024
0.9994961383176835
0.999588021184345
1.0060344565079598
1.004157461464832
1.0037523587163695
1.0035185880202435
0.9781619612582914
0.9737986104711157
0.9762575463655149
0.9616727698413094
1.0144794352509203
1.0121083125015384
1.006757450496348
1.0103359619957852
0.9773337040147869
0.9861873644104105
0.9451533152841747
0.9901279935743676
1.0086098853013783
1.0086618928017301
1.0047836848481702
1.0025603380959964
0.9969864613723008
0.991519078741649
0.9932753778698629
0.9868310212501324
1.0029827788245904
1.0036301974962896
1.0023279703919192
1.0034633831010054
0.998675299447799
0.9992897414497112
0.9986360216271557
0.9984136901735161
1.0001000951602748
1.000173499828592
1.0003093882231884
1.0001511964308707
1.0000262601771872
1.0000032612276386
1.000030287804629
1.0000244245959025
0.9995299126544176
0.9994788034105383
0.9996465090861633
0.9995765221540188
1.0035515914941173
1.0042537801671612
1.0022169352417698
1.005420387387032
0.998894744885362
0.9987841821444994
0.9990740829652599
0.9989860266705952
0.9982828837511765
0.9988951825742307
0.9976199856154979
0.998339650572995
1.0147616855220696
1.0228748716220506
1.013186204976573
1.029619983118835
0.9975143214832639
0.998232696710282
0.9981017846977536
0.9997204094154882
0.9765326747000177
0.9570099026911817
0.983333111370767
0.9488903899411012
1.03325257069776
1.0509451456911025
1.0207308829639605
1.0371291093041117
0.8725679848668731
0.8910759736442393
0.9580881844078248
0.9156634300010704
1.0357554053548252
1.0424521048252267
1.0263056991108959
1.0168821923123195
0.9882650773879316
0.9858246130603873
0.9910184526652024
0.9868681664762845
1.059527176766283
1.040170346085918
1.0140872956369433
1.0535770060908967
0.9860937050522323
0.9763385453224728
0.9818873329509646
0.9807038811643566
1.0350763089425865
1.0686992899990142
1.0412613500374477
1.073116712436015
0.9723085119935243
0.970045578513534
0.9676912767446972
0.9665346709408477
1.019968685101365
1.0318387691243796
1.0182569610109542
1.0277842901867877
0.9960832654479547
0.9974318331104093
0.9955180602070047
0.9955118783555917
0.9678241169836415
0.9671136305906507
0.9795803628439321
0.9663375590318258
1.010438320550872
1.0188854181027875
1.0054453480415722
1.0138929848099067
0.9202580688291234
0.9710922710675849
0.9742579533285386
0.9266152438924097
1.004655974770098
1.0063460030750702
1.0060873023747388
1.000641594172502
0.9993184802631949
0.9994545250063389
0.9995384291491539
0.9995393665848784
1.002289385556494
1.0024611066053621
1.0022196263332033
1.0016569888618374
0.9946979601926713
0.9861369288678907
0.9859503836193335
0.9804283030975486
1.1007189197943843
1.0584073583442006
1.0580531528555086
1.1323659023242674
0.8893798647617039
0.9717806508179907
0.9028506848841427
0.9331281506047782
1.0240253643055488
1.0131324046329073
1.0187436679491726
1.0275327295333856
1.0095838530703825
1.0044380883976987
1.0056199890827198
1.0127478041140727
1.0063228603864816
1.0073817419961513
1.0035256336429723
1.0077441355568333
0.9999534896287636
0.9999778848322161
0.9997568907307097
0.9997730497153842
0.9949419037885355
0.9935611169703458
0.997103760596589
0.9891277110815054
0.9974079323649082
0.999833699553587
0.9979153517138377
0.9976612779143796
1.0209413005508614
1.0214058909461787
1.0240830894599113
1.0222150661308924
1.0033962286437916
1.0048988567694492
1.0032026380065215
1.0026031997009692
0.9869121399762902
0.9656656002298273
0.9827364388535493
0.9693329505663126
1.0071506605708611
1.0111378393324397
1.0069736477736686
1.0091730376043266
0.990725769395073
0.9937289666108723
0.9953858406635081
0.9874829971254772
1.007693886271146
1.0077650235401836
1.0071750640672896
1.0057750098393365
0.975826529902416
0.9624208226382344
0.9835507015159899
0.9634687396552255
1.0037718153918298
1.003987112411778
1.0031043278451812
1.0034407557914287
1.0000409710461902
1.0001821506207498
1.000217651201662
1.0000245920691837
0.9951726027667568
0.9965908687833219
0.9946094810850925
0.9970503832250031
1.0369598431739822
1.009332423859469
1.0229669477101377
1.0237757050030822
1.016299194796593
1.0125526667355875
1.0051191524646617
1.0117119694684387
0.9979251886483297
0.9969938348581624
0.9967313636807026
0.9977321024503762
0.9976673006412888
0.9978403920496939
0.9972884824072268
0.9990172576896345
1.019111457840857
1.0090773377372526
1.022329682275248
1.0227201394541474
0.9964399073410793
0.9956684334328
0.9955370456322409
0.9982721674971797
1.000548663283985
1.0003985717018884
1.000602795920314
1.0003992154883248
1.0002423652825347
1.0003342616961237
1.0003601239101754
1.00050768172195
0.9978687727950855
0.9983052818437329
0.9956539513765162
0.993324597652955
1.0013391667182536
1.0010083008698953
1.0016381935071723
1.0011796410531897
1.000243906460674
0.99978404976245
0.9992154370549569
1.0006518175007286
0.9885209728404838
0.9884343117962022
0.9831922875556194
0.9773757615141347
1.0053860083723454
1.0033592380584273
1.0065353962546595
1.0055634790233519
0.9986900950893209
0.9988648747938622
0.99902386244606
0.9984775869807402
1.0037783474897541
1.00309021285194
1.0033906979288882
1.004863673065343
0.9991520106666134
0.9989300226096774
0.9993211551047622
0.9987266251667893
0.9990355576233735
0.999633420294649
0.9995732592113107
0.9987114577511182
1.0064581823845942
1.0046128011323183
1.0114376555374793
1.003880651345348
0.9970465983743548
0.997304101970932
0.9978883304963734
0.998178807629239
1.003421244423435
1.0044990789198096
1.00037461951436
1.0047295727359131
0.9967303126339914
0.9984319293709951
0.9988894242540862
0.9967032001699867
1.0049036596909782
1.013551226789721
1.01086496212374
1.0073464355844277
0.9646989162346984
0.9528987976713138
0.9660700302257754
0.9268506472396385
1.0172134684913354
1.0135504497383734
1.0159410131458602
1.0119569798682693
0.9903714326417302
0.9893171280147761
0.9797311990618583
0.9861720037135087
1.0134476611739254
1.014443531514731
1.0131203743963118
1.0113565539608795
0.9905551517923873
0.9908245844798931
0.9864860643532929
0.9897346131032131
1.0158810310114117
1.0179767809715408
1.0142520880937917
1.0128060265765702
0.9973361399677415
0.9972421506802852
0.9990334805913081
0.9974787136352513
1.0008017825022844
1.000715058038441
1.0006852736597212
1.0004897295018853
0.9998520250058074
0.9998177030134018
0.9998445697976437
0.9998133447164481
0.9998971021612694
0.9999520432862262
0.9998199772284162
0.9998694927111905
1.0009641697751672
1.0013702323847493
1.0004941123631954
1.0007028986629916
0.9948009260101887
0.9955486832218626
0.9951792240013299
0.9934807431512733
1.0341952110289787
1.035762998761729
1.022946128335911
1.0276482147123167
0.9898170697984078
0.9787271390134649
0.9875685355313605
0.9786896515066614
1.0003029785393773
1.0006818090752458
1.0017935486641014
1.001639350510028
1.0191408736715706
1.0206002152545637
1.0212958643877417
1.0299735566964972
1.0042010361738303
1.0076288153979367
0.9992067325889832
1.0120113681139016
1.001270724054539
1.004360187613524
1.0046595632544837
1.015703220767927
0.9964284627848415
0.9957553441481588
0.9947156882774676
0.9974405895047821
1.0008371883302767
1.001137358902385
1.0008881837386505
1.001750432985193
0.9997665519535633
0.9996715699368028
0.9996895797288307
0.999865255021405
1.0001046093659585
1.0001292977510199
1.0000957809322408
1.0001531018547747
0.9994844166473941
0.9997407248347234
0.9994845613050537
0.9997195216419817
1.0033390527978698
1.0036351264533474
1.0032601367478635
1.0035581829820226
0.9815394139443835
0.9728979345522142
0.9678787968009358
0.9784355978019872
1.182968312083702
1.1049802381306797
1.067189765333855
1.135942178212722
0.9672644400833686
0.9722582902384699
0.9644197363095532
0.9753186870590097
1.0156504666311041
1.0209516648419212
1.021146624615221
1.024056927906141
0.9970377583473062
0.9955408260754124
0.9972798944055741
0.99463795891041
1.0201075977209753
1.0137072683896398
1.0106072735561202
1.005556474553358
0.8951405070857202
0.9460265041039193
0.9439760758611679
0.8820646630392112
1.009813750282105
1.0184122478267459
1.020072721516319
1.0104454315242617
0.9928606294507735
0.9957594324424713
0.9933787693898364
0.9904420559699328
1.024526294710988
1.028977923243179
1.0221629769349692
1.0186128379127497
0.9803438106281115
0.9795874856015696
0.9830748336684139
0.9728875937885302
1.009651365744786
1.0041895026016412
1.0070048720016465
1.0054405420075827
0.9966920075162983
0.9977182124740751
0.9986533718635336
0.9973335171222416
1.00973119559227
1.006754561456992
1.0019718904118688
1.003147251710202
0.9445950397590968
0.9625826960854982
0.9393661864603994
0.9206876440000253
0.9880778126306796
0.9919687733325894
0.991647368798164
0.998521476823125
0.9945832477161007
0.9906263088234624
0.9936687801726853
0.995920614680701
1.0869641821469642
1.034434834076565
1.0747545775092566
1.0545079907935282
0.9733262094508055
0.9764511952824553
0.959338284297413
0.9626707742468964
1.0116198577922786
1.0180894397414257
1.0123412444425104
1.0118713353246684
0.9706795466351226
0.9816159009342653
0.9807423648868091
0.9702833461083152
1.0364340973264299
1.067741392258221
1.0740268602419316
1.0902152290601963
0.9697038089146665
0.9901098589768531
0.970377524441327
0.9769574488067784
1.0265058974885504
1.0310526715345711
1.0241031724311276
1.0122243419348946
0.9611408288252374
0.9325536620409204
0.9771779851245772
0.9709782219105909
1.0085753867697613
1.0105764908705914
1.0049407125286347
1.0083035316921218
0.9967005371290281
0.9976001543921356
0.9984657228570529
0.9967687332838641
1.0267732140627976
1.0307110098179308
1.0182688463599654
1.0268693532772482
0.9974136179537615
0.9963438991707185
0.9944574350588986
0.9984774500726763
1.0004486313829162
1.0004558852076721
1.0005355222206225
1.000335144690023
0.9998558841799314
0.9997878844385354
0.9998591543579365
0.9998640828149845
1.0004113763818108
1.0004830663853839
1.0004873789935969
1.0003112763974187
0.9987113729391037
0.9974229989410097
0.9972172353294999
0.9978012000715901
0.9962309950284406
0.99801169473937
0.9962953036158505
0.9965238264537836
1.0077904996960125
1.0180323953848083
1.0207137165883313
1.02929033477798
0.9935361208451885
0.9930572337630744
0.9916859061849925
0.9849766194493769
1.0168948229855324
1.0087958236061696
1.0066639091837433
1.008830020476
0.9011038059903037
0.9645624364618721
0.9325925580011017
0.8938817419692916
1.089484240628342
1.1975694019331147
1.2119090048925145
1.0915189360877329
0.9843860434088261
0.978898631698626
0.9890481136334139
0.9870094044017211
1.0020982223942332
1.0061158405729107
1.0054115201943443
1.0052438407466349
0.9992637733560452
0.9981879397010394
0.9984146209576307
0.9990485177274302
1.0000761863975056
1.0001510530803817
1.0000586870399313
1.000122398531233
1.000851453436996
1.0004919885689316
1.0032852162390191
1.0007408515490763
1.024240185749481
1.0206803616508549
1.0331857211581144
1.0052375379824172
0.9378785881654711
0.9323568130643254
0.8867776538506265
0.9289060056756561
1.028612978116379
1.0286330372042367
1.008835267257771
1.021381780600762
0.9936881364373795
0.9963855199511885
0.9951837905549606
0.991983666176442
1.0056059235073038
1.0059785751786303
1.005719628707885
1.0046257302384187
0.9921583548332514
0.9874607954273569
0.9777942068426803
0.9793073603123242
1.0651140115867606
1.1110914133608614
1.0583719339507154
1.1086121981317214
0.9584429837163678
0.9663618368108712
0.9847637945811081
0.9844911819517782
0.9862676337804477
0.9884783429531044
0.9636672619503254
0.9826114245929347
1.0119077124290559
1.0157339727936303
1.0170221050522132
1.0136796560184702
1.013283970328837
1.0023048996614736
1.013592747623171
1.0081201475564185
0.9957503499328071
0.995458603735984
0.9972597693736229
0.9941715444666971
1.001532072273092
1.0009740962813634
1.0012990643905972
1.0010850448352102
1.005936421796906
1.005954380794611
1.0040709531979064
1.0027368968981554
0.9070196734127706
0.9773591194104982
0.9506870202424109
0.9689592020150302
1.020565069036689
1.0205975929383488
1.031150077333204
1.0167358406298095
0.9247209351074526
0.9396435283795294
0.9252982371426658
0.9646416120802398
0.9872546599170509
1.0019831304993645
0.9899037216927621
0.9983627256270349
0.9564198407393117
0.95555796920899
0.9176320365119407
0.9763949166006107
0.9975081465477621
0.9997318032001745
0.9974253024861193
1.002156813024177
0.9967636924513192
0.9922947853423177
0.9912642467253076
0.9935041312014958
1.05595362534806
1.0542809857381503
1.0411739499873107
1.0485883767858428
0.977916119170318
0.9768979317083262
0.9493833649961452
0.9774220865980685
1.0042857366814975
1.004213061727726
1.0089265503931932
1.0088096013929546
0.9955464618563397
0.9968155503093958
0.996919133044193
0.9950149096441301
1.0409526712662562
1.0316274680649935
1.0215312631317055
1.046232013472261
0.9905489882561717
0.9889394338937134
0.9951618575702476
0.9919170614295081
1.0242699598327745
1.023702912985226
1.0189265156119605
1.0162074666800436
0.9457783752259293
0.9291587143687371
0.90937172808452
0.9180717573914776
1.030325636178757
1.0337428629744485
1.014994124741496
1.0214298624249245
0.9942898293357012
0.993501550678388
0.9949180784032001
0.9959256303992408
1.0042509357284444
1.0022553068996753
1.003970412244161
1.0047138695577553
1.0023992727846347
1.003179924665753
1.0022671209424725
1.00378215549349
1.0044479451443655
1.0011200419072095
1.0059906574177029
1.0007956579556307
0.9995099324735235
0.9996200620696826
0.9997841213546117
0.9994702796254958
1.00005444473268
1.0000900580199934
1.0001201988218906
1.0001182342273502
0.9999698555608943
0.9999663044172973
0.999956814231579
0.9999691307772365
1.0000092696679632
1.0000086858424535
1.0000100976314812
1.0000056006086746
0.9999965191485627
0.999996943264366
0.9999956958337505
0.9999973456934754
1.0000086180084025
1.0000103727414058
1.0000094981409258
1.0000065255811303
0.9999684780991187
0.9999632641075257
0.9999590132890249
0.9999557609360032
1.0001663433989112
1.0002914056930876
1.0001956197138586
1.000125113723806
0.9979665914840653
0.9984689355933982
0.9989739035998754
0.9990689218704206
1.0107629040158408
1.0101260230898017
1.0056578106741088
1.0118472244271908
0.9548795527982273
0.9343687055087934
0.9377730450105577
0.9516680084340149
1.005572849722359
1.004710373385862
1.0075227024696645
1.0030830726159097
0.9991992980479643
0.9976260830316045
0.9985898156555644
0.9975298354757985
1.0048101040518878
1.0024783390458283
1.004855832836745
1.005658044682443
0.9995121872603269
0.9989448670137897
0.9994618854773436
0.9995119741955139
1.0001177313903744
1.0002414585222756
1.0003442225513477
1.0001636494929367
0.9999354173635578
0.9999611325659745
0.9999137719550524
0.9999383891647062
1.0000082436030469
1.0000036889389448
1.0000061349613636
1.0000128792755631
1.000029251161929
1.0000430760195624
1.0000215195431423
1.0000256330319417
0.9997346569144375
0.9997589503894739
0.9997256523227687
0.9997064592956098
1.002518829337495
1.0044381401377132
1.0032532608800688
1.0016362550759608
0.9811099999658534
0.9738974825884463
0.9834412808714921
0.9829223761112975
1.003987726999655
1.0034109978424137
1.0034649937625695
1.0040529642150402
1.0060701859503705
1.0078652594703545
1.0071661411276531
1.0057044313062602
0.9624074078846848
0.9730251815537316
0.9840618700764414
0.9576836195258726
1.003656930009091
1.0031025141142613
1.0040118113611638
1.001717891179329
0.9992835958837175
0.9994020846054964
0.9993060081732825
0.9991961406725033
1.000022766077026
1.00007223747809
1.0000496536765224
1.0000273800343598
1.0011160914744361
1.0011322441249737
1.000854096470443
1.000885078184492
0.994822076532945
0.9951507231073747
0.9929618771572308
0.9941572281294977
1.0005534460878724
1.0011434299165114
1.0013038754366494
1.0006901145624587
1.000349610469035
1.0004695943718724
1.0003466620207233
1.0003453552504307
0.9924996881560054
0.9981979761681394
0.9930396946822017
0.9966503699805915
1.0004628108125524
1.0003036234056295
1.0000318574725138
1.0002947104704054
1.0066295741718703
1.0072079775337415
1.005275439827696
1.004620542420757
0.9991713459684076
0.9988916531167439
0.9988370857227398
0.9981020508029926
1.0007945100461404
1.001315376345797
1.0009136555004456
1.000714198771065
0.992878971032448
0.9966497847018828
0.9957315963503802
0.9971889850109114
1.0201343991765768
1.034284745495428
1.0181032645884276
1.0350478646637802
0.9939921181652537
0.9974436848542813
0.9946646152443294
0.992270933706459
0.9996427132332221
0.9993836052732855
0.9991016964165033
0.9996703922033489
1.0267361112524436
1.022963477573421
1.025834798833095
1.012847720513459
0.9957384250149672
0.9950452081883323
0.9960904963464119
0.9963504169038201
1.001634421378572
1.002313583211631
1.0003451846875178
1.0019727248342096
0.9996092652987039
0.9998580542876482
0.9996474242913705
0.9996519014906873
0.9974974856713572
0.9978062086476457
0.9985678126476395
0.9979336233525836
1.0203193959936199
1.015749248161786
1.0115627791176909
1.006346715846193
0.8818443403253229
0.9143547277907085
0.8931571788640946
0.9380532753807574
1.0062358971342356
1.0059560913850334
1.007374120700616
1.002087031727658
0.9998057341623804
0.9995594922008418
0.999632942040579
0.9996264834355233
0.9981252727619178
0.9978724014544279
0.9983292178299534
0.9972219125317089
1.041024527260352
1.0059181513069977
1.0326879573206615
1.015408411192409
1.0039350723842617
1.008917211942171
1.011458889787785
1.0194027051946086
1.0807517859585096
1.0528624172028167
1.0634941085599914
1.0223050974538406
0.9867466029483469
0.9952363559435583
0.9918199080991926
0.9879977684307014
0.9892393570859696
0.9980366095889889
1.001314568749554
0.9933277026901347
0.9853342859754899
0.9870041228454589
0.9772014243161571
0.9838189430889145
1.0101189722873551
1.0093492814620502
1.0059338893274894
1.007712138000632
0.9781038684503899
0.9892997157107577
0.975131855534204
0.9804222997233855
1.006437443880626
1.0031455829531848
1.0077820905579404
1.0102949012395626
0.997701549026877
0.9977765128987565
0.9953767037907926
0.9926394059177384
1.0743486976054455
1.034439461574967
1.0161430564162486
1.0449890247162448
0.9950580478552199
0.9914997176744609
0.9935849022064772
0.9940216499298307
1.0019968397373837
1.002818654525778
1.002356274701643
1.0013353205919149
0.9949931991031493
0.9943009328705692
0.9968570916004368
0.9950469888686857
1.067882733462946
1.0631402181327951
1.0207473912908953
1.0698684750915748
0.9783960031948499
0.980060354446714
0.9825362811683258
0.9699024287899558
1.0045946074529162
1.0039024248030401
1.0071390607377446
1.0055306297577342
1.002281658211701
1.0009959995556321
1.0023132742781786
1.0017916065294674
1.0034211007721798
1.0023711082766527
1.0027878454218435
1.002522617653921
0.9832901615974866
0.9863308757089028
0.9847862266294709
0.9816201403944957
1.0444231149870995
1.1019007708572162
1.069808686850049
1.0984661231938437
0.9774943369715763
0.9749043284377216
0.9901172805127508
0.9770704588815737
1.001679103381265
1.0023277420901562
1.0023389625449604
1.0020736508303387
1.0345871216044378
1.0193762485602882
1.0322935285020742
1.0100831238797565
0.9941811610322768
0.9931732854131259
0.9893151184599907
0.9863990761098804
1.0222216749381767
1.0407807064115324
1.0372649028775007
1.0399810060109627
0.9853202784650013
0.9911184257169033
0.9919353028704706
0.9932053883985796
1.0028210681833662
1.0025090661521476
1.0032781883832438
1.0025196967373313
0.99893045568888
0.9993035261012595
0.9996041290158922
0.9991318533961335
1.0008882782633806
1.0003675755236883
1.0006543138897321
1.0004510807262978
0.9955401677156261
0.9953267698765215
0.9918282889092277
0.996981955656154
1.0222025058891702
1.025731764939327
1.0269763563462084
1.0418480425711787
0.9938695285855137
0.9930536693832703
0.9938766005828565
0.991153744761619
1.001347694754804
1.001102466830227
1.0019286457054766
1.000755526306928
0.999811073762127
0.9996803041537047
0.999845933035329
0.999676793142787
0.9999276165265443
0.9999475077309742
0.9999027113509295
0.9999121741977829
1.000618018506698
1.0007306660624475
1.0007284030413344
1.0010405697284954
0.9970622004410569
0.9966206107537201
0.9967206447358206
0.9961187789907997
1.0174595639263526
1.0130986948228733
1.0037216853028286
1.019980554635605
0.9953934981077861
0.9936815973661397
0.991808994862964
0.9949739205546843
1.0018683883470352
1.0003896390485543
1.0010451765768607
1.0011665762629105
0.9996468962560013
0.9998377563874821
0.9995138136145394
0.9994723378020126
1.0008170084559793
1.0008753001199047
1.0005192663942413
1.0008066916342884
0.9980662756328467
0.9979035645851898
0.9969491707374957
0.9939250502195702
1.0014827613319643
1.0008074383498526
1.0010648248426341
1.001585974758799
0.9998024670095542
0.9995522722872289
0.9998183073314199
0.9999166620969951
1.0001640392291513
1.0002008987391056
1.0001856779068596
1.0001691319201345
0.9991975086075123
0.9997892382530961
0.9991263509212253
0.9991059016596531
1.0046932302476617
1.0031677064842406
1.0054910624783349
1.0041548099268318
0.9865362970694174
0.9799406067817268
0.9824748921771224
0.9802107009363016
1.0354008675547415
1.0268169329068069
1.029414478168993
1.026027051058412
0.992511151181225
0.993721725617432
0.9884024575922957
0.9903371355016456
1.0046116170218262
1.0015861272914095
1.0029814382009998
1.0026974320635273
0.9990614787211521
0.9989154628949839
0.9990379796330154
0.9988166746078918
1.0013624817569056
1.0011643674764479
1.0017849438860438
1.0007909214731614
0.9949551021148427
0.9920480794495138
0.993957649557076
0.9909939735330918
1.1035961349091226
1.0172560451909454
1.0633403648163628
1.0429350626319462
0.9706905199067456
0.9742340406456864
0.9740284451646273
0.9704766367375137
1.0669718025774573
1.0583194726476974
1.0429314613612735
1.0653657050064183
0.9811525024795842
0.9884232615507045
0.987025872665369
0.9887781590851681
1.0041001314225346
1.0048230725737557
1.0038076973424568
1.0056151628318835
0.9932024688678928
0.9974712795942916
0.9945765507613467
0.9975988306433553
0.9897221559006795
0.9840135429747343
0.9947286181385139
0.9835924307492083
1.016764793884766
1.0082792472959488
1.0190873506013716
1.0119772910617222
0.9590770540330233
0.9807718668981775
0.9644690345233803
0.9812847470988595
1.0894854643344145
1.0554338433186115
1.1167913455609781
1.1507749561939373
0.9778667244578992
0.9494779427919801
0.970306294754038
0.9594109374571931
1.0093655564712516
1.0189916112042738
1.0170500438337113
1.0242471965562459
1.0380968520781453
1.0297019926187285
1.0366588989246153
1.0118583826764025
0.9953967309176303
0.9961639344238453
0.9792095330219421
0.9922663092115088
1.0038823906182084
1.0024058375032998
1.002446729836696
1.0033248234139935
0.9917922388851127
0.9864736879934354
0.9822401076883471
0.9908618290044825
1.0208521406416067
1.00840153954981
1.0114502195442192
1.0108073682215362
0.9982730457670067
0.9970090921388391
0.9945078836655363
0.9945731665151417
1.0114596838863459
1.0052102924321822
1.0110835201073496
1.007554815482786
0.9989351210218523
0.9983003384834879
0.998002813668134
0.9978580161004433
1.006111959789487
1.0080616852061424
1.0081896457970272
1.0066957260991858
0.9973330398684412
0.998254398926746
0.998023770606565
0.9980466068859503
1.0046666031177638
1.0072985558410013
1.0027523417371313
1.003083573741993
0.9659728077621086
0.9842172745993466
0.9535041355575987
0.9845152810219047
0.9913001576414197
0.9729089847743567
0.9869526578176963
0.9613591115030762
1.0282848724873481
1.0251856491494518
1.0169068517779982
1.020412532034234
0.9666056222324318
0.9489515093804295
0.9377610168483157
0.96347164362637
1.036325873663993
1.0242585517000555
1.029789395683102
1.029657805126504
0.9961482532001215
0.9930479595695667
0.993340894015146
0.9956137520700368
1.0007575640345179
1.0009109276650223
1.0013468081575676
1.0013032296751185
0.9997434177372061
0.9998153457577026
0.9995712812495491
0.9997426845212379
1.0000603128624388
1.0000321402538517
1.000063721837975
1.0000400496811455
0.9999864297561265
0.9999905223390159
0.999989874322586
0.9999878277175713
0.9999974245756347
0.9999987842666126
0.9999984039918683
0.9999990267943343
1.0000445674586635
1.0000408391577862
1.0000439825861451
1.0000172429536927
0.9997207474447174
0.99848061136208
0.9995473551546802
0.9992395982173572
1.0090994862541312
1.0054651214284585
1.0058026790192427
1.0052787497381002
0.9546302403939095
0.9642504170632055
0.9548744044983883
0.9741645629022394
1.0063998288095113
1.0091687808184118
1.008679895753295
1.0094091265288505
0.9928528596266245
0.9950866953928422
0.9963981835915587
0.9935405362391524
1.005815577085672
1.0032890875869966
1.0029346765155145
1.0056059586901511
0.9739400829458836
0.9772458944014171
0.9837392865845882
0.9895297413533577
0.9377023137868578
0.9386506761312112
0.9448466502520012
0.9699856257647692
1.0030012256503043
1.0053270680547481
1.0074777102665367
1.0073454557584005
1.0259025921055298
1.0199868114666808
1.0223825958165562
1.0424083463474596
1.0108767601574609
1.011569745765866
1.0155216189823686
1.006349463238654
0.9906346275213107
0.9929509680962397
0.9971004638696135
0.9929300917128722
1.0016710066603844
1.0011463809929908
1.0014844799182623
1.001832818582682
0.9996205192380377
0.9995743327458576
0.9997246842906876
0.9996392272272419
0.9993326983349712
0.9992809992870685
0.9991847986032835
0.9992219552053094
1.0084791777774058
1.0084908392229377
1.0104684634805716
1.0058898527703224
0.9972624729173197
0.997204468516633
0.9971668576987106
0.9985297331234947
1.0051351646440505
1.0044447251168154
1.009355886119949
1.0011187853551355
1.0066224186307995
1.0113644923661347
1.0075399738714796
1.0048581902360854
0.995805518255175
0.9778019643276222
0.9724863466340447
0.9584456865806698
1.0705214253718305
1.0266259321877411
1.0690555860111024
1.0320981467755534
0.9837856940079516
0.9815471682558434
0.9839298607219258
0.988476412679389
1.0041144090322984
1.0034697065596736
1.0069136454064112
1.0026673045118941
1.0154571906725909
1.0096815235953036
1.0030048320618004
1.0102462109241344
0.8424115463153539
0.9100394031902805
0.8836610591418331
0.9117920189587265
1.007314906516142
1.0127373027143753
1.0075631825116338
1.0016117069199277
1.0011832265097211
1.0005587006548604
1.0005379438751068
1.0007147720566376
0.9885842475547229
0.9773842127819755
0.9871882974350934
0.961257827491035
1.0097742536523313
1.0088973823359675
1.0044080597274214
1.0085283683811657
0.9830959902945496
0.9900980222566037
0.9819435933463748
0.9760890347198915
1.0014004849992546
1.0026512187863028
1.0039545914233825
1.0044233705954335
0.9995727645635
0.9988482330171612
0.9993700453095297
0.9993814194071426
1.0002477832817618
1.0002660051016767
1.0004842684711126
1.0002854276863158
0.99824317476342
0.9988178281174106
0.9981347693225733
0.9975030557991637
1.010021379601372
1.0135772535782686
1.0059950832052782
1.0197865224148304
1.0003838912566398
1.0034755851366262
1.010558470729862
1.009245137521791
0.9982332133724516
0.9976889481736883
0.9976326079751977
0.9977327566838857
1.0004971875095707
1.0007559835261022
1.0008748286555127
1.0008467260110663
0.9991675924153468
0.9994541862972414
0.9991954404876626
0.9991012487606025
1.00225155847759
1.009215391921102
1.0144117276621392
0.9985958550657352
1.0279434763660202
1.052480995646531
1.0559244003656736
1.0207231540699382
0.9900697810477004
0.993909178186551
0.9927984515103705
0.9848341065566297
1.0012751314332997
1.0046338629330818
1.0026112604345718
1.0042969064815643
0.9990356039995654
0.9985410451090923
0.9997186590660944
0.9993791854378182
1.0001669606523869
1.0002008538713527
1.0000767128323387
1.0001966761144843
0.9998787426832799
0.9998793203199996
0.9998645378101283
0.9998562835520753
1.0006663028655636
1.0004073184110498
1.0004740700317523
1.0005633644986902
0.9963610398910925
0.9946163037541692
0.9958568175402961
0.9973524312970509
1.0221092099467133
1.0220201180903072
1.025814246660025
1.035592274801044
0.982593437935824
0.9773261954628484
0.9665698619886184
0.9758936003484014
1.07745415064303
1.069042667187542
1.0872701505975906
1.1574429105035737
0.9834326907797787
0.9717271509301364
0.9798088527213983
0.9823409121828608
1.0072708782333812
1.003943274026688
1.0074814943574664
1.0053230088490563
1.0037272529997618
1.0024768675837872
1.0003241389794728
1.003201907204051
0.9964405865529259
0.9968170352373031
0.9886144561910033
0.99602867290368
0.9933255412712806
0.997838998308969
0.9901572394461502
0.9919360443927357
1.0675495636829493
1.0682623696767075
1.0658213446019085
1.031822171446752
0.9866005191943744
0.9935598276691472
0.9904718519430608
0.9857617096150695
0.986940824407569
0.9953215631994669
0.9945035634705051
0.9831693644086087
0.9965273927896839
0.9970997810323443
0.9939190504173746
0.9960119918266543
1.0024114948202385
1.0022362321745157
1.0014639830541703
1.0012320083008286
0.9978540016399686
0.9951573581367543
0.9932020523527691
0.9981959239550647
1.0010323506224243
1.0004289704796119
1.0016610246620332
1.0004708543232101
0.9998939571648099
0.9999141144938634
0.9998917754393681
0.9999334227976867
0.9995886122162602
0.999562863746103
0.9992760332921767
0.9994674181892932
1.0037062312250937
1.0027528952063456
1.0051049004765384
1.0015175618443817
0.9994112386072284
0.9995452985499624
0.999140083768332
0.9997460674029378
0.9995427332314993
0.9993682881672529
0.999316842997909
0.9996926528336402
1.003956547976386
1.0053486240690968
1.0053900246579297
1.0025132452280443
0.9643964579316241
0.9415958718594939
0.9581144123960588
0.9534934321086679
1.0260989669132645
1.0252244562718242
1.022958249266764
1.0127332393888238
0.9302106845149342
0.917373139922615
0.9628806753016704
0.8771580892392828
1.0454784327543107
1.0372438672996294
1.0319383623690133
1.048190815201934
0.9857818210800271
0.9937268745027825
0.9913312845478602
0.9785324489101449
1.0003224678940221
1.00016351668167
0.9983996983076887
0.9980657411148852
1.059519452885917
1.0360025812588574
1.0132330191554193
1.0581895347440549
0.9913203817098083
0.9826027471664365
0.9898275892901274
0.9842299999074847
1.0044071910709476
1.0042029915733828
1.005191164277503
1.0028044109637793
0.9936671391917828
0.9973185714804573
0.994461789883229
0.9948888121489169
1.0949679683380975
1.0191377309382943
1.062079560302702
1.091594680872515
1.0095761019373193
1.0166428269436025
1.0336183111246005
1.0360556105399168
0.9941736881929155
0.9940294206089323
0.9921855370465168
0.993303934101499
1.000812916167561
1.0008270989701624
1.0002662722783207
1.0005613789442478
1.0033962642889231
1.008229236746455
1.0071077021196195
1.0046624842502956
0.9997073197881724
0.9999488959464582
0.9992841767881969
0.9993969975959981
0.9984516874067161
0.9979060943465986
0.9980547750801275
0.9975925051033724
1.016334152309721
1.0205038477933253
1.0156099155108023
1.0254396564412198
0.99630180445063
0.9971903623330685
0.9966935971376409
0.9957767791528382
1.004563679697401
1.007639895158517
1.0050180511884883
1.0074914748603838
0.9980417285670602
0.9969635911854746
0.9989536444143933
0.9991141150084741
0.9999210810902524
0.9999708199694272
0.9998875627292609
0.9998488422433509
1.0009294462086396
1.0025954929925815
1.0021118069555697
1.002480948041424
0.9998896676986192
0.9998945848113456
0.999886399086594
1.0000263697053582
0.9979746010699785
0.9987660891992157
0.9982158937077735
0.9982902775296927
1.0266588749028813
1.0162351234367333
1.0307088074555613
1.025445685355076
0.9996367089693101
1.00125959257761
1.001691284760367
1.0060287983697511
0.9993045241595746
0.9994259309344947
0.9994506722975635
0.999486077696038
1.000478832884594
1.0002651692000766
1.0003524304748121
1.0006156342592714
0.9981190367864599
0.9965597279734835
0.9970533918874801
0.9978584268900236
1.0245814813117635
1.0088417145566915
1.0255904649099004
1.02010208133566
0.9905711353867509
0.9666556882149523
0.9628365844324634
0.9703221480823577
1.0470652216140173
1.0534495976850122
1.0508756819782012
1.085797921466889
0.9821348937217785
0.9747233785080689
0.9689273758214422
0.9506729028021864
1.0914802271354016
1.0658832589149811
1.0846816015625707
1.0794790138771146
0.9813768526734414
0.9772229637660831
0.9821099600951047
0.9724306406005875
1.0031346040940747
1.0053813124437476
1.0032872190478466
1.00620316164615
0.9932190744655844
0.9926482656631788
0.9967427268528118
0.9960696600748119
1.0347033555859728
1.01467658836396
1.0123596306085207
1.0359887832920183
0.9963308219073002
0.9961153900463312
0.9963049301308258
0.9980989656610518
0.9803063044252721
0.9907659587438111
0.976024192737872
0.981955013489032
1.0029215397644407
1.0028352950264972
1.0049682262732311
1.0022985143890533
1.0103161256070106
1.0023245862526735
1.0120507607862042
1.0079972774320995
0.9968485209561285
0.9940332787174695
0.9952545205030939
0.9976432946844529
1.0157006790790624
1.0135827745180155
1.0254979363669305
1.0074215443783272
1.0093712967915902
1.0075979261378398
1.0104573955804272
1.004556833753234
0.9895610791324541
0.992622635242246
0.983707672100408
0.9679791015374388
1.0073524803822003
1.0098495847638285
1.0061291894528914
1.008345661845304
0.9949269094241872
0.9936822096319842
0.9950537402668928
0.9942218460220749
1.0223528799470774
1.0249633266917002
1.015365874927092
1.029041806007104
0.9985159990152688
0.9981320968386556
0.9991425765458344
0.999250653506156
0.9930850200027129
0.9999836501300636
0.9944159636175521
0.9924757266665604
0.9562050889041696
0.9871676691859421
0.967922333721067
0.9903051768906797
0.9937397710674014
0.9924704423534702
0.9915969334222636
0.9902611686457662
1.0314824571105847
1.0512712204274017
1.0249609389759256
1.0415504723813456
0.9892107361937492
0.9888085239688055
0.9825871978630033
0.9861379722384561
1.0073171977164663
1.0171255031145585
1.0174945497366157
1.0090234752213882
0.9963755873545846
0.9942138186755011
0.9965488135137084
0.9970094060597461
1.013798349565871
1.0148258042055482
1.0101096794314364
1.0167104231073736
0.9985589919508219
0.9996813050381017
0.9988982529917652
0.9995723411556127
0.9953990664201529
0.997085011393032
0.9929948188617397
0.9940939220592913
0.9984643057376384
0.9969222635902085
0.9986412429864185
0.9952018697179055
1.0057168560410001
1.009654623150287
1.0102265059085072
1.004760491147803
0.9974240536355335
0.9966979522542032
0.9990677425308233
0.997048226734558
1.0009918112548906
1.0007913214497417
1.000338122582973
1.0002410955837415
0.9982304463496887
0.999303461453739
0.9978641144038665
0.9967662823021913
1.0179371156014618
1.0053143125591504
1.0137308978085466
1.0168144990014203
0.9963570746867411
0.9963270891254308
0.9938633362247907
0.9916211447624699
1.0021280465524094
1.0031665383227935
1.0014441311060391
1.0041743706369908
0.9990660691593816
0.9988902888024416
0.9988655154572118
0.9989580015610945
1.000261408040569
1.000081552539293
1.0001816335743974
1.0001368875713905
0.9999714897101831
0.9999224283914905
0.9999328580168971
0.9998992219186114
1.0000469992845336
1.0000466138976698
1.000039217413049
1.0000399149703323
0.9998333236452867
0.9998560556931312
0.9998852532762058
0.9998803164140408
1.0033639998301942
1.002959990130807
1.0032961292255824
1.001916234295033
0.9993795090195376
0.9996218438379898
0.9995442749132912
0.9995666424607192
0.9999461807875402
0.9999326017516426
0.9999511671093207
0.9998524973908117
1.0011386093031411
1.0014789043912413
1.0009096350094278
1.001140870149493
0.9820030357119964
0.9823689674233518
0.9887414663751655
0.9826648457655903
0.9857914132813881
0.9819508063948418
0.9725232393369821
0.9636235732727975
1.00784323060379
1.0073476216253725
1.0039621519697528
1.0069512730312955
0.9987746584074354
0.9984836464791514
0.9984748757839144
0.9987540633242958
1.0001729965810664
1.0002887930126412
1.0002106637406236
1.0003310312820355
1.0005524252172526
1.0003313097867075
1.0003762901353215
1.000466196844548
0.9902249946419786
0.9964112361607418
0.9916529715725827
0.9924355215183225
1.0453923071686506
1.0279408395132044
1.0382688359072278
1.0388304072533927
0.994980195601171
0.9936317648187278
0.9975132245102908
0.9949792138039946
0.9870785635294862
0.9751294856472524
0.973712001894158
0.9817136027363429
1.0029669092776885
1.0022544006625924
1.0024602645627976
1.0045409856391923
1.005485575874023
1.011941799428284
1.0050651744592385
1.0299902076840801
0.9978866563965512
0.9951715955540941
0.9962403225001787
0.9930180377515929
1.0146615950940483
1.0110866666226597
1.0104301364417738
1.0060741888432423
0.9817288196255689
0.9889200399053166
0.9775855968311874
0.99084278538758
0.9995447995163478
0.9993388541044681
0.9992816564622582
0.9972785841037144
1.0156875298897103
1.00694632896007
1.0131785186344913
1.0341345201079943
0.9995163573853725
0.9983422910547941
0.9976545435463002
0.9994982709765419
0.9712200750290391
0.9795026630637196
0.9899409659456057
0.9574607563258145
1.0421226437394633
1.0263257834903914
1.0453533294839468
1.015696088982646
0.9932310659314192
0.9966524025265715
0.9962373637682674
0.9953947559500425
0.9971046299317209
0.9973523891748088
0.9973662821624911
0.9972067885305413
1.0348803569209009
1.0328132079266554
1.0141093244859214
1.0252164885674542
0.9933239136159988
0.9951516599696636
0.9930127818916801
0.991041960768293
1.0021718308012326
1.0032073827162258
1.0013642424513376
1.0028760274147333
0.9998056754346711
0.9998202606454487
0.9999853385666494
1.0001189215306405
0.9918705248313957
0.9945851945546623
0.9885261139226308
0.9950894040806414
1.00047707076679
1.0007945399209837
1.0007240915408424
1.0014519487040026
1.0135777031577706
1.0080876199487532
1.0064359077077756
1.0055007150475062
0.9426197076293718
0.9557063295864036
0.9668780980431451
0.9308578963213566
1.0163060966123922
1.0176549986928594
1.017940153665493
1.0152287663331485
0.9944895730867254
0.9959690346136365
0.9948465310664416
0.9964402485665701
1.005390432235328
1.0040097390591411
1.0039911230534673
1.0056355381525277
0.9900124336422923
0.9829771496819816
0.979103554076263
0.9819039477839586
1.0348394153558231
1.0391732106866851
1.0457408151569934
1.030933620313085
0.996240626776954
0.9876269564162239
0.9931213122694947
0.992754994251313
1.0022241971450911
1.0013733395355895
1.000476280198261
1.0024540038523568
0.9994412509201431
0.9992688864795478
0.9992612795798644
0.9992231305468726
1.0003732211045695
1.0002183732870313
1.0003937003858756
1.0004107565816251
0.9996546957515954
0.9981977872266086
0.9995906234322242
0.9983646861042311
0.9977868347088533
0.9986402707412072
0.9968290636538168
0.9975190877585705
1.0390011132159136
1.0341781654327982
1.0117158544893181
1.019165194307101
0.9901211866958315
0.9953753855748744
0.9912557878398189
0.9922789739959984
1.0017236192493288
1.0020538249508995
1.0010692178809193
1.0018930830136124
0.9993846883269523
0.999896619187922
0.9995621556508331
0.9993511569157226
1.000179438375557
1.00024591434922
1.0002097709051785
1.0002514263397373
0.9991997046217576
0.999040357266927
0.9988060188110427
0.9985280449381819
1.0092664254573482
1.0078154277117308
1.008929466428474
1.0073881510609015
0.9870230567356235
0.9644390220215643
0.9870574643949873
0.9670479819732409
1.0045254363710132
1.0092080610370826
1.0050553620952616
1.0078455906585035
1.001175994236436
1.002863907957349
1.0023795100852462
1.0012706684386576
1.0004791782134208
1.000242364263352
1.0001049012147558
1.0004758754483516
0.99985465585531
0.9999021108027234
0.9998877808670878
0.9999487919833367
1.0009073689913426
1.0010204216735699
1.0008149027252036
1.0008376588269494
0.9949274939589077
0.9948600243335082
0.9966597142471366
0.9936653744758378
1.0060686664124545
1.0054501797863178
1.0042599758050597
1.0047161519482342
0.9662847241779524
0.9787222992861145
0.9756649645279113
0.9887735421819187
1.0047304561321186
1.0050328661799617
1.002956765961647
1.0021776310727508
0.9991294017333046
0.9989564460171959
0.9995352084210082
0.9990002848557638
1.0002361749121946
1.0002154762333608
1.000110973785655
1.0003565847495697
0.9999605434321858
0.999948246957845
0.9999622219609979
0.9999447272962343
0.9999353420672715
0.9999472105629903
0.9999549264330163
0.9999338923953616
1.0003456403815174
1.000364996075227
1.0002606068678022
1.0003383520134441
0.9935912206977691
0.9942177375165864
0.9979701436854139
0.9934303374450469
1.001108885787182
1.0022435787863762
1.0022597238096094
1.0014807598021578
0.9994127575279665
0.9992218269903343
0.9994397628523858
0.9994146963640697
1.000881423007026
1.000885432282482
1.0012817008447128
1.0011259195737978
0.9965062511478137
0.9966692405088646
0.9938262733190681
0.9945371813000747
1.0362190937787683
1.0475351394076797
1.0211810406923387
1.0420571637979639
0.9754948787302244
0.985241203867538
0.9755604873023068
0.9814862950457846
1.01307428813908
1.008527929782351
1.0047274799181234
1.0068077015094308
0.9981658077195367
0.9976133661341656
0.9990154830479604
0.9985421314726296
1.0002915375581778
1.0004845968936957
1.000545449681203
1.0005202159023339
0.9971735740231883
0.9998670030879193
0.9990288386403642
0.9966759639868068
1.036128429020705
1.0733161417843164
1.003312565103915
1.030540995246393
0.7202785687376828
0.7782698289815693
0.8993453487777453
0.7823965735848251
1.034468241103141
1.0567579426841307
1.0404657658122525
1.0461087788528294
0.9914696660896439
0.9927880219807939
0.9881079668190426
0.9848267814681061
1.00148408795976
1.00184471772635
1.0021700118042538
1.0022635390607149
1.013316475500621
1.0071976279031067
1.0026873870653863
1.009710841488529
0.9934041417805399
0.9975975834641767
0.9928672503629233
0.9961540241234409
1.058034655482685
1.0306577251094842
1.0519658019126659
1.0936557858940033
0.9719963159793693
0.9829232112874996
0.9820652861819161
0.9920234931223202
1.003115710879363
1.003544727015073
1.004911410971109
1.003602323830077
0.9896647787703483
0.9901907519090388
0.9883687748722467
0.9948698699798495
0.9931343868242084
0.9945791603660896
0.9872982719470471
0.9986994877972026
1.003511961077861
1.0019423991529608
1.004951991829812
1.003601438628144
0.9424486302668792
0.9773755862933201
0.9514399406257644
0.9801276663896266
0.9945825180327833
0.9970969092084819
0.9964850424259996
1.0005172836072105
1.0058964558662458
1.0027816783490726
1.0037349244065
1.0063088543775034
0.9992916089981815
0.9992611885532057
0.9994992666750298
0.999309412278426
0.9975013226937334
0.9992346753066684
0.997407643742343
0.9959679444887175
1.016007880410543
1.0069213612886954
1.0217003258255564
1.0141298497930231
0.9948710553189475
0.9969489771301276
0.9949140296947948
0.992465734762739
1.0305229279903345
1.0196070688255914
1.0202066745259428
1.036978328872244
0.9946779144976224
0.9917409473504444
0.9948551902300954
0.991998319712239
0.9982919860082373
0.9978174555440747
0.9980200559560548
0.9988397738456429
1.0145184633957005
1.006891511119622
1.020424176784446
1.015623493070738
0.9977191843625028
0.9939362762520436
0.9947896559265293
0.9961526320886053
1.0009561776725884
1.0020271356446029
1.0012508330657874
1.0014458924525056
0.9997965957411573
0.9998316865187925
0.9998122368176465
0.9997567384493092
0.9994997320352139
0.9994291893804955
0.9990999528517356
0.9991246684796249
1.013439438527015
1.0155135959661974
1.0081622561121788
1.0243969458383113
1.0442157049932783
1.0311499530382495
1.0116617298516708
1.0403151364574121
0.9805102160959971
0.9844997709568183
0.983331275947502
0.9855172355986889
1.067880260262645
1.0243252157741902
1.071839541405667
1.0738765984326872
1.0009582732100994
0.996770328667202
1.0001430475065438
1.0004888556433618
1.0023864413458747
1.003394383441374
1.002826221585249
1.0012512707993404
0.884272505974445
0.8752133024189398
0.9680128200334837
0.9072883894845463
0.9946523740949723
0.984534896890329
1.006618822664398
0.9947258824646444
0.993187486515792
0.9930296229251433
0.9948949535174458
0.9922490801253695
1.0913761664913912
1.032998239229127
1.0470031932674626
1.0479716012625844
0.9898189847315583
0.9849189906488458
0.9602201491748851
0.977601350831488
1.090652221251403
1.0362780914293561
1.0556040422387145
1.0793968006350272
0.9865717379606931
0.9843612984949656
0.9791677409635133
0.9836149556063988
1.0168606143574441
1.0165927074858576
1.025038474885339
1.0170896317384834
0.9971633086084702
0.9969886963456384
0.9962914144251465
0.9982865165781323
1.0023511444188375
1.002748216833834
1.0005666549415233
1.0021722690241222
0.9974939393433306
0.9956842182518767
0.9952016718969452
0.9975701386761716
1.012381370131568
1.0138188284706924
1.0139793782779345
1.0231838059618588
1.0108610819804935
1.007334755237288
1.0025338313098409
1.009467198430336
0.9977681418542538
0.9982887005186966
0.9980697289212209
0.997991898011775
1.0010386849567912
1.0013882921534778
1.00138959511144
1.0009373953393481
0.9986189629115677
0.9964725801516243
0.9971153795689199
0.9978910020314832
1.008407242580291
1.0322788338334494
1.0367321032781298
1.0232790427042064
1.0316710508126947
1.0259210784104482
1.0071672615635487
1.0346478673270214
0.8148764451913878
0.8517366444733527
0.8042491862276719
0.8571834998929222
1.0475036097555914
1.0259444369312627
1.0210064914523618
1.035059848533942
1.00049244515934
0.9988680696707375
1.003901066472223
1.0018555733816796
1.009844740047585
1.011215620808771
1.0039470080266961
1.007866204786775
0.8978766716386016
0.8863517625207135
0.9386634393819062
0.9239085034844184
0.9793626952531777
0.9597538070031014
0.9812301494062573
0.9557125424842757
1.0074455552286872
1.0097602412019697
1.0049736406846823
1.007458564198997
0.9900081589916144
0.9929135897892833
0.9908824971672247
0.989660617253389
1.0366687328857518
1.0183083585324428
1.0176520641603486
1.0345830724923353
0.9852498540902871
0.9879202079896894
0.9795248512394522
0.9944365222972336
1.0015854185896227
1.0024181643328645
1.00295039523895
1.002702934332656
1.001467052952649
1.0011434347330501
1.0013421630658328
1.0011073584590515
0.9844953310445945
0.9848379589473635
0.9959544424383316
0.9824737809255064
1.0186376888352067
1.0413151762396484
1.0239222275428714
1.0217452642404319
1.015444684722578
1.0195666605116935
1.0181106911765574
1.0037939322486096
0.9890063286352104
0.9894018407338627
0.9916425522358574
0.9932271587672087
1.0207135928330286
1.0568163582051453
1.035554411885007
1.0674244720046289
0.9714547135901723
0.9907374465998722
0.9711802631859353
0.9829406291356093
1.0088562425925283
1.0082788833338332
1.0061092863426286
1.0066054249436374
0.9940453414969985
0.9848929614464108
0.9888680184234769
0.9917518082177285
1.0416794548896493
1.0592243358328868
1.0418763161935387
1.0535258163558758
0.9949040718449047
0.9894200429457692
0.9950318500942545
0.9855374878328498
1.004732283256845
1.0038414117866232
1.0035943039941304
1.001938982073214
1.0160403108531317
1.0125828002684298
1.01285944521916
1.0097285638498066
0.9413446860800674
0.8858544558683927
0.8913774471564819
0.8881332199119736
1.0230435127923028
1.0241011055357558
1.01642732833533
1.0090372861250658
0.9952583301974922
0.9965864961159459
0.9956114055044062
0.9961824837932483
1.001591353646924
1.0007908484428314
1.001268426815729
1.0026707573240115
0.9995205156419898
0.9997221280736067
0.9996547696014405
0.9993057536475182
1.0001560886176177
1.000189253069627
1.0002075678690032
1.0001980402844006
0.999742155772094
0.9998265594928062
0.9996877939978038
0.9995975937550952
1.0017646506249864
1.0020790006683535
1.0014683509661118
1.001596770190205
0.9910750568249634
0.9940658436036224
0.9902545724418561
0.9881119748529272
1.0047963598535308
1.0063060685124166
1.0043715421021013
1.0052515406697533
0.9594308155191315
0.9954392652839943
0.9686263245744501
0.9789041300198011
1.0044115158752485
1.0039896295596469
1.0057701642200059
1.005585970342666
0.9988428858216545
0.9993646731122532
0.9993851442885398
0.9992834501004455
1.0003539074730192
1.0003430471902455
1.000278221299131
1.0004581985114052
0.99571640580131
0.997833689941928
0.9989080058219575
0.9969993171352981
1.0151979083620373
1.021357888663569
1.0308519201639272
1.0269160132523418
0.9918760000977566
0.993719075179888
0.9934139144910475
0.9970965445174806
1.0046079051968055
1.0032086511005656
1.0040464479637754
1.0026742003901938
1.0082037128396788
1.0019722482157205
1.0020463928655985
0.9982202566556598
0.8739604806786729
0.883626109171641
0.9410147237089991
0.892875313806503
1.027869795096892
1.022224433331565
1.0296707961986837
1.026258135915033
0.9967445175880144
0.9983761509114167
0.9956207094196647
0.9986286786930397
0.9939007424609518
0.9928716599280415
0.9934559634225907
0.9945820168481373
1.034505192401747
1.0325202321737923
1.037253936935653
1.0461023975909096
0.9973372672177259
0.9956659995365617
0.9952555913660964
0.9994083839262666
1.0145749687174004
1.0147329649637074
1.0091953246857739
1.0110576935465123
0.9929127136592606
0.9879626003426694
0.9912909340469016
0.9925172356468929
1.0216740815635832
1.027347116787416
1.0101890559281
1.0329292510282708
0.9947046970645906
0.9902174998660727
0.9960301540305417
0.9924807476067138
0.999939917348502
0.9999483874626931
0.999593114255877
0.999765761321035
1.0127956656988861
1.0109570168611934
1.00969556577952
1.007665589558794
0.9370304197978433
0.9821842907601912
0.9285874846567955
0.9133518412872597
1.0478034640541314
1.0317624728031805
1.0263304768537775
1.0340509224492285
0.9906618942990651
0.9886930706531502
0.993029174811809
0.9911722239193343
1.0066827117028
1.004609640269072
1.0054732476310542
1.0056582357054202
0.9826790396223517
0.9682621577905068
0.9839282340731634
0.9700627273112254
1.004675799619749
1.0042898576954005
1.004856139232451
1.0038707024913076
1.000226602800602
1.00019043104404
1.0000713761825382
1.0019708865041423
1.008831191177079
1.009464593605319
1.0019578503348396
1.0178630788284277
0.9973187618446808
0.9974807056810491
0.9966362309557689
0.9973585361199777
0.9849920787851203
0.9933718143504495
0.9882993426072814
0.9846360212295227
1.0340355071940854
1.0330616933936247
1.0356167878326736
1.0427235427459376
0.9933256221598888
0.9916281674411971
0.9938517081260761
0.9952295049413522
1.0006249795291375
1.001018602793826
1.0010916975500768
1.001587030374906
0.9994783948389996
0.9997193094144885
0.9999125117812272
0.9995462915826844
1.0004904721836114
1.000222709874525
1.0002952822789424
1.0003258144801115
0.9986699763883938
0.9988819790690112
0.9987280523605281
0.9975513078763643
1.002011135476674
1.0019788857608667
1.0018330808564617
1.0013571644010595
0.9914925308828182
0.9943374208304698
0.9922837904484219
0.9898316229398403
1.0022846877603142
1.0017287866426143
1.0017839680908016
1.0020206655791648
0.9937948160699795
0.9955066573871086
0.9934579497571883
0.994786182585737
1.0147541396904163
1.0142150780394394
1.0186831515369752
1.0071973782301231
0.9963202438706854
0.9981429180905399
0.9968697023922986
0.9981491685376589
1.0003190320234285
1.0004753434899312
1.0003471145508305
1.0002958911620976
1.0027020759815128
1.0020689350041865
1.0026207146380313
1.0021179893462475
0.9779643376760858
0.9789520031989558
0.9724420127266953
0.9797718001653217
1.0072026490192556
1.007980195967685
1.0072669114706982
1.0052590909981705
0.9981060298720865
0.9986750313077495
0.9977492569775602
0.9988049464959003
1.0001663258627176
1.0003752238108647
1.0002975368149742
1.0004191800613298
1.0008776349756856
1.0022995273983264
1.0019423526783988
1.0018499213315595
0.9951610240218484
0.9918047303991864
0.991405163127322
0.9907747329948747
1.014899445650072
1.0455005491601712
1.0548831458856407
1.031910543073431
0.9943354756601807
0.9953543976164115
0.9935588324682494
0.9959445836377565
1.0024829421054398
1.0028417033395272
1.002409776312078
1.0016840755421828
0.9914622940419862
0.9972683543987263
0.9884979120466815
0.9938473093256625
1.0666703442246288
1.06406529818897
1.030657196973756
1.056265876707315
0.9950857902043523
0.9960864206020035
0.9892400918104147
0.9905895637116416
1.004641101872776
1.003520523632499
1.0059367655303522
1.0022521446402317
0.993056014702797
0.9940870072975241
0.9970481114539245
0.9923342368778452
1.0234718443742479
1.0299834896319078
1.0344241469840159
1.0285482755694209
1.0076739477540757
1.0027217247361713
1.0039475891778815
1.0044168941607725
0.9282480792905834
0.942545987677961
0.9186377946317996
0.9208418679478803
1.0381113367232424
1.0376275598141225
1.037675857712989
1.0441775203322645
0.9892578962040938
0.9914385798078091
0.9920628778824168
0.9910347480941273
1.0026728027432459
1.0032611295754967
1.002208709152606
1.002027073389526
0.9975582644028658
0.9975234086616371
0.9980718407697072
0.9971935284360368
1.0005979335763484
1.000587411249157
1.0009052068723414
1.0008490832219727
0.9997413483892212
0.9997049597209814
0.9997639264522818
0.9998029993695879
1.0000715837027492
1.000031939148312
1.0000599211335595
1.0000611752287403
0.9999881570024508
0.9999825851695844
0.9999851379066904
0.9999826856969498
1.0000158798956316
1.000022597488106
1.0000158129610428
1.0000189919748026
0.9997742277785138
0.9998630581939293
0.9997055968448216
0.999919614798757
1.000033409411375
1.0000408202116786
1.0000643095628252
1.000049428257853
0.9999914487232571
1.0000134805203933
0.9999971746531936
0.9999972310103749
1.0005808799184512
0.9996448763360416
1.0001159531115038
0.9992078699317161
0.9945405290710958
0.987079839248703
0.9904077191620089
0.9851656984709821
1.0065738488082183
1.0111537868363871
1.0180665521456687
1.0147424187482084
0.9975076737984381
0.9973417212403369
0.9947369233995679
0.994705419723835
1.0028092464511769
1.0005664713996805
1.0012301682502904
1.0016347677353006
0.9993244527073464
0.9987869332466704
0.9978648935926179
0.9988334631532104
1.0039457536945366
1.0090598856533914
1.0116102023777946
1.0080230073827154
0.9978096422450056
0.9981121577221034
0.9964170073428957
0.997781662911237
1.000645713396184
1.0009158115536043
1.0003376967446098
1.0003808876070086
0.9996048177012269
0.9995933734124802
0.999551151057925
0.9994491757472944
1.0085304280786374
1.0001857947160298
1.0003468454771502
1.0066536926487735
1.019425438880858
1.0221649769610783
1.0220580899075948
1.0173459199110875
0.9932507674160169
0.99125388599953
0.9891096221340441
0.9865198491417181
1.0322088232005286
1.0270174415722948
1.0132407460776003
1.0488333935638525
0.9811457987803889
0.9850236215521608
0.9858889367102653
0.9737091277774349
1.0576779601291932
1.087925683370422
1.0953727197613445
1.094928662693077
0.9849914795929168
0.9853441266551042
0.9879518009443587
0.9788607727076383
1.0188580139577794
1.0113212775543852
1.0127837493067475
1.011276445227242
0.9407236548495924
0.9644919205694686
0.9521085655490222
0.9478561384715312
1.0479534830899795
1.0438772193869033
1.0356410991229354
1.0274817143096624
0.992933243418307
0.9967427210127797
0.9919141501312645
0.9926032978018117
1.001426141170572
1.00195015915137
1.0015993648097803
1.0014352479518394
0.9993835830057842
0.9990322476276591
0.999000741411194
0.9993127076596179
1.0035737186770128
1.0027349488332828
1.002383252174108
1.0017412730757689
0.9864244193613789
0.9893577497446321
0.9867604111007373
0.9879804851220351
1.002326074345103
1.002454836738778
1.0021352143051538
1.0008304050131742
0.9996670912810021
0.9999149314716651
0.9996647848996469
0.9995912441726511
1.0000247862605516
0.9999878815968077
0.9999552880183095
0.999972738067494
1.0007628443589793
1.0009637350264016
1.0006007458119697
1.0005723397281507
0.9982287740730517
0.9955617608508749
0.9944876486772922
0.9943649721894532
1.039146761601828
1.0572439546307608
1.0431123869836563
1.0188922679164556
0.9920851685768177
0.9928247909799682
0.9901624732066625
0.9873638189999443
0.9966562190024907
0.9957196613192517
0.9892485808604651
0.9942763789952314
1.044130146424794
1.0601039474714669
1.0502563865173449
1.065983441048266
0.9860106769419528
0.974456471694258
0.9730005904082584
0.9849133464143044
1.003835104223516
1.0050123877654258
1.0071036941206237
1.005348131339838
1.0012648401710336
1.0017518975933515
1.0020792957364846
1.0001057416910144
0.9988986491313346
0.999203161762796
0.9991806758355279
0.9993920273485745
1.018967622213403
1.0126080790396792
1.0105186540662034
1.009174472142067
0.9441965224976574
0.953902346964271
0.9106410199079343
0.9382316469423659
1.0217198156342047
1.0205486493158327
1.0139737663895134
1.0186364872107563
1.008139189723133
1.011150912338519
1.0093011269835546
1.0101855292554105
0.9694002725344987
0.9865739449303235
0.9471188803957907
0.9529569147069826
1.019916760395699
1.0179875706657586
1.0128574738087381
1.0118499020520844
0.9614533068923367
0.9469304465793648
0.9658863675478665
0.922558729880062
1.0049485349547815
1.0211307166562662
1.0122460664840167
1.0035509419486233
0.9958474369299124
0.9973845385548313
0.9939231843475961
0.9943356759171347
1.0261115388255346
1.0300919893347662
1.0493972974150612
1.0724292728943912
0.9851731731619099
0.986087419739733
0.9886663658462671
0.9901568185775509
0.9914068818653214
0.9864407572398507
0.9982121353151862
0.9915326902622802
1.000483266243818
1.0000735129894516
1.0003514874859172
1.0008972713805273
1.0067564085890703
1.0172405214105258
1.0132127601442606
1.008256579764141
1.0587859415147827
1.033257942247861
1.0479231482734277
1.0352392185515948
0.9885713671415203
0.988542797780996
0.9926851783201782
0.9867201616941662
1.0038410126461685
1.0054378871575418
1.0059161188703216
1.003592856552985
0.998661238147435
0.9990127026823846
0.9991780755166385
0.9990111720218415
1.000156806055284
1.0002271181143965
1.0002524411258924
1.0003470412436732
0.9997326797711759
0.9998672031130728
0.9997942643257304
0.9997999407395761
1.0008331610057755
1.000762828813056
1.0012706272384442
1.0004893604349838
0.9934787199446441
0.9940849460105705
0.9948843781298773
0.9960929300392621
1.0519278843037394
1.0433598059900946
1.031978321325081
1.039306210913157
0.8034040718645666
0.8181005401616451
0.7798388508050839
0.8274291229349238
1.047135327806099
1.0705868483867864
1.0964456973306889
1.053893314330095
1.0182959715081101
1.0088296628058262
1.0114411832016628
1.0220809090900387
0.9964804838993274
0.9955589356655326
0.9934800909751073
0.9966798716141426
1.0011357409738313
1.0010278151305083
1.000884401350989
1.0013153499110803
0.9943671133637966
0.9976346758732942
0.9949340865781333
0.996256706764146
1.0478712872177682
1.0323240835531997
1.0252020746965103
1.0518534592621458
0.987058282693151
0.9795572606142334
0.982120473458826
0.9847581513790192
1.0023680498823546
1.002085238976211
1.0038791472176167
1.002472954118833
0.9996691432240118
0.999604074156358
0.999652015206507
0.9997840864017349
1.000028657792564
1.0000499727289955
1.000119293515664
1.000065677621472
1.0000215357629025
1.0000225619740828
1.0000202212185592
1.0000289321356224
0.9997961344726325
0.9994207460391008
0.9997486059526998
0.99960250594703
1.0020226850017189
1.002033175678185
1.00256701559514
1.0026863503922805
0.988715439628868
0.9880814759614704
0.98401105000275
0.9887877383851189
1.002714936356545
1.009512542294356
1.024396680015319
1.0228105211478193
1.0851802483895923
1.0921113838304315
1.0795671845246924
1.1047769851895801
0.9846907613191783
0.9722343383118086
0.9803794800243043
0.9755054085341268
0.9990483035002611
0.9991264578090375
0.9984132446437265
0.9993596778613082
1.0166707315406167
1.0120425361232543
1.0138359139807736
1.0077826636018137
0.9931533324276369
0.9714269375308222
0.9780578686030206
0.9834336721330116
0.9998249599228749
1.0004823786729589
0.9984290302312009
0.998767431577366
1.0660458578615086
1.0677321769368318
1.0612479765015035
1.0625076184846132
0.9697124483993074
0.9838302210259596
0.9785731116326152
0.9620627470134161
1.0099901611609294
1.0147176306601051
1.0066104426671159
1.0143203747725986
0.9961935250944984
0.9960061167100461
0.9938966908350562
0.9949415107461255
1.010783582732985
1.0128808532322309
1.0010813983956757
1.006734142732677
0.928500490406735
0.956111548444001
0.8991220552768284
0.91752909532052
0.987919904105095
0.9871106773257312
0.9877358232308698
0.9972331703273756
1.0142381379161098
1.0055812778353597
1.0185884699348828
1.0109481232488369
0.9957738061361665
0.9962724560411693
0.9973352646248727
0.9983680806748082
1.0047735641620736
1.0076340727400568
1.0061980319859953
1.0064063301314987
0.9569486249867007
0.9625894504653146
0.9855777890007653
0.9601859480762024
1.009700750774491
1.0093808873633576
1.0081696979641954
1.0078146433978574
0.9976352049131538
0.9961097065383564
0.9967051659899658
0.9967236311839984
1.0053185995192564
1.0141525412653032
1.0099455379583315
1.0172808450917274
0.99285557844937
0.9920625611716202
0.9928306536787948
0.9884821182866285
1.0128554171343345
1.0280898104035603
1.0211826500915662
1.022547537096723
1.0043014862667439
1.0031297077845913
1.0013178330473793
1.0054144957420361
0.9989854072594878
0.9993284991218481
0.9992752889924941
0.9992760888725225
1.0002719849506456
1.0001307915969064
1.000373117921098
1.0002003884754473
0.9999621650247198
0.9999718414118142
0.9999375289734809
0.9999314146714566
0.9999614333422455
0.999916653573738
0.999858431906648
0.9999030690368839
1.000629149686662
1.0005115477447246
1.0009081220597165
1.0005048871071571
0.9958035575080366
0.9983786848784236
0.9931492498841878
0.9967177360172994
1.0300234724528168
1.047190311149616
1.050219956320859
1.0289480660478363
0.9917894874735651
0.9910106803331359
0.9933280020976257
0.9899472176550275
1.0037417435198226
1.0058194367988533
1.0046259910348112
1.0040370321758219
0.9896162355928132
0.9942381868657808
0.9899341151569013
0.990588273071915
1.0036085285017473
1.006251585156723
1.019967587724246
1.0056802068687685
1.0099217802665792
1.0200701904439116
1.031133245826107
1.017862839691244
1.0079807418405005
1.0300730751333453
1.0206581300278297
1.0186306369103657
0.9964700476183052
0.9926454804652987
0.9954192936177567
0.9966728449267735
0.9996989405382976
0.9992681180572327
0.9985593610417567
0.9991420215429806
1.0173537296591082
1.044119705155586
1.0171578196250821
1.048904829334857
0.9836704757795807
0.9860513208078308
0.9924416413732425
0.9908060720275428
1.0011040908199926
1.0008876407159737
1.0013282382264195
1.0013794941385186
1.0076631820370872
1.0037297949899464
1.005371597252188
1.0090770653735912
1.0305054139954917
1.030486294318882
1.0065566755316007
1.0222851306278382
0.9671331652663144
0.9700798823148582
0.9469134599813653
0.959799572385308
1.0643428773540782
1.0400036097140437
1.0641234553863528
1.0558552816757227
0.9751166062692239
0.9957307948043046
0.9849087387834278
0.9856919183223639
1.003871609385831
1.0036004626096895
1.0029463424769127
1.00246670824941
1.0002978710562012
1.0002512240542496
1.0006829564919242
1.0002340973139667
0.9839013330499676
0.9936662611960678
0.9885619720386104
0.9911528698084449
1.0019192625759756
1.00195366248157
1.0032690078120199
1.0015203916431479
1.000925213947433
1.000846129812376
1.0008687704899981
1.0007498562087094
0.9889290310518808
0.9924711008521804
0.9925659627530999
0.9887798576079073
1.016636575708058
1.0255468201982865
1.0219894914629641
1.0216103186867098
0.9925708579488923
0.9897858784690776
0.9968210015654734
0.9932128821862353
1.0015903635564298
1.0009896823696847
1.001615355022832
1.0015197980138049
1.0003012622945582
1.00027889584566
1.0000289915774618
1.0002395340063128
0.9863026192165032
0.9866259707649728
0.9935225661029189
0.9834913728324924
1.021452755411572
1.0189615247013837
1.0233740148723474
1.0079797276695273
0.983171683182333
0.9283407276719916
0.9842031867894715
0.9229601279976628
1.0156407593834096
1.0178339179602975
1.01465710684852
1.015448482057342
0.9977669690626292
0.994489873744637
0.996089625741959
0.995232700545163
1.0004129460210596
1.000818461146896
1.0004859076475918
1.0003511946835593
1.000033755076465
1.0000611039071654
1.0000185613144452
1.000081161830311
0.9990062522010762
0.9992537569088302
0.9992213067993466
0.9993270888020507
1.005661310597178
1.0029866004949746
1.0026111448073562
1.0018659024091905
0.9879187514453499
0.9444227477750097
0.9826426931680743
0.9467224830179718
1.0245254533931476
1.024200056452216
1.0170199487101066
1.0169925782583635
0.9774385673796282
0.9644929301030671
0.9696173789281067
0.9609302452995733
1.0330866914227461
1.042354755502909
1.0465091418780585
1.085863088647163
0.9774918974935463
0.9943328676916289
0.979339516234057
0.987991337680586
1.000091150163998
0.9999128028600216
1.0001071471369756
1.0003163796366799
1.000894858281138
1.0016492851853123
1.001384733311753
1.0010733843494184
0.9983342693759507
0.9981119529006474
0.9980444646296001
0.9985824552948156
1.0169987435846748
1.0133326590223206
1.0106875308584617
1.0184683153411391
0.9906582830277919
0.9824433708426068
0.9911971153226434
0.9841965324734643
1.00277987284937
1.0015814727974375
1.002559714043704
1.0035474844416574
0.9987326352745387
0.999034600530369
0.9995313706925759
0.9989254240696877
1.0003530633210769
1.0004057793002996
1.00032025063004
1.0002669441451129
0.9999472419664214
0.99995028766445
0.9999775979603742
0.9999763887561524
0.9996833018161778
0.9997404870728512
0.9997840333193143
0.9995709149749495
1.0052431964012662
1.002594675050843
1.0015607835486124
1.006709386073258
0.9986665170067752
0.9983194387210834
0.9984647565102842
0.9989422011522623
1.000165902982592
1.0002345705817945
1.000216006653094
1.0000855192733336
1.000320036287456
1.0002225059417076
1.0002488204245745
1.0002732095373725
0.9965378660442323
0.9986888272576651
0.9976358932140001
0.9965040377479032
1.0208785166572238
1.0151293889957347
1.0134774927886074
1.0244297262875
0.9956549926579422
0.9953040708507899
0.993328789333699
0.9952414958347471
0.9963322555867344
0.9910271424478689
0.9826581638493326
0.9845652352165671
1.0671867001241548
1.0561749034076315
1.083505050646523
1.0857614026301161
0.9809068944478451
0.9836503656567508
0.9684458666666874
0.9930050123296321
1.0013810825486622
1.0021916344659016
1.002941527168335
1.0032933625406018
1.0019201204880182
1.000845887983525
1.001797230461117
1.0006546596274555
0.9981663133899161
0.9977492378060754
1.0021236722681275
0.9965821398282936
0.9524041443151389
0.949526063405647
0.956185972508043
0.9385010868022605
1.0137075312850274
1.0069351064632086
1.0163700515877698
1.0256501470683788
0.993885306379218
0.9926588003279089
0.9934831020443681
0.9954609303025276
1.002500599194705
1.0009906675086637
1.0025906253894474
1.001376941167473
0.9994946659994101
0.9992989766296
0.9995902941605986
0.9994276404209943
1.0001592522772655
1.000302496601901
1.0001565435967619
1.0002736914875872
0.9996735037038875
0.9996960275242863
0.9994350018613901
0.9996836335608541
1.0020056155645563
1.001587421898597
1.002435954938437
1.0014656073041908
0.9925359873973548
0.9943879883682532
0.9802729448129197
0.9889631421250745
0.9990839118155972
0.9997545997953277
0.999237708882403
0.9997509345706348
1.0370922011841042
1.0261858785015563
1.0481697241620747
1.0540209141221124
0.989868788982947
0.9955663546507701
0.9873830963584965
0.9890449701473487
0.9655788417836543
0.9742962148071515
0.9666966882121316
0.9881602428614664
1.0068954595417574
1.0015491014320939
1.0035299433271285
1.0033985424521061
0.9990288676418239
0.9996766837466186
0.9993734468614911
0.9996419515829968
0.9930410457448874
0.9944589861466129
0.9893984725474346
0.9861207433324428
1.0029709767599728
1.0016606040753417
1.0040797024147152
1.003655002591193
0.999859697876196
1.0000470635559984
1.0010123544144593
0.9997062200357123
1.0000265228625194
1.000035731394617
1.000014428342409
1.0000160452114648
0.9998282589901869
0.999847134078398
0.9998641760945044
0.9997942734902382
1.0019942594746962
1.0023217498475756
1.0028958599962878
1.0010913476783079
0.9947233353347494
0.9849371438771781
0.9826526115550525
0.9918059882787852
1.00188890691152
1.001970963525837
1.0023157021794842
1.003316597809949
0.9997540402191163
0.9997437897794702
0.9998243032314249
0.9997092722496222
0.9984252807958001
0.9976467365522996
0.997568313131142
0.9980747865669044
1.0154507342152368
1.0054572740024814
1.0127612855239734
1.019104101781747
0.9980683293626652
0.9978386204489793
0.9968854786198192
0.9970401217360649
0.9959501815989847
0.9910318987240199
0.9925484169163153
0.9876514836563444
1.0134863990951675
1.090594773966191
1.0756859977985866
1.04995877105391
0.9907413427144518
0.9842658641916652
0.9865828864722852
0.9892083972929326
0.990262385938127
0.9866328174826843
0.9844738016820738
0.9899441041733882
1.019992408440043
1.029417652392085
1.0243201883736526
1.0128295228506918
0.9800996773857403
0.9782588153359499
0.9811467988733145
0.9759721363143915
1.0128716975698953
1.009808632522583
1.0056982149937093
1.0126524421347702
0.9980123986781226
0.9979094006281084
0.9987721663708393
0.9967557042687605
1.008768079557456
1.027875179836843
1.0183537952653812
1.010041572082396
0.9985345016593558
0.9964856560549722
0.9981757215706164
0.9973653236545966
1.0000954860571918
1.0000876742011844
1.0000910225213406
1.0000869112940156
1.0015977007930108
1.0010736004727887
1.0031058035687055
1.0017208233675183
0.9981446947441086
0.9986870525943087
0.9979400408179121
0.9989937552262135
1.0026113854923473
1.0063222143926356
1.0108320039847962
1.0142344044587308
0.9990023328859341
0.9962456807969311
0.9983164722226511
0.9977525763152043
0.9989696449576919
0.9976005187273972
0.9986836909437127
0.9978737641671441
1.0175078148062835
1.0080414352759939
1.0059226881723193
1.0160308109275986
1.001009656833678
1.0001731780891745
1.0004309454853355
1.0006608832035448
0.9896839847133949
0.9753081792658311
0.97238753932578
0.9752026438010615
1.0430459064201871
1.0150560467421332
1.054819407593983
1.0620789231701369
1.0062941889715191
1.0100837476282427
1.017148992683103
1.0171327969344774
1.0508551903070316
1.033703665547455
1.02090702330682
1.0429458551527617
0.9911828174198206
0.9830670511350836
0.9913999260181536
0.9867591244404672
1.0031914206414396
1.0079635549987074
1.013428799963561
1.0144586201035544
0.9956717833379923
0.9927954143890048
0.993447209456072
0.994491485353433
1.0088626608988631
1.0043777564297505
1.006360072776242
1.00920219683989
0.9980968445919326
0.9988070392076084
0.9977552901137289
0.9972181734072536
1.000379222891303
1.0002611355296231
1.0003531140049273
1.0004452431313153
1.000065414653783
1.0000814459736422
1.000078963185113
1.0000508903341019
0.9990030261959101
0.9986379416640194
0.9984282514941897
0.9983793414112718
1.0099399149193418
1.0120917017576163
1.0080961288282726
1.0081615595896214
0.9323500142596853
0.9563828122591004
0.9315343410061436
1.00651444195649
1.0062275057311456
1.0117974445132158
1.0101395107428048
1.0053125308557649
0.9941705807169512
0.9934471532740002
0.9951504691167303
0.9888610435386443
1.0341501996572882
1.0455155403549308
1.0133682440432223
1.051106010155472
0.9947409219789299
0.9946715025655933
0.9948022903471367
0.995490158227913
1.0012874648231322
1.0016777544087279
1.0008946503126301
1.0017925581013296
1.0033330396520401
1.001845596103173
1.0025470242180683
1.0009877595208898
0.999758754141079
0.9997567432483695
0.9999126427308164
0.9998685251995582
0.9996956882128895
0.9996981124862908
0.9996369186502222
0.9998726678329622
1.0023463572739364
1.0020665264824868
1.0016838295803925
1.0019144106926945
0.991094347547059
0.9873834172520272
0.9871129382260733
0.9898955868084853
1.0032494202924844
1.003109522768241
1.0034421216384546
1.003725588744026
0.9982707016165254
0.9979583944727589
0.9983544811511789
0.9988908349987607
1.00455218371247
1.0037731830857342
1.0022825790300538
1.0024672494534184
0.9886640173391568
0.9792317926478173
0.9615174127155268
0.9605812470758647
1.007922299536256
1.0119921633377165
1.0121277040170655
1.013235808922741
0.9993399165531011
0.9984526400115874
0.998643087699703
1.0007218931108084
1.0390793906184441
1.0140899931096503
1.0260914812412734
1.033633266458426
0.9763219861539285
0.9743640785052964
0.9919002557690918
0.9768440071246868
1.0475259074417163
1.0482966179684068
1.0172263303511544
1.0480743932915382
0.9933630142536013
0.9808497961287493
0.9884060177708808
0.9910340716673343
1.0031837565969373
1.0033314951694097
1.0033166039794863
1.0029147797302798
0.9951633029803525
0.996494063141308
0.9927505734851491
0.9938940959170325
1.0397282288876841
1.0376598735908233
1.0483212984948138
1.0537401773805402
0.9856611911977625
0.9840447516814618
0.9840335778243308
0.989925878767155
1.001099860049012
1.0050024305504353
1.0089930328281256
1.0125270906432842
0.9984799529277029
0.9990894563376331
0.9984163035358923
0.9984011832619148
0.9968009457462772
0.9982743766927729
0.9981747863422153
0.9967320341202771
1.0110459013408373
1.0159179007486465
1.0112728546774783
1.0207266935374086
0.9968170001461752
0.996796826152647
0.9976416312362631
0.9975930912839861
0.986367360000002
0.992612747060139
0.9863142073944048
0.9924982478891365
1.030318433424734
1.0541851937918956
1.0437305772527679
1.0545154147679978
0.9987024952160614
1.0087566228048346
1.015320533125449
1.0082602297704315
0.9913060032108973
0.9899071497285271
0.990630405731531
0.9940788137392935
1.0293622268225209
1.0242234219522788
1.0341287846972782
1.0209677748785255
0.9910958845587455
0.9906787812273241
0.9947630438323589
0.9890321657534041
1.0176389639644428
1.0153302267840298
1.0099308424803535
1.012350026708526
0.9436748831498107
0.938667103682926
0.9132437417942784
0.9091964670269542
1.0129281255741387
1.025739439828266
1.0363499054843242
1.02421234835138
0.9963272483911876
0.9956517587304362
0.995496311314427
0.9954761965791601
0.994055388990866
0.9938497571572259
0.9922550028287711
0.9940968132386084
1.0462247582247703
1.0468931315254877
1.0486065307403531
1.036136845116339
0.9899106659246747
0.9852149768422106
0.9796954689326816
0.9892578314157725
1.0499081546401763
1.0662003745360256
1.0178869279520957
1.0601932112749393
0.9855689753392121
0.997943932277623
0.9872825571864089
0.9892170615926227
1.000895218079253
1.0018993208125118
1.0016743383203544
1.0022922148433535
0.9978389833753221
0.9990264093623924
0.9982343466461413
0.9980619537719966
1.0034369623683388
1.0081122741275457
1.0085942713724558
1.0046084704181413
0.9996104595092599
1.0000552644724419
1.0000771378645643
1.0000367796441774
0.9964952009093586
0.9959369876599629
0.9962461590999895
0.9943178954860947
1.0281002778751156
1.0372757317387382
1.0429245488688565
1.0207378606087512
1.002349341110641
1.0184904706625015
1.0124348108352978
1.0124545997742453
0.9491278670043599
0.9795814667492762
0.9764910841866358
0.967822753372446
1.004514928302126
1.0033408834036572
1.0062012147904191
1.0072283728520284
0.9980500437086154
0.9948548215970779
0.9957736237231657
0.9985257070245868
1.0190450162123086
1.0052394071221995
1.0074396777439762
1.018109329641648
0.9968668620596415
0.9980018800335827
0.9903713841741383
0.9976972469785096
0.9964274889713474
0.9962413387836683
0.9953059614634837
0.9962961010057112
1.0296775260029387
1.0192983252656826
1.0117406068729782
1.0245641075232153
0.9950925833131021
0.9928065893718037
0.9946161145028016
0.9940780854747359
1.002272432327762
1.001693726484341
1.0022281524196377
1.0008893187316186
0.9997552048350299
0.9996731511985438
0.9997292151055086
0.9997979505345268
1.0000703586421529
0.9994427671463978
0.9992270704952823
0.9998252103111379
0.9913417987709343
0.9898729875277882
0.9864608404233681
0.9859560209563173
1.0336309908289134
1.0335517662401497
1.0455332474935595
1.0321425487852502
0.988467216818976
0.9900943715888766
0.9924606280924573
0.9925931612523898
0.998779718038088
0.9960281365435643
0.9971748430373708
0.9963017548151482
1.06067635340785
1.074974278037756
1.1023990301527538
1.0153606715079948
0.9900589844522283
0.9959234279878705
0.9952588304228898
0.9876894239735724
1.0027320592954505
1.0029388550258629
1.0030585101565639
1.0028258632083933
0.9951378335422727
0.9955990745814279
0.9915750846729856
0.9946625571970361
0.99842683192279
0.998305664982154
0.9982820656306832
0.9981115385573525
1.0157862615438635
1.0154938956257278
1.0101018757022668
1.0235265433747014
0.9954655009925673
0.9943921978049457
0.9968391138564363
0.9966313220872767
1.0040761458826752
1.0109874902683442
1.0048786453644833
1.0098544433662782
0.9771209283676414
0.9851604285660038
0.9465756020242558
0.9304518511741641
1.054869140121949
1.0679123260403325
1.088183069422005
1.0370810938750783
0.9905257596881266
0.9901324844133564
0.9818485784808698
0.9904315535550321
1.0002979567991253
1.0006891705443908
0.9986687563960974
0.9998377587150039
1.0227234393615667
1.0218853217799806
1.0224833931218655
1.0161323992760118
0.9954612419343053
0.9962780209085115
0.9926636897674496
0.9921014586483079
1.0024628755605856
1.0012930921093581
1.0012305897360687
1.0005414734613085
1.0007642256651292
1.0006660638393536
1.0004318064561677
1.0006888746659839
0.9915941754502697
0.9847613063114474
0.9913110611193818
0.9855160149309385
0.9432571013145672
0.9458014982585452
0.9852686765832306
0.9503069908300481
1.010794371456988
1.0087880140855934
1.007681094394928
1.0113158265319677
0.9966204766037625
0.9948979263239233
0.9965040724752484
0.9968817105387929
1.000189193013042
1.0002386509951968
1.0002211005634751
1.0002982485521783
1.0029851759260562
1.0022116728273611
1.0023011938147526
1.002131881873244
0.9655508621386234
0.9809679744299717
0.9725486672095786
0.9654065156871294
1.0042299865868807
1.0088717353904224
1.0057069259074554
1.0085792478178885
1.0250138863177465
1.0317103680209436
1.0221033167380422
1.0396175784378436
0.9958246625900287
0.9941333804129948
0.988309586216851
0.9898099596041534
1.0468331074821497
1.06910233365328
1.0286088394795216
1.0332646174779367
0.9060585983929553
0.8977257393059197
0.9403024851793028
0.895570604520908
1.0140402724301614
1.0370951349441022
1.0200534203093945
1.0463300207549329
0.9936409156349968
0.9925990208408908
0.9930049619362155
0.9914759489779136
1.0021397484340748
1.004027677869425
1.001584386145129
1.0032233044369878
0.9951627409279283
0.9920202003912778
0.9891796849231529
0.9891226899572302
1.074683948854099
1.0871862263244692
1.0457944545128528
1.0981471067374797
0.9658183878577924
0.9481046926658614
0.952264052482632
0.9619310640116838
1.0058742281380615
1.017049542231277
1.0149303091956987
1.003569923051276
0.9990755597435509
0.9990488291482905
0.9996376041694125
0.999925921284209
0.9962590447989031
0.9947503525812691
0.9948127988652063
0.9957397753854584
1.0567205309193228
1.020863246130355
1.0294587761900624
1.046497228698242
0.983827564003988
0.987470460554639
0.9926911048559577
0.9844850186825851
0.9907419827266586
0.9975837091480781
0.9921563926671513
0.9909996680056584
1.0094013083685316
1.0037022284940678
1.0050085544063685
1.008312941607861
1.0028375611701412
1.001420106613375
1.0003418096312238
1.0016912290044555
0.9996038378839219
0.9994776687996805
0.9994150627722562
0.9993395467504028
1.0002663393668478
1.0002249904181995
1.0002245690732572
1.0001938276279094
0.9997681389255453
0.9998637348902998
0.9998097760410323
0.9998035911062696
1.00070228420429
1.000321837042919
1.0004845725156801
1.0007397546291035
0.9934535875028947
0.993791089516973
0.9930245698165485
0.9901621369140767
1.0510833097639112
1.0653987292592573
1.0350065119509886
1.0434287664340471
0.9863814151655804
0.98662034691998
0.9920185650459871
0.991219600377821
1.0032098114986108
1.005155269503613
1.001529933421323
1.0043377770391217
0.9972875421629271
0.9966446898808372
0.9980827665899855
0.9979113745656746
1.0213372469429958
1.009031428163875
1.014868030524431
1.0058443324996955
0.9986041777046765
0.9979068060312826
0.9979024481006855
0.9969248342760233
1.0003754944533094
1.0006571640398174
1.000390679497226
1.0005551684660539
1.0007058585973119
1.000825197381407
1.0007767462524053
1.00064397156664
0.9856496410897078
0.9932545946070435
0.9928448752470097
0.9899482440270169
0.9897552476722102
0.9972029335133604
0.9927804152644721
0.9930792356162382
1.009332353007697
1.0152580698210387
1.007059990270821
1.0098343317468408
0.9993720079835711
0.9989870771823991
0.9993733132530571
0.9979411603114782
0.9890771800996663
0.9708834343868835
0.9880216507797182
0.9762199085087893
1.0080356920364248
1.0604475390631423
1.0326121804282924
1.079393124195918
1.0020605074317122
1.0011989342609005
1.0011754425854542
1.0037614321729207
0.9526744303211061
0.9529298489130271
0.9775129308094773
0.9347455667676672
1.0107041865086637
1.0053530315829695
1.0085262909030044
1.0070520100946077
1.0046043061229926
1.00295160773505
1.0018476565955041
1.0040484082077923
0.9398070824562551
0.9653814013615156
0.9396526680722881
0.9565809351138721
1.005807452736644
1.000035712172657
1.007123763146389
1.0057149459497308
1.0147951446243548
1.0628623017514598
1.0294947219188204
1.0519034549788626
1.037244747402775
1.0072113306077017
1.0395244101099843
1.0303529696923786
0.9944674038523904
0.9932016449602109
0.9930275009930453
0.9982261470067479
1.0006544625189935
1.0011544911671062
1.0012827382958744
1.0012039515889901
0.9994950464694241
0.9994300473035179
0.9995792807650117
0.9996261796505654
1.0000379601969287
1.000014905659295
1.0000533098708395
1.0000395391934127
1.0001924315854744
1.0005233169577659
1.0003837482766307
1.0003637077194094
0.9964521820805566
0.9926043665521946
0.996669424374926
0.9945415545582922
1.0263702982166365
1.0166292902896412
1.0372557792238952
1.0450846225788706
0.9926539254108117
0.9910910902822612
0.9853268509217776
0.9943550812059427
1.0019759838857567
1.0010625310877648
1.00314630407987
1.0035567403867733
0.9986153953666842
0.9980163355420212
0.9983258620761144
0.996619048310756
1.0112382445089652
1.013829499106385
1.0251987582314266
1.0088717822592284
0.9869575356113819
0.9966259482283123
0.9930327681124869
0.9870488610487406
1.025743844134244
1.0310212465788655
1.0550942705319286
1.073312002547488
0.9864214118023445
0.9954220133334943
0.9903297471874556
0.9839195756762935
1.0034289675111419
1.001639209164389
1.0037968811654376
1.0022798242491184
0.9993682167547432
0.9978156250106998
0.9973340883184093
0.9979208596516819
1.0212149450943737
1.0315123448905124
1.0133713578459513
1.030364498583194
0.994547830090524
0.99456104660224
0.9938751942642481
0.9927593911863185
1.0008235088727486
1.000836022418825
1.0012010782271235
1.0010409150643702
0.9997081904794933
0.9997525554820512
0.9998082427418491
0.999697604763333
1.000116982265139
1.0001001318387321
1.000060195913056
1.0001020624343748
0.9997444585783568
0.9999281435938044
0.999742080351168
0.9998822394636157
1.0058767082828586
1.00205503942038
1.002601941132103
1.0064777371477351
0.9986365862755511
0.9979839073534755
0.9985867344156557
0.9982852398678906
1.000060867392995
1.0000291564734687
0.9999488324058314
0.9999778014436509
1.000938086843189
1.0007875759386071
1.0009116840716246
1.0006532805986827
0.9983871924733856
0.9939147279663652
0.9946502947766898
0.9960610936330092
1.0306427292940377
1.037937943324297
1.0454972681612278
1.044590941674092
1.0024572072374627
1.0031557202216932
1.0051602947025404
1.0010897695925434
0.9998558115709852
0.9998282524010094
0.9998846846139591
0.9998783664964208
0.9976612413288346
0.9978252584840397
0.997485584640283
0.9963548226629872
1.025153609060774
1.0285418302296268
1.028429613472398
1.012963062569064
0.9956948308101052
0.9846399023323377
0.9912654672051978
0.988897933884045
1.0355193997966492
1.0281186208735207
1.019794477568478
1.0233184686784884
0.9951938419802215
0.9925611651252066
0.9927256503379788
0.9887274694161425
1.001282329373682
1.0018348200475924
1.0016995348184121
1.0008181007952777
1.0012596994861118
1.0009766555157802
1.00059754964971
1.0010940817547742
0.9884375062691766
0.9964368318811121
0.9889619025854862
0.9844569778450526
0.9907579702750108
0.9774825050314577
0.9803618011421479
0.9698257971835162
1.0554088722134862
1.0653730036760156
1.0548695273893656
1.0570258126924692
0.9818569694222458
0.9908454830310303
0.9761164498677687
0.9839002508651864
0.99936959601047
0.9995384970775971
0.9977663507507146
0.9991673469798933
1.0287908831673858
1.047240644605152
1.050390518231879
1.0152130074711725
0.9916486449406374
0.9878690682592487
0.9867589527596545
0.991460244723563
1.026987574045401
1.0399957525624506
1.0338744249979914
1.0538613979836706
1.0199518456169197
1.0084293200121413
1.0163492669926344
1.0114522277232343
1.001389775432904
1.0001422628166496
1.0014501880573154
1.0003735293797533
0.9842748140165781
0.9842758225255293
0.9779023456885514
0.9905289260894423
1.0027035078754656
1.0024232605940002
1.003533325864665
1.0035299865269431
0.9970457251765998
0.9948560601755401
0.9963234886169847
0.9959243968740041
1.0205938418860718
1.0093289754856782
1.0088880837234278
1.0259689956412807
1.01182381429491
1.037136210906363
1.0501990995368482
1.0489546556192777
0.9878086748692871
0.9924969820960488
0.9852627668905412
0.9832785854249039
0.9985854718254824
1.0003183254778971
0.9990932441856722
0.9984524886485863
1.0118129317665672
1.0404098876367176
1.006138941454324
1.0403543122021262
0.9952409446907857
0.9807030420993378
0.9855557136970626
0.9818069453621993
1.0231113675270769
1.017502341415871
1.0460345617760176
1.0508106686242917
0.9679173762198515
0.9709389957082322
0.977455634192697
0.9914355166991874
0.999060454440922
0.9992219149965269
0.9995518790203564
0.9987317479559648
1.0006165946782473
1.0002751342733003
1.000765291008398
1.0004311705143918
0.9988611124621749
0.9987460131040553
0.998651625404234
0.9990431750270549
1.004702039101304
1.0068651958615094
1.003957214540894
1.0035993049503686
0.9858967728943588
0.9741653279359411
0.9668964000251308
0.9889308688217616
1.0421963314289284
1.0224541713245663
1.0224542728312516
1.0165640105739704
0.9593045286910008
0.9571320153225163
0.9027336877581278
0.9372680269641862
1.0192353713309747
1.0349777680393468
1.0372976385799213
1.0509946324832977
0.9926138781822986
0.9883876352598839
0.9906563043255756
0.9880002392645408
1.0036042155336133
1.0171244100677432
1.0164705652619839
1.0227230903741784
0.9800931388247769
0.9927579466410407
0.9936258018105656
0.9844797438318608
1.0411038352744888
1.0563718624292115
1.0338932598674995
1.0634495341908003
1.0112438236592087
1.022347561451002
1.0198123564687727
1.0188486948802964
1.0084751940772043
1.018037205222868
1.016742267509432
1.0012545860720525
0.9999351417837077
1.0003040752192647
1.0001287666298893
1.0002263070927868
0.9900933157255263
0.9980629227973593
0.9906114428798678
0.9951322795304754
1.0007504043654187
1.0010664385863253
1.0022571113140235
1.0013295309231833
0.9990967613505874
0.9988636103003121
0.9992999365642435
0.9993010673773424
1.0054013464906792
1.0070844652580548
1.0035613979431601
1.0088762712142636
1.0018879516267705
1.0057243421717128
1.0040926461282293
0.998316780249768
1.0033640234715724
1.0271097184095137
1.0186864606524364
1.018188507173076
1.0203958598841674
1.03689634554463
1.0196570720714109
1.0407965313426837
0.9816664808280033
0.993340766465373
0.9856730905565078
0.9868232198640603
1.0173652305660696
1.0180200471218461
1.0168023050523312
1.02034926252538
0.9928882277687364
0.9899157423965237
0.994034144269702
0.9892465547845587
1.0012007330768335
1.0027037241090337
1.0025696648451143
1.0013857435298734
0.9992769559759276
0.9994692220021476
0.9995538374736889
0.9997175275791534
1.0003837136776395
1.000352305579509
1.000311824182095
1.0005118136020918
0.9986833977465601
0.9987827435053273
0.997982300751803
0.9979768590413632
1.011068023618798
1.012516944940845
1.005370502670828
1.0145149129825268
0.9973145646875043
0.9974479086934818
0.9968521761927677
0.9971667142884696
0.9956931722258358
0.997401814784806
0.9960676352625396
0.9980960733653197
1.024494236078036
1.0077021672998978
1.0525717664501264
1.0437706956687138
1.022582457091944
1.0498898224156537
1.0300898502640001
1.0687711898326173
0.9886287964941951
0.9899707429716894
0.9905193206499783
0.9906007899589578
0.9903504802238007
0.9907220111085947
0.9947592817387598
0.9825590027826608
1.1469610538635726
1.0572781126996857
1.0492748440213033
1.1020729931297644
0.967659214428006
0.9790677970880249
0.9586048489970185
0.9704929309112034
1.0167550655286732
1.0042602146944595
1.0072715031182466
1.0095935086914631
0.9988344128714243
0.9966028053072479
0.9963140084305085
0.9964299203481971
1.00139873717344
1.0010375219580248
1.001404378097142
1.0013465514854127
0.9969931319850664
0.9965823854612234
0.9959802587161557
0.9989963979902873
0.9769661713075594
0.979161421830786
0.9843108354591018
0.9588393877881163
1.0334923756540164
1.0146724786989947
1.0421413156701755
1.0622266632008714
1.0061199418509226
1.0350877827565936
1.00408978902989
1.0304645554023206
1.0339474030170523
1.0539033241943339
1.033468158223268
1.045895730558045
0.9939211303389371
0.9839304735424477
0.9857990169331454
0.9941404822536449
0.9965303458141024
0.9946882732170957
0.9953325524123955
0.9999313524724069
1.0001599378410175
1.0003993679089764
1.0003329899957116
1.0002147388549978
0.9999392888616389
0.9999033171299679
0.9999512765424627
0.9999420292627552
1.0000180384945279
1.0000124668697006
1.0000077071844768
1.0000247039788603
0.9999603304103056
0.9999641300533977
0.999968927409352
0.9999847592740151
1.0002725632252873
1.0002029357537467
1.0001777750120384
1.0001593471488108
0.9978319054924107
0.9949423553035537
0.9947161164157725
0.9921242479270266
1.0548922604406374
1.0912921663491082
1.048543949615889
1.0355633800742565
0.903577656948249
0.8976792054665139
0.8801479325162138
0.862388222116164
1.0230602040848462
1.0309807955893346
1.0463489185007828
1.0298512261856112
0.9947892957069084
0.9926698064818298
0.9963554354113897
0.991772610728711
0.9956339887258938
0.997053698258047
0.9972009466788139
0.993570079823791
1.0254492037956813
1.039744496858514
1.0693202949847713
1.0732306516127499
0.9930752113865956
0.994374929721989
0.9894957119099198
0.991078581500465
1.0109843024115823
1.011231372906166
1.0113917208837973
1.006782680626056
0.9408689304532571
0.935830440490679
0.9796549561735987
0.9529331868735363
1.0366888564201262
1.0606118897515178
1.0569532007773748
1.0417036922371095
0.9921596473490104
0.9858424307303024
0.9869739016087258
0.9898281114261629
1.0340930688569367
1.022594520405759
1.0177959349792698
1.0422851631197105
0.9884002081167905
0.9858401250749752
0.9812044554195027
0.9881681070010303
1.0019586894753956
1.0016585832831715
1.0025061950315615
1.0020166687983587
1.0103628908374997
1.0039257371772505
1.0090103778819302
1.0031434204719476
1.0011164741976761
1.0018055636719996
1.0013405116709175
1.0012402108649674
0.98909801181344
0.9818688049693904
0.97661913673116
0.9822054410392871
1.0192656249989407
1.0270500445320432
1.0259152484686709
1.0216697241501398
0.9934134011336653
0.9951860999908163
0.9942986369051561
0.9952763183331821
1.0112448735467778
1.0266922155664093
1.0110270008104334
1.0165127110039742
0.9992050948838114
0.996260267681611
0.9970089603412022
0.9982542143858187
0.9994422027561993
0.999913820914271
0.9994115455186263
0.9994916439744695
1.0109016451814734
0.9990074999550355
1.010130132145629
1.0043019088796614
1.0374657109486365
1.0534607595981802
1.0812724053426113
1.0634569277130022
0.9892179437401841
0.9843641052091044
0.9928313085960634
0.9809100792672107
1.0031407958638083
1.0022584051225911
1.004956559547623
1.0053454064869736
0.9937888292162242
0.9892802263597759
0.9926832858679663
0.9919936307494617
1.0462128996741762
1.0194907043291017
1.0605533265744078
1.0305092152669701
0.9831269274460201
0.9853038627198999
0.9937218342818186
0.9727073008580202
1.0091592796667201
1.0063476750780782
1.007721189222069
1.0057430061107198
1.0044740562072199
1.0026738378140034
1.006424621630218
1.0090967845083458
0.9973887039120638
0.9972413481098066
0.9950433925042477
0.9982377647289536
1.0089535553515094
1.0072517079650578
1.0078702109890778
1.0027756764452358
0.9758064971320985
0.9845321314712562
0.9744506120113717
0.9732144406352677
1.0097719219170198
1.0041334642983113
1.0038620548528712
1.0052700710918296
0.9907820018359691
0.9908625054441786
0.9903714130832962
0.9879972779869042
1.0116722420656576
1.019618288989473
1.015713528989747
0.9983282281547746
0.9994200310724873
0.9937293213558909
0.9872559426926518
0.994171099996025
1.101825293920096
1.1859728465379107
1.1881768258351362
1.1350400649160033
0.9748614733668683
0.966339218665918
0.9609917599333541
0.9572901775905456
1.0047449336794527
1.0036758616272927
1.0059230368710184
1.0080091712773296
1.02452140046334
1.0317354748581447
1.0277298801348145
1.0199331342909654
0.9947531881676568
0.9951556825504189
0.9944147237640418
0.995102796376648
1.0028831090542254
1.0021453576534356
1.0024953801670071
1.0025275964980578
0.9948936085423673
0.9956885294965782
0.9922090739200151
0.9953920791738888
1.0264315354305142
1.0377060692552678
1.0131033700870158
1.016887153007803
0.9209615132498331
0.8888380840141059
0.950725447806183
0.9183055592460211
1.0144137185786486
1.026529369884596
1.0126522984029667
1.0127217269461761
1.001635591451996
1.0017281213042655
1.0009327227363967
1.0015020521026647
0.9881958926921337
0.985412700798478
0.9875522678410413
0.9773731121240751
1.0014383274261895
1.0039314495722573
1.0021927630440557
1.0056730743371523
0.9991948126331697
0.9995345122069939
0.999574086030809
0.999228375803134
0.9959671576011802
0.9977476391186896
0.9945317441988188
0.9968391527589819
1.0403909000756897
1.0182502383707197
1.024951606114254
1.0447801442144071
0.9932913912518164
0.9891601810431225
0.9891147479443396
0.9880931982718001
1.0108948501999488
1.0251008545032205
1.0054052729955618
1.0210974788190714
0.9925588844255986
0.9950289357219539
0.9947312547795066
0.9956988954852943
1.0017785674325053
1.0014485197969962
1.0011358458315887
1.0015306071114443
1.0022106739995849
1.000685338947169
1.0007555840971936
1.0020258225674903
1.0006368541876471
1.0004790872330884
1.0004079612726664
1.0002822630002162
0.9916868735736749
0.997429258057566
0.9949367152687497
0.9913097650022332
1.0201168813541452
1.0347370131566962
1.0587636062027928
1.0588771984826781
0.9875577680716516
0.9783407591958706
0.9882009037387255
0.9875624281171824
1.002400317011864
1.0028666325199207
1.0024837589841278
1.0007314405397263
1.0103029239695347
1.0068463682012156
1.0030566573880206
1.0137174120340318
1.089627567351986
1.0727922204358968
1.0243886446107289
1.0446374606461575
0.9626089768614158
0.9645715545258228
0.9518169539480347
0.9615714366853134
1.0166051309785347
1.0204522156754197
1.0125403861951916
1.0067993634791543
0.9991003092348986
0.9971003801073505
0.9986751614380188
0.9973692703661308
1.000472487066817
1.0004982235789308
1.0005289409218292
1.0003940847373338
0.9992378819727096
0.9990910005304584
0.999762886089375
0.9994215316443595
1.0022780312379662
1.0089885150802727
1.0060368660190675
1.0033854085728864
0.9986536511671575
0.9986370115546737
0.9989191947485145
0.9991566777552315
1.0003121812012197
1.0006224784833122
1.000504660667141
1.0004604535889652
0.9991849251187009
0.9997808853336022
0.9980239513886572
0.9972616338641519
0.9952776185143145
0.9919057622892558
0.9962151709742183
0.9940131745048751
1.0364726493409033
1.0190654031236193
1.0333212805316625
1.0253926862604863
0.9860040692458295
0.9909230441312953
0.9920670753971209
0.9882836131898136
1.0021823315633904
1.0018776095734179
1.002526697865541
1.0026325240762293
0.9983706750026894
0.9985743345482927
0.9983093361811637
0.9978148324696349
1.0095849607597083
1.0094855563936027
1.0025884048464262
1.0088772676770663
0.999028227851192
0.998829396209685
0.9993520837889206
0.9986314981466894
0.9950245898241183
0.9898470856909019
0.9910568238683959
0.9942089203413298
1.0415003254763657
1.0612307215883765
1.068815818828233
1.0638588422256907
0.9876965320854856
0.986871957401092
0.9991457505473408
0.9844165567714354
1.0028667594867433
1.0028283457639102
1.0029913563944082
1.003238817386509
0.9999459012920952
0.9998053619696331
1.000065083119055
1.0001333925544096
0.9955595061229645
0.9909075279408727
0.9947460487413892
0.9893930785303728
1.0168627697232293
1.0140316100423894
1.0099182570141256
1.0221342776183833
0.978041097316323
0.9680587845247233
0.988070906645469
0.9746608814780513
1.0058900318242796
1.0065125287877397
1.0056244207947806
1.0058862721672095
1.0027320505907287
1.001900106540795
1.0011426036333424
1.002490754774595
0.9885283678301948
0.9844836286206045
0.9842346893098762
0.9793332526823029
1.030138743457194
1.0278949375411286
1.0255774789142158
1.0093823303295295
0.9485071027008982
0.9582672896155849
0.9342479627861853
0.9495050931726067
1.0043356207731822
1.007244063351405
1.0009378027388682
1.0037591965532975
1.0509764324242223
1.0331885576813202
1.023384170097703
1.0428455161286776
0.9900510681907256
0.981999049102711
0.9903192452803143
0.9841264492238353
1.0186116704834314
1.030793230747889
1.0161239305696321
1.0192445659829206
0.9788320506091196
0.969278971946428
0.9750251214362385
0.9616336840165595
1.0091657647300936
1.0091517149867917
1.0082228911618478
1.004017626069897
1.0003860771929718
1.0000722878042387
1.0007332847893247
1.0001540619473572
0.9830929357995994
0.9841548670224202
0.9939378423633393
0.9840096411381836
1.025799152428344
1.0206606387087047
1.0262712539478684
1.014755243745119
1.032498630428262
1.0173676338679605
1.0350133247241036
1.0284985772136603
0.9954429452900612
0.9947468238886262
0.9972690609099074
0.9934177904153629
0.9918423371619395
0.9881859907706207
0.9925485754987294
0.9935827886503722
0.9833017465384725
0.9822753991382814
0.9787115569480556
0.9834203041966607
1.0059273539390439
1.0031182924818893
1.0045279525616808
1.0088739116700618
0.9964660722475503
0.9920548436731147
0.9955573887899676
0.9956420458142154
1.0370328578109516
1.0276724454068784
1.0135792534216774
1.0329491052379765
0.9902412544227958
0.9944516686967415
0.9901780036819701
0.9943275292886574
0.9999665647113513
1.0004300593379651
0.9991987896667048
0.999111569513662
1.0192280113125294
1.0164394842617988
1.0180963370177432
1.0090329739570816
0.9954886477237793
0.9970756732009854
0.9964943703373341
0.996426281302643
1.0006724030322334
1.000761257654773
1.0006540985499033
1.0004644135347862
1.0002985253062489
1.000321978988115
1.0003584876660492
1.000391492404374
0.99780244100118
0.9977911163752748
0.9983555453943909
0.9980128979237768
1.014519487663326
1.018789927753378
1.010910690160211
1.0065036975482782
0.9313997372193252
0.8940056634498373
0.8513908072456415
0.8870235919145643
1.0152447182084903
1.0527333468229194
1.0538806312060836
1.0433526996378062
0.9885448788861478
0.9927635564342889
0.9937853125599146
0.985043669817668
1.0026124934582124
1.0021952532988452
1.002885250763408
1.0034392631673814
0.9979892723260859
0.9983962981005448
0.9988163452652186
0.9981835474449637
1.007004412701003
1.0085989165350056
1.0081110199498824
1.0037310224581155
0.9680046680890699
0.9582010544481077
0.9581387332670421
0.9604068624774598
1.0040298799901728
1.0019580890183144
1.0046329378556196
1.002763940622537
0.9991034585877809
0.9969940149908739
0.9987646028128393
0.9972953678854585
1.0166246312175344
1.0048352788277832
1.0183059594041832
1.0210836486004584
0.9885377251575418
0.9874141540802092
0.9917777524677717
0.9872086973648989
1.0535533609179037
1.0736382203879575
1.0853741113145845
1.0084926083505719
0.7495037186631712
0.7637770561832867
0.812643132766683
0.6800370572488467
1.048615430661536
1.0726222371588616
1.0651360707936883
1.0762324743900584
0.9770491107363246
0.9881335719253286
0.9843393356428783
0.9859877976857695
1.001224647971417
1.0036203531746446
1.0016018312289088
1.0031070150624366
0.9997761505719277
0.9996827727860229
0.9997839914802015
0.9999547251076811
0.9980330919797918
0.9955808026274477
0.9953108889080439
0.9963328746059689
1.0031045634538927
1.00097768729611
1.002549965522681
1.0014757554761589
0.9752637905022992
0.987013807048711
0.9801932618647257
0.9734035903714437
1.005250187484419
1.0067754995245677
1.007559607020496
1.0082988161776176
0.9973566624688828
0.9960258683426847
0.9978280890541227
0.9912762326485983
1.0652555595029747
1.036831019631218
1.0337219063652268
1.026035002289876
0.9825150474295903
0.9887969250233488
0.9882716542786081
0.9888801741369946
1.004384018844241
1.0138118970714383
1.009029119086084
1.0052390142024128
0.9993284145765938
0.9986968311094029
0.9984384197941147
0.9980830701879765
1.0014942716021358
1.0011604713421487
1.0010987868812735
1.0011230027857632
0.9945090546043718
0.9939885240477987
0.9901771406591992
0.9923711957874901
1.0588264787698474
1.029008753364954
1.0621695628943013
1.0227410905076129
0.9953960833594258
0.9824989736371625
0.9904936608032504
0.9916761937268008
1.0315341094204724
1.0464191078432303
1.023120079037595
1.0350204223708341
0.9791300021311151
0.976975486789004
0.9754456212954009
0.9864984679511761
1.009187757196392
1.005161537589933
1.0033179959930754
1.0088238871791717
0.9942517190625267
0.9955890702894684
0.9941869814844886
0.997153879050207
1.0267343284464387
1.0485154120975058
1.0187754970141378
1.0398657771714663
0.989423498105314
0.9941011747484233
0.9906892472011856
0.9916826906656946
0.9772270190034045
0.9856442638946634
0.9964765573657959
0.9756975241962234
1.0496783277242947
1.0418859024876974
1.0676803606487226
1.0331387732041415
0.9975154717578457
0.9985917860215151
1.0043140258104675
1.008564353785709
1.0565271296426733
1.0473211271261695
1.0808114642720472
1.080639412430952
0.9797798192226295
0.9722959529846972
0.9806796850720311
0.9767635016844026
0.9974932137334542
0.9993681600808684
0.9940567729894335
0.9919085561493096
1.001596697641988
1.001341731994373
1.0015355785824962
1.0027413445357003
0.99949540611223
0.9996398510552883
0.9995761999132673
0.9996593683956903
1.000033492096046
0.9999821807505568
1.0000408302161454
0.9999751029995674
1.0000640681726713
1.0000938875989298
1.0000720951769382
1.0000754525956124
0.9995313686251992
0.9994479073964021
0.9994097992219303
0.9996240658069776
1.0033139024889783
1.0025651515795992
1.0032655499520047
1.0022528726660311
0.9868959415883202
0.98122563044944
0.9857863126231448
0.9724343970656991
1.004917186377515
1.0068243157092103
1.0066490269194697
1.0056565700356646
0.9996662517461037
0.9982855902169394
0.9987203597605733
0.9989899585923354
0.9997637014867982
0.9996828164902538
0.9998714442587232
0.999675901259036
1.0054314507172544
1.0042875147357568
1.0043249668986851
1.0019476537011616
0.981260658942539
0.9771623826198357
0.9680873748892573
0.9862801545708905
0.9913961723172616
0.9993544340249022
0.9968561621663145
0.9938328136637316
1.0777319051157315
1.0339113514773968
1.0688433006717282
1.0620363521136014
0.9783974692654405
0.9843742672694435
0.9867326181688398
0.9834988577469577
1.0038437416455013
1.0016910114989734
1.0026168049563362
1.0042829025186375
0.9987097266310627
0.9983481708793818
0.9985489171141803
0.998902725212639
1.004343822899521
1.0027483630219318
1.0050688278185316
1.002779500731035
0.969427546078755
0.983010108498875
0.9633790425975546
0.9759709744061147
1.0101057085023162
1.0051342927849205
1.0051719963646213
1.0074630273379026
0.9976368264297625
0.9980382822547185
0.998336015699949
0.9979557302256538
1.000370775625378
1.0005297687467027
1.0004671879831506
1.0007195047952075
1.0003188290536347
1.0001367042063194
1.0005549730063872
1.0003668181809688
0.9970388935629761
0.9959734565623722
0.9953333635968934
0.9967155695319231
1.024955982875584
1.026901027225589
1.0266276091424584
1.0396024886222728
0.9931392150366543
0.9883449826335824
0.9898541977683162
0.9888725891936041
1.000039970505244
1.0004454866053982
0.9996539329940121
0.9993097820021856
1.0159823536225412
1.0072661612053548
1.0255604665960927
1.0299644449251495
1.0405294430924865
1.022324927424495
1.0220206698473908
1.0362247291457067
0.9831966507321402
0.9786880658403133
0.9887641696642366
0.981323307239099
1.0050561363238864
1.00888751491352
1.006322295693037
1.0062677678139313
0.9982158265851684
0.9980776346150758
0.999271058802213
0.9970138563802023
1.0288012310253165
1.026824630673753
1.0307766682453035
1.0292514527312808
0.9936812138356261
0.9865053274483909
0.9838545287886352
0.9873703647632409
1.0232376632386024
1.0208598772733064
1.0476132627450951
1.0262967148417574
0.9940861774790487
0.99286111186845
0.9900229996254961
0.9925602263849588
1.0016065636596143
1.0015636107229255
1.0012072694875385
1.0010046679623026
1.0018483979594734
1.0025999302427162
1.0010881110492797
1.0029264409587595
0.9987679641161195
0.9805892445114086
0.9727690635781372
0.9823238754647369
1.012948422249052
1.016390035997779
1.0175219572177887
1.0192152188068853
1.0032088328575381
1.0156041253265267
1.010867146903596
1.017143260989724
0.9972285255290746
0.996335829602017
0.9943532350582515
0.9962046881712503
1.0005088765789902
1.000937505871085
1.0007259677693476
1.0004658743073722
1.0015124823161357
1.002294737778085
1.0031569422265314
1.0006328800998237
1.0006684863822013
1.0028132477519536
1.0018451650671372
1.0026962909956598
0.999330793667551
0.9998003905794541
0.9994588476163714
0.9993046577961034
0.9993872893644317
0.9993438837275244
0.9993277079899877
0.9996250500066755
1.004704079976642
1.009325550248701
1.0080768783642275
1.0010978603982628
0.7971005658285888
0.8910596618102741
0.9221543259394209
0.8792157890054647
1.0373436022622198
1.026887713066022
1.012663443126954
1.028340071493553
0.9973746639879042
0.9963551654835205
0.9950749841273754
0.9951409854752242
1.0011707647595762
1.0008657778805594
1.0009550110753962
1.000887086398798
1.000615146415647
1.0004008139772973
1.0003962912084952
1.0004940612352364
0.9965754445532568
0.9963868458877535
0.9970972127589101
0.9939389525952466
0.9994560733681044
0.9995427421746108
0.9991634582517008
0.9996200446811916
1.0061864257104882
1.0110611616545468
1.0071201707041426
1.00386527692173
0.9973114242462501
0.9952839423359026
0.9962352105122895
0.9948392931585796
1.0104593836345237
1.0236372112446284
1.0202336300220252
1.0081096082034935
1.0164835683783986
1.0122929334771973
1.011365155210056
1.0129727221670617
0.98890037958716
0.9873464411927505
0.9873867710029328
0.9939490974222733
1.002970126101134
1.0022461447507667
1.004192141943804
1.0034757748379366
0.9978960159660875
0.9973917411695146
0.9968307097931458
0.9983675683754157
1.0042853498637396
1.007277553511885
1.0065869390284596
1.0060807798767393
0.9985786228151898
0.9970506649119373
0.9976731571038239
0.9976945260108299
1.0007120308535282
1.0003364924760365
1.0005451244087846
1.0007610512400542
0.9999892892521436
1.000001907770402
0.999948178142219
0.9999447619394144
0.9986802903368052
0.9992624152930789
0.998536130721096
0.9994335573667307
1.0088144974873132
1.0037601436794557
1.0091351065522929
1.010344951129546
0.9961840574501786
0.9961189119879033
0.994359001528486
0.9933389675781953
1.0109294357717193
1.0128852645075102
1.00396038843943
1.0131224394837213
0.9971541586797268
0.9977851932414362
0.9969724556639503
0.9966954080034743
1.0024238543926647
1.0014146288434922
1.001807976314053
1.0019953961573869
0.9916873627805665
0.9951595398231803
0.9897994531814938
0.9936549039773097
1.02519440144649
1.0594861119913728
1.0399903974831788
1.0387205179308767
0.983839583636892
0.9854302211225344
0.9820246664260924
0.9716493641726596
1.0356116297174611
1.046255568379024
1.0510589309056737
1.0277661072846176
0.9997773978750581
0.9993081789970871
1.002414515847598
0.9988905833756117
0.9964480756761303
0.9983092171365223
0.9978390285847987
0.99753084016586
0.9991960514248837
0.9990456694176786
0.9983954427916127
0.9982114897467669
1.0176428100883947
1.0050816155657323
1.0198795321092042
1.0226335375286997
1.057179125466449
1.0134488495965877
1.039711159134934
1.0450545274679597
1.011925168418857
1.0107829449684853
1.0110216730136938
1.02382188071155
0.9974467010942126
0.9990728268222893
0.9925725588942366
0.9972999693100248
1.0756345190984276
1.0562236564310323
1.0607931165165536
1.1203680467910324
0.9753466838225775
0.9667001860732221
0.9810310557256235
0.9731799942895262
1.0095535083933114
1.0031176449312726
1.0027065791954963
1.0076269288591477
0.9986434656923208
0.9979575305939019
0.9987794103442141
0.9985909403875202
1.0001746686658899
1.0001782171209415
1.0002349066171061
1.0002146244636372
1.0001254543794942
0.9993253652230597
1.0001808122483504
1.0013234538236502
1.0148776997910163
1.003259946026954
1.0028959627000988
1.0162055676056871
0.9960925150934102
0.9898124210580963
0.9954985260069339
0.9930749786192606
1.0173701731984641
1.0116798046689308
1.0164918406706254
1.0091784069926315
0.9718081920092406
0.9794679633287794
0.9805784009125464
0.9697083838647569
1.020382969174071
1.0169231378697425
1.0252905472060512
1.0129213397068577
0.996142765114886
0.9983123992170917
0.9965917625594952
0.9958864174019043
1.0012717530915347
1.0020405558625431
1.0012858441606383
1.0033027269811663
0.9954651972788036
0.9937885959978768
0.9929154860226086
0.9969140792649331
1.0330536925099019
1.0331421011921222
1.024553930651624
1.0348566895554128
0.9920731556279613
0.9894354928034907
0.9904930916025833
0.9959782038364676
1.0051693145193892
1.002071972086292
1.0041238616878587
1.002730979851285
0.9809158507271519
0.9562449256534545
0.9714965418246784
0.9656630019779059
1.0047988309381755
1.0037613956895934
1.0060486801983386
1.004135853417309
1.0234166419489847
1.0178976626688476
1.0247599389660493
1.015218680190692
0.9994154750965968
0.9989476105297734
0.9989710988436988
0.9997446274090074
0.9274321246765782
0.9648132307193613
0.9308259274738149
0.9930587415173007
1.0091525962345922
1.0029518661592192
1.0066253631115627
1.004585706259539
1.0060320716494893
1.0211899803002655
1.005826260300127
1.013514525279132
0.9892990342542649
0.9964167311514712
0.9863177199852491
0.9862183794847665
1.130147424413402
1.0976192349151286
1.1088094032610953
1.0518074212377435
0.9495098785245347
0.9319362952474854
0.9188732854683405
0.9404453519525556
1.0547973978398517
1.0917097348979883
1.0308687765497728
1.078844986623557
0.9851005813347645
0.9798489749235958
0.9781180034973322
0.9860972651737392
1.0037128677174127
1.0046573488689572
1.0036396302632389
1.0041627779236744
0.9966558149699646
0.9980321165999174
0.9982728368261855
0.9986231859738529
1.0002722274738418
1.0000436323945756
1.0001962651731058
1.0001545172052275
1.0005144084533897
1.0004808600640076
1.000879995901427
1.0006369681121903
0.9950344663777538
0.9971354035368242
0.9811015175498107
0.9935931592590789
1.000889027830048
1.0011501727429184
1.0019928657176564
1.0010873168751628
0.9983247899064244
0.9983585705400516
0.9982376040700978
0.9992224884000941
1.007242072571155
1.0061209401593834
1.0019884285617435
1.0094629831116857
1.020878070998151
1.0236154238927977
1.0369904484088934
1.0174761426241503
0.9903329465686211
0.9926080066304228
0.9963138093635596
0.9986916173755777
1.0011256994112074
1.0006533355459828
1.001172091473176
1.0014167519929071
0.9980069094116943
0.994158188089439
0.9961378514625419
0.9927506503292369
1.0220860098564135
1.0202885896955953
1.030180153361471
1.0138988489549223
0.9950080521768958
0.993261805199934
0.9985029324035426
0.9982017338405915
1.0004065883162137
1.0005475197175344
1.0002562031323439
1.0005553951597097
0.9983892328946332
0.9984007437743445
0.9985707396336342
0.9996700224933145
1.0433156823698373
1.0477132306129782
1.0311069808291575
1.0447020727572163
0.9888526220824717
0.9861747503210497
0.9834677682848904
0.9828819189615633
1.0441176590726617
1.0444096642109937
1.0276217623622674
1.0773190586152976
0.9751358650830174
0.9879003262606573
0.9768341791932746
0.9823868271914589
1.004842233004568
1.0036634102723767
1.006767913297822
1.0033199994758044
0.9708439873396194
0.9691285893215865
0.9885294040510639
0.9823477472438151
1.006223238997202
1.005218773183351
1.002672951784231
1.00403888602241
0.9996164243821088
0.999200412692936
0.9994759725095219
0.9998836968107258
0.9966876868725106
0.9951818263740875
0.9933597706376487
0.9961925622636764
0.997641196781591
0.9970895018130899
0.9995534313770071
1.0007762532045066
1.0226127998039767
1.0308760915633186
1.0187938826564131
1.0223116654500763
0.9891187313017666
0.9871233666297512
0.9843559709057812
0.9944269717258212
0.9586750680985504
0.9742726988518934
0.9639305196622173
0.9756365225441369
1.0052883331947295
1.005453911235407
1.0053315961056795
1.0051946599227886
0.9988617396356197
0.998927978576012
0.9986549296935662
0.9987773661724845
1.0000442270742131
1.0000578216727254
1.0001375639766077
1.0000771109293154
1.0011781053880475
1.0003719920257264
1.001208937125659
1.0003665632983478
0.9905665565759948
0.9954469506121445
0.9891699660274272
0.9845584472766121
1.1097618157905755
1.0615384933417977
1.0434531891919112
1.0686176404851497
0.9751057658733487
0.9858935840988209
0.9818748136830046
0.9798297240372141
1.000977401031105
1.0012268608242814
1.0007016014402141
1.0007499787834084
1.0222156200080632
1.0229239401324122
1.0107981706576832
1.0099466417895429
0.853087618655363
0.8690091042476925
0.9231950445287761
0.8629415272530753
1.0318378746244399
1.0459847289546982
1.0311651725387159
1.0660743531894603
0.9949083612977565
0.9960055454592371
0.9974238523553894
0.9945582329813017
0.9957021853855372
0.9950202362576824
0.993601067235833
0.9929428779605008
1.0509224358554254
1.0403109830820323
1.0263020127493596
1.0632039289583979
0.9942348813397774
0.9912387891363481
0.9895237372207943
0.9909529547584813
0.9953542973935235
0.9992718450014773
0.9935980851990627
0.9953375893114704
1.0391043629089283
1.0344053980611696
1.0485644705370207
1.0657233743627705
0.9823305115467411
0.9919880973345437
0.9763241273956589
0.9810133362831868
1.0047388678313263
1.0041465004281969
1.006190101781835
1.0031876959205375
1.0038233465432538
1.005265925072193
1.002818258002259
1.004443662045794
0.9595908336610766
0.9856117083050934
0.9533719932410178
0.9382067654530376
1.141261289222413
1.1061939725910543
1.1070637594133115
1.1526028539517092
0.9752035115101052
0.967671829992827
0.9724315843727311
0.9873005224242644
1.005832370313822
1.0041592712024667
1.0064807542134495
1.0086254228004932
0.9978341848063339
0.9978933172183772
0.9991559298027483
0.9977573888692449
0.9991065127071307
0.9990874551761035
0.9991782939039169
0.99893509052279
1.0143434035389076
1.0208250042171867
1.007625198490771
1.0062054277977845
0.8312861250853185
0.836520072816085
0.9147576639149065
0.8618297617429231
1.035838080798556
1.035721560379949
1.049128654497102
1.017015039418157
0.988766315375354
0.9911521986557345
0.9952429399294841
0.992238896115716
1.0017346857905343
1.0030174836164527
1.0029486938376686
1.0021642793018823
1.0007880542181584
1.000893956315569
1.0006183329390448
1.0009420540930134
0.9909772434664776
0.9958516287970273
0.9905674065799217
0.9920878754467136
1.0341990788543818
1.0647357682773908
1.0507106288800028
1.053578504207644
0.9874829811967224
0.9911182749737795
0.9971508843576004
0.9855473762226147
0.9932525479545804
0.9937478253645535
0.9928952207696384
0.9969436195450289
1.0028530719114812
1.0023200563165717
1.0031333426312266
1.0021149427587894
0.9898776683072195
0.9858802506955099
0.9893367134176031
0.9957154278791116
0.9965600110175433
0.999918327613858
0.9958811952755575
0.9992025568542339
0.9792226725764333
0.9857069323609263
0.9899388249669299
0.9829302222567603
1.002679592936279
1.005417960463519
1.0032867993994325
1.0021517889281693
1.0022164695458409
1.0015981995088479
1.0023332328308938
1.000491453814435
0.9996251798371231
0.9997716364136068
0.9993797474553786
0.9997553080629263
1.0016321774208485
1.001425101491099
1.0013579391739176
1.0012752665169977
0.9958919118640379
0.9953457938690629
0.9910946859760719
0.9940560023701721
1.0114605922394309
1.024293451366114
1.023333017995164
1.0059016624439792
0.9183508423837146
0.9800495979579176
0.9365411240600421
0.9224241639168588
1.0200675057457513
1.0094818766026141
1.0205387724759996
1.020505497154827
0.9933936769036145
0.9926684574015157
0.9946993859207525
0.9937826927516221
1.0017632734397983
1.0015333798609787
1.0025539484493626
1.0007379005476202
0.9997745352255714
0.9997929429530733
0.9998389046163614
0.9998521354576967
1.0000473195109485
1.000046186644441
1.0000377848051916
1.0000176001774077
0.9999933391645379
0.9999951308661023
0.9999966868232323
0.9999976985876459
0.9999992146082638
0.9999986742898457
0.9999983937290898
0.9999994305950057
1.0000186127752329
1.0000152189120084
1.0000191835137753
1.0000122239608202
0.9998691326002372
0.9998082286875256
0.9998669419867822
0.9998572469336793
1.0007392192483238
1.0004900239497714
1.0006137814370037
1.0006798592754473
0.9936094939370119
0.9958694094877706
0.9930557620253503
0.9945376949920418
1.010160866358339
1.0256806253877822
1.0423751458138129
1.0444443207599485
0.9826377119345235
0.9841463526036839
0.9753879964237958
0.9915934982107446
1.0041026745145
1.004438901972793
1.0040927174713845
1.0032658014616462
0.9987972338408463
0.9992696157776638
0.9994312357774778
0.9990898175235748
1.0003803368319637
1.0005780106968065
1.0007206078608095
1.000338236361564
0.9983237014234506
0.9965449719548164
0.995847605163152
0.995950942805013
1.031122281138027
1.039885685028752
1.045551523123234
1.005583311355868
0.996441266975331
0.9979880079334637
0.9941484118340382
0.9927160452243444
1.0244710379176807
1.0160665662775343
1.0170805967271
1.0119410493268064
0.9867564708642667
0.9834708891499361
0.9913635227154622
0.9811942898838204
1.0074468593459687
1.0066767222639665
1.0061564630104176
1.0042806139269824
0.9883760247522851
0.9906083144896483
0.9868204851295118
0.9927310132198283
1.0232677716894147
1.0184344398199017
1.0465390358261537
1.0518631353163617
1.0139177641982713
1.0212028915862943
1.01178683393055
1.0081262549790602
0.9963312325248945
0.9951068997378533
0.9974672866838019
0.9970939490934536
1.0016945078986017
1.0014410505252997
1.0008475574870739
1.0018729697648838
0.9964466984985804
0.9963243694478662
0.9949295484581298
0.998116813439536
1.001204938782593
1.001001667603619
1.0005317795975486
1.0006755653217965
0.9998491430457652
0.9998323907416207
0.9999213780728514
0.9998515852592578
1.0000611278955136
1.000033275854485
1.0000547154928505
1.0000433253846512
0.9998592746302358
0.9998463766116732
0.9998937956334731
0.9998977452055449
1.0014702910059523
1.0008585270653456
1.0012590248376532
1.000833040476388
0.9842256109206364
0.9906403533679503
0.9736828829223018
0.9883635216879438
1.0030116614297797
1.0015423265104253
1.0023252211693758
1.0023798880057595
1.0098224463279273
1.0036206221360178
1.0087372048606302
1.0011451364554187
0.9991841757324333
0.9995748943873809
0.9996500956088731
0.9993160186162607
1.000075108082475
1.0002050492421768
1.0001204599224969
1.0001703635707784
0.9999109073747466
0.9999237671728107
0.9999015201874425
0.9998638921140894
1.0000513632548707
1.0000747019051104
1.0000769470140265
1.0000797353032758
0.9998785178551918
0.9999119174868892
0.9998478158420382
0.999866137162477
1.0002629443570004
1.0003884933499665
1.0004542800398752
1.0004813760004956
0.9976409471252188
0.9979034839373102
0.9970549572450541
0.9983597006376962
1.0360275803267869
1.0538102434926309
1.015521588332366
1.0321753516706078
0.9903154551517551
0.9916877688857849
0.9936949176755704
0.9923883131593532
1.0005047005721424
1.0017774021555392
1.0014885349200222
1.0009594573397662
0.9999809274751688
1.000128278041514
0.9999177569984395
1.0000262325536193
0.9986951159330225
0.9986470755896176
0.9971605998294285
0.9993539962977952
1.0124613452584537
1.0145839709739755
1.0206244400539797
1.0162574109678084
1.0146094159473917
1.0271029760736823
1.0085991671595098
1.0183461006057528
1.0003045773854047
1.0204111711717951
1.0192175759253808
1.0109449372917938
0.9927502654137949
0.9965999638495082
0.9961581211226153
0.9926169527015798
1.0148282019113273
1.007180657927303
1.010263093210119
1.0122613229374744
0.991547195214986
0.9892382619011956
0.9876563364932843
0.9857567156105634
1.0348034132150905
1.0381078448438388
1.06663249389719
1.0598890719293483
0.9934390970628617
0.9875252768401183
0.9842211011275017
0.9705170159083844
1.0038165533782357
1.0083293123255614
1.008915257392224
1.0076731579583942
0.9998873343073085
1.0002024058073844
0.9996105978905702
0.9993343541980739
0.9872370098854345
0.9900927694771402
0.9744918075471349
0.9893444180204114
1.0347065873235746
1.0620166826552049
1.043727506746403
1.0630408769310173
0.9836401431870122
0.9783230952107888
0.9879504913348726
0.9761432458416492
1.0049938612522158
1.005666080908505
1.0071978007729208
1.0053497108151057
0.9927826028896192
0.9953611398734966
0.9923989123656931
0.9922244635329133
1.0492785298070018
1.029487806132461
1.0075159702887597
1.0280727696327112
0.8456310433938289
0.8702908909003558
0.7815027915293511
0.7552712358692808
1.0692727248216516
1.071890785611645
1.0894248735761147
1.0428130286018042
0.9776192470475252
0.9844098158216678
0.9756708435181121
0.979701513782548
0.9520203520254372
0.9816612807924661
0.9309093384361089
0.9712126014414386
1.0118656294723116
1.0307930805541483
1.0071501847944622
1.0257059570655442
0.9987424299504819
0.9978435765712574
0.9987741482558228
0.998110477420268
0.9844573953337754
0.9600517791544131
0.9683903676014965
0.9773014609392374
1.0298471353097836
1.0379601039189805
1.0640661222985874
1.0333181445829913
1.020218969686633
1.016695253493847
1.0168041522480815
1.0089862769312008
0.9814433750066849
0.9754687149065363
0.9827350874130342
0.9492678272151617
1.040871583903494
1.0278581756901475
1.0470094098772267
1.0347343991767388
0.9922500083553022
0.9867421637634453
0.979518557715024
0.9888202563387481
1.0460620099947862
1.017053508522543
1.0250648080180933
1.0147155173061153
0.9925354375062845
0.997387854211884
0.9948417211338529
0.9976131393497366
1.0009238452341476
1.001233825648338
1.000979453373933
1.0005601230131458
0.9998358989640908
0.9998445396088459
0.9998383088641959
0.999804705456502
0.9999199410364055
0.9999443252763152
0.9999097481470685
0.9999083724789437
1.0015046800188907
1.0007410758372202
1.001511413554406
1.0008636555536448
0.9904121950919638
0.9915434856273734
0.9931541549267462
0.98734528636073
1.0538794394589637
1.0416147953703327
1.087059682269801
1.0577392772354697
0.9912868270960239
0.9871788534666802
0.9927391450714159
0.9848524964097968
0.9939622448731157
0.9995197829736558
0.9974371032856016
0.9941068441744718
1.0672861693314497
1.060338398309196
1.0179583010439122
1.084083624173265
0.990363359039376
0.9781897197836096
0.979089304867658
0.9869665813875347
1.0053163010806128
1.0017255255464725
1.0039640342697953
1.0042249101066498
1.014044936071485
1.0095289409746746
1.004606233726307
1.0089358714098928
0.9605281319419635
0.9681394021175329
0.9737750291803242
0.94159754302461
0.9754543179289747
0.9861461878179695
0.9782187572101949
0.9759719237373652
1.010086557210714
1.0131890453837968
1.0065014227188225
1.023406388678288
1.0178960549280334
1.016019634090848
1.0230144739234746
1.0181449154911497
1.0096406776231315
1.0201215795640908
1.0074021952067005
1.0180789651086577
1.025944783198945
1.0207552977247984
1.0308669349667516
1.0198359907034305
0.9957067207444259
0.9907375548501021
0.9935381468908766
0.9929123328728335
1.0005055099998037
1.0005935007320559
1.000755615421291
1.0005091386719718
1.0327060150339598
1.0111077467926766
1.0096016983325096
1.0371563161249537
1.0603033040419325
1.0276933254062834
1.0281574559724258
1.0602765396662486
0.9837633904977364
0.9820004878845116
0.9934416500493056
0.9829382836266369
0.9999903513931127
1.0007935302920412
0.9978473322068828
0.9997348444196935
1.0036952258059828
1.0028992428820183
1.0023093070227085
1.001429118401439
0.9852025189907625
0.9786460221487538
0.9949880200859028
0.9647975798771824
1.005177460073279
1.0022055060617445
1.0067691320100678
1.0048345907379796
1.0159259777226703
1.0345903953631381
1.033906048614659
1.019044306829628
0.9950806903539781
0.9968986455425455
0.9961517378106949
0.9966848491647601
1.001023206847806
1.0007728404940708
1.0003569922849957
1.0008514606883803
0.9998911599759011
0.9999620769963852
0.9999465560203433
0.9999173430765773
0.9991682941019366
0.9989555288700313
0.9990669578252207
0.9989840475320132
1.005640388954587
1.0034582097645346
1.005914202624071
1.014484938448788
1.0069302160333156
1.0215846254323937
1.014887239258295
1.034733212437325
1.0046613121939192
1.0122558349112503
1.0112910760485891
1.006837412428356
0.9979949570463434
0.9989414899298877
0.9984208933680604
0.9978762924406517
1.0003447280811462
1.0004307000501533
1.0003346195322471
1.0004162094187559
1.0004666618374312
1.0004417043208347
1.0004197729563828
1.0003241619504946
0.9656344120762987
0.9829631642975901
0.967844021703293
0.9743653108137283
1.0118204762311795
1.0116412297893727
1.0179171798712274
1.0263028324984467
0.9941402219204767
0.9951388834596475
0.9945687442155475
0.9956647549997868
0.9988472559374098
0.9978013119117042
0.995172543978702
0.9954090691345244
1.0234309281627616
1.0307791941746047
1.034972586726079
1.0089618513866296
1.0007989946161857
1.0006435937303866
1.0004497490119673
0.9997093902350132
1.0001688202852437
1.0003565278637532
1.0003424438764088
1.000698759596973
0.9977765063841998
0.9985989462110599
0.9958718198748442
0.9978300830951111
1.015393068018038
1.0224928798870865
1.02037510891111
1.0166542188899872
1.0004042543382352
1.0031081243007383
1.004036985938351
0.999375918235248
1.0039779566620692
1.0031497705403918
1.0029427865765148
1.0020842102312142
0.9745239167148289
0.9780822553866305
0.9754451841106782
0.980321971522054
1.0073715460593027
1.0040203277587187
1.0038253636453467
1.0076085608907197
1.0034905911289487
1.0004390607140272
1.003211114769145
1.0016546372509938
0.9768752215915337
0.9890425582484678
0.9748314863403986
0.9782115821462972
1.0086182345987211
1.0035546268459457
1.0083866074707812
1.0078587882468424
1.001598386943625
1.0036085946110995
1.0020493179226089
1.0030909946744113
0.9735846683039797
0.9685189959619684
0.9831420918857343
0.9663686890367983
0.9867171358603359
0.9813137019995944
0.9825542711904315
0.9759027250744957
1.0084905845623389
1.00641275369413
1.0095785024877515
1.0032500219529419
0.9995016049569101
0.9988930229599351
0.9987282261481321
0.9988775294644764
1.0004706422512233
0.9972786682953622
0.996780256199442
1.0001035501454332
1.029350467407755
1.020848027473723
1.0255054421684302
1.0110851415148248
0.9755712955343542
0.9713280065869621
0.9724615521214129
0.9913816503682656
0.9973849109831467
0.9978524731040221
0.9973545708214014
0.9982600129875475
1.0007903605447335
1.0013560801483667
1.0009904589714889
1.0009991648834848
0.9993324613850418
0.9950067986687783
0.99709726473875
0.9962420500398457
1.016458544191098
1.037954674865729
1.022502735222978
1.0466076619800102
0.9793902569920931
0.9767912651917618
0.9688335290018847
0.973209864155153
1.0299388287157303
1.0257616977011736
1.0318614330272438
1.0047127010356092
0.9991849937397234
0.9971240590303615
0.9991468428952393
0.9947218330263445
1.0405406271977184
1.064176620256016
1.0316373406394532
1.0630278068349808
0.9736318835385601
0.9632626297926309
0.9715763175676329
0.9690095565414719
1.0569855047952446
1.0716930165079799
1.0576047850642425
1.0239000063547832
0.9687141378196481
0.9638799781274079
0.974231154903201
0.9726988754178819
1.0085683724814944
1.005662818323377
1.0081207952472622
1.0099303255010728
0.9972182154803791
0.9931216255472985
0.9981861197509659
0.9953417448128934
1.0003594467392214
1.0007536682057865
1.0004921345500106
1.0004520080897734
1.003569441239296
1.0055668757041285
1.0038870152251445
1.0050000385691757
0.9982876442669405
0.9981383722899743
0.9986949455317979
0.998385704250883
1.0005584355735657
1.0006252292819384
1.0003181524605764
1.0003093975245236
0.9998966372494735
0.9998681552741169
0.9998066087697359
0.9998784329375379
1.0004072428104878
1.0004563919047187
1.0003342857258193
1.000865198714002
0.996951016008526
0.9991500358729647
0.9933676395803639
0.9955912956239514
1.0012360230869315
1.0009124824827622
1.001034994041075
1.0004919075640064
0.9988307271077786
0.9964348589664515
0.9967979658077526
0.9985291536139242
1.0135482794002955
1.0218006262127857
1.025079638701144
1.0057289560676312
1.0195036065838388
1.0166817974904683
1.0128832109263426
1.0054796828958996
0.9340919035768008
0.9475662405805454
0.9187414699744506
0.9412913051233283
1.012522021338883
1.0101691135167201
1.0146166511006802
1.0173257316075943
0.9854207910273244
0.9886532307158494
0.9907139001040872
0.9838037862579521
1.024620000695895
1.0276726094396367
1.0154392834277959
1.009265403324377
0.9685669505136407
0.9657600909074057
0.9667010368855923
0.9743032698135714
1.0122402480358372
1.0105718135990134
1.004131440711245
1.0136556032282247
0.9952650416354955
0.9960824900454848
0.9960982102204878
0.9957590764212277
0.9961896250969556
0.9954846993260675
0.9963239838866503
0.9973440876405264
0.9946149982089397
0.9947399039132063
0.9923334602337585
0.9874030728517293
1.0503364361674228
1.05220789737969
1.008202211470276
1.0692218584341817
0.9869409137694739
0.9768534117818228
0.9850851333261816
0.9719310396586347
0.9986869702571213
0.9981144625780479
0.9978138197511592
0.9980075663390766
1.0286178339070895
1.0410802451262335
1.023838371372958
1.025856336609902
0.97201359732846
0.9640054093905032
0.9518470406734788
0.9536575239090016
1.0883270027081895
1.088447129208007
1.0318025185880624
1.0738179176281601
0.9938278162857264
0.9923915048950394
0.9948880868781215
0.9944395686524197
0.9892894543863535
0.9898255848602467
0.9936844768705048
0.9873752222876124
0.9996132680527515
0.9977081559143953
0.9972482813069115
0.999427026097416
0.9998373726604992
0.9997519566209119
0.9998942464709768
0.9998764304988272
1.0032060304404016
1.0075527686231467
1.0077234371469117
1.0031580545827885
0.9989457498637826
0.9989364344922316
0.9987898158990963
0.9993151847553315
1.0031246513170637
1.0020622051953019
1.0040222975039397
1.004572926691526
0.9974219376677483
0.9971846963601566
0.9959778062686091
0.9973226842828358
1.018834500994217
1.0246585139206228
1.0083589039647207
1.0095430997930386
0.9962985441776366
0.9972261258231268
0.9983279993436802
0.9978554223767623
0.9993539860403039
0.9982820406323649
0.9989647130567806
0.9988297065521975
1.00861615068482
1.0163831986823557
1.017452257881197
1.0157004468231488
1.0117430757509271
1.011121248790054
1.0162850865421733
1.0150060100935299
1.0124340100379035
1.0201000797277209
1.0131191046671264
1.0148921667262438
1.0025839427874588
1.0020601461630205
1.000606563955237
1.0055868904337697
1.0067043903494586
1.00505256891276
1.02040809956525
1.0043665042449985
1.0049734057294493
1.0031400995493638
1.0043151077260564
1.0094375733936554
0.9974570330286022
0.998025499435588
0.9985283279360301
0.9978706696885189
1.0008288448550733
1.000839620015434
1.0005559387706
1.00074846082317
0.9995782049236568
0.9996802192560834
0.9995505163984251
0.9994283880900053
1.001139753259021
1.0010253229440123
1.0011509748014105
1.0007676638508853
0.9960039830316353
0.9944549726980786
0.9937212145335721
0.9896315379373309
1.0704118386809127
1.0414394090216896
1.04803360908829
1.051569850438111
0.9898793026273498
0.9792784401458756
0.9748107296491382
0.985038994301441
1.0390216886487944
1.0306829885328
1.0335920276799395
1.0234903946268026
0.9884839338467446
0.9927981029991302
0.9931967945172694
0.9887940951054341
1.0017709692596277
1.0022679275646438
1.0024457443396724
1.0011456046177398
1.000033146357077
1.0000287775735537
1.0000100533965595
1.0000094899255398
0.9961021119482208
0.9952835853177657
0.9969077122803687
0.9983444144205785
1.0008302639083235
1.0008768593781423
1.0002814491502554
1.0007086214732468
0.9972367963828895
0.9984355407811909
0.9975465949582027
0.9994573819564828
1.0006068247987414
1.0004120345731828
1.000368199792704
1.0002644274984138
0.9998562200985023
0.9999145014753514
0.9999378274969224
0.9998434170189887
1.0001670450328097
1.0002525155982929
1.0001800268116807
1.0002233114370869
0.9994676284599957
0.9988055302563073
0.9992429293090497
0.9987213924448638
1.0099119238271166
1.0029867661251033
1.0018978891780272
1.0080377081359952
1.0179443852084915
1.0273329346579425
1.018309040551242
1.0370983852796738
0.9923320902973709
0.9938723163437119
0.990070595627474
0.9915842195204828
1.00471279459741
1.0033287036074612
1.0042932395829938
1.0020732263405627
0.9986094337743421
0.9981044793814827
0.9976093142835797
0.9983381238784637
1.0043171762688656
1.0034364883271074
1.0087574815513134
1.0057908345373185
0.9976541551924373
0.9985201503053238
0.99819933580815
0.9986457245989234
1.0047609427374073
1.002000992849053
1.0047975719390596
1.004015702673618
1.0029037422299438
1.0023763637768415
1.002093654019853
1.002478238941553
0.9852495514817146
0.9780791666761769
0.9908639121963547
0.9787123803798554
1.0072005525703593
1.0052997565417559
1.003339103869425
1.0076772031141186
0.9982863725761938
0.9983830423724068
0.9980854040471556
0.9980544042400766
1.0037452393720228
1.005932648682343
1.0035259207289542
1.006759990574555
0.99335568617303
0.9887464206654336
0.9903672068317887
0.9935126234481694
1.0786186642878128
1.022629739216309
1.0597476944928812
1.0608468331775467
0.9869186003972417
0.9909319948146952
0.9791271609780876
0.9830780128453127
1.021679984462332
1.0115946507103095
1.0159057281444117
1.0036124823496295
0.9982443157399624
0.9966963399282709
0.997266931476729
0.9953054906284442
0.9990972466563461
0.998836260934323
0.9985121356917632
0.9989265407948392
1.008771065708818
1.0120431933903233
1.004233850933436
1.0112952954283017
1.0270401944992167
1.0219789799942922
1.0176620695179506
1.0072459341860058
0.995860769225697
0.9950844788239717
0.9967485961309948
0.9946529416382394
0.999189448620463
0.9998019025411542
0.9997918408388212
0.998526484832709
1.0150633552204182
1.0136757655885489
1.0229867888402222
1.0255342200148991
0.9977558720236092
0.996887401673921
0.9951284149676731
0.9932174866555631
1.001053590099903
1.0021105806711148
1.0038541173216518
1.0025029178155376
0.9980958401030691
0.9979177832881307
0.9987451696337377
0.9978254935035608
1.0361664302524713
1.0285745765177317
1.0205444402809982
1.0461871478566966
1.0122181438659745
1.0133257906540285
1.0008503949525924
1.015994883550703
1.0066320007245935
1.0090643689342693
1.007099228336565
1.0066204816969921
0.945644958081181
0.9475237918703378
0.9623647409118358
0.9280285250368112
1.0089458804775875
1.011400380727266
1.0123067910742922
1.0088548629264806
1.008694300814508
1.020828132725987
1.0042889419255736
1.0151568367164054
1.0121808082620805
1.0185227196371243
1.0121809715483079
1.0116196390293013
0.9944385208165555
0.9950243118179797
0.9956145509424221
0.9969987840344898
0.9976354775883951
0.9983577384598498
0.9984989873800124
0.9989607807728912
1.0195588589910072
1.0155085986923778
1.0123083863989395
1.014824633560705
0.9509128832828788
0.9397451215687583
0.9287881373946585
0.9236759782693674
1.0094361384348143
1.0047454314599686
1.0071347158063033
1.0015580445163395
1.053852417284709
1.0420358301092698
1.037792921193561
1.029296770868701
0.989411386262487
0.9942717051245368
0.9899392297671405
0.9914060819755517
1.00970549682679
1.0112356169943864
1.0031468807868276
1.0070295566557392
0.9750223983373201
0.9762548520157869
0.9660434031334512
0.9810460357197299
1.020209864745599
1.0393475301850255
1.0148846684636998
1.0375573896142847
0.975831216598861
0.9685516719468567
0.9888289778039018
0.9811821074437356
1.0012712091711622
1.001698472743466
1.0015409116949971
1.0013906695734096
1.011981834253239
1.0109384309031466
1.0106640597239314
1.0100784275539696
0.9336352139387842
0.9258948468760128
0.9439415567309957
0.9270306935534823
0.9451915110031732
0.9698349110835123
0.9708750313675496
0.9440732832369068
1.0147489280275355
1.0129154453285039
1.004979591104671
1.0095588994975933
0.9972065998244466
0.9977555242456824
0.9967554314247853
0.9974269565431445
1.0005051743803692
1.000828054854811
1.001082154547077
1.000797599966409
1.000880721878545
1.0006911032118153
1.0005884675379302
1.00067034764018
0.99594754741606
0.9875922087676194
0.9888105929234652
0.997061559024296
0.9993159124393937
0.9995086628554614
0.9995852295831172
0.9999071929540072
1.025258156656119
1.005135192914933
1.0113974652248625
1.0199820462121172
0.9809208688433151
0.9613416564665979
0.9463374868545071
0.9571665344586737
1.014532183680582
1.0147603113483685
1.0073942818248023
1.0059164230974684
0.9985272328681141
0.998189289274423
0.9983447876587164
0.9984036936814005
1.0005301241921851
1.001007497757638
1.0006210584555109
1.0007280999231942
0.9975413195407233
0.9989949186221736
0.9975261770833662
0.9967559736747439
1.0234799601920843
1.0062993956407789
1.006390217933578
1.0261236921401864
0.9952135053262952
0.9922884703423304
0.9925801220477485
0.9913032018251786
1.028201203367566
1.017746909540066
1.025834922578883
1.0136601654107724
0.9751373837198595
0.9712207808758977
0.963103346278824
0.9637241655098681
1.0585936084108216
1.0220729767280679
1.0652637834308185
1.0780376439673542
1.0068552439552845
1.0013811570825653
1.008933928016731
1.0149545844596943
0.9967180827565653
0.9971138498434369
0.9940894144167758
0.9967440936486007
0.9996161031603777
0.9997117018433016
0.9995289818422429
0.9997145207126664
1.0163318255236315
1.0152531060462726
1.0222698842383908
1.0160555152106883
0.9954028063076188
0.9939636091220228
0.9925033691150718
0.9931633320383791
1.0029386599300494
1.0027938007377386
1.0018328042930038
1.0056260575549105
1.0097572337976024
1.0086806829757606
1.0043207870902606
1.0075953945013043
0.996688237124748
0.9928238518856308
0.9919244025652826
0.996633114010017
1.0035806796407645
1.0034816083325782
1.0019783465223788
1.0054053540532097
0.9879765856807932
0.9891608084677157
0.9799806695656346
0.9852787953318995
1.0034370558926857
1.004491211548358
1.0045767124195242
1.0040615925358607
0.9977983478550845
0.997180670653119
0.9949519210671094
0.9940119214425763
1.0069982628953575
1.0175677333427857
1.0216423225020868
1.007217784868243
1.0404362301998364
1.0429195940221796
1.0496122022463157
1.0463894205103677
0.9997265562944662
0.9993717381066181
0.9977946426270132
0.9992849822115136
1.0025158970002412
1.0021406891621503
1.003017035266128
1.001401246611722
1.0083032772461236
0.998308894704956
1.0025653971045934
0.9968773181642564
1.0341221523258766
1.0348201448148113
1.1196650076556176
1.0441508104444626
0.9907575101357711
0.991916610925192
0.9915272586666778
0.9906242311674871
0.9754513066763293
0.9809685952346322
0.9818935102749723
0.9735693830743571
1.0022478061479443
1.0055257902027597
1.0044108691706501
1.0048535355853487
0.9984920000404987
0.9988784439412239
0.9985139821036305
0.9984115557830199
1.0003396445864519
1.0002445693539874
1.0005183612070605
1.000753239346904
0.9998356130266018
0.9997725499654665
0.999785672109432
0.9998253767541803
1.0003598842926176
1.000350137781822
1.0002061502234763
1.000297799067254
0.9981628530758824
0.9984375905719227
0.9977640376887176
0.9970436084855875
1.027731626831287
1.0047935887092796
1.0206723576883296
1.008470144325613
0.9943088056700159
0.9975597934243836
0.9942524505713795
0.9984610642674039
0.9983109346367852
0.9962555779322376
0.9937681297699195
0.9961799620029785
1.0612579517235439
1.0681141210976428
1.0364398547063016
1.0419056981782147
1.0001793814367794
1.000910844503219
1.0000909058208067
1.0019796804920469
0.9355462626961797
0.9256875490037402
0.9605106176306077
0.883227262564072
1.0319517570489272
1.0768901687335233
1.0170568724926263
1.0778638407756338
0.9816047451597408
0.9834833526566873
0.9682858998930437
0.9795263954629514
1.0253950953475934
1.0222217419198887
1.0650604335116807
1.0631618915709875
1.066142753490001
1.0825474167750435
1.0494536329112667
1.0518566000074703
0.9776305978886166
0.986189634922875
0.9875947160727724
0.9680895519875186
1.0327370638551423
1.055818801372518
1.0282430527935158
1.0670421960115604
0.9751090914254993
0.974342711205817
0.9761627878282394
0.9765278978421807
1.0155422924973416
1.0306090565862147
1.0127376590470356
1.0309032129224316
0.9918954176748075
0.9947009764176139
0.993149810712462
0.9869305614746495
1.0496733664385591
1.0517738902336788
1.0302987798240884
1.0190400261686685
0.9469165185677157
0.9623326626444002
0.9638737478845825
0.9448125457537608
0.9675795865134957
0.9675575315466967
0.9728900664324681
0.9439146460854694
1.1664339405460429
1.2292045740023314
1.172259389340757
1.075268594681344
0.9008397680940466
0.8547576977652235
0.8473117457628683
0.8189425576041298
1.0381189042510441
1.0380860869441366
1.0451663770032635
1.0427285370726433
0.9906952143144409
0.9839068121089743
0.9882724755020708
0.9889470832130962
0.9996378038538322
1.0002734187966362
1.000610018652308
0.9995600212361034
1.0702565177974135
1.0274710113110441
1.0594649567068062
1.0484688100188586
0.9901397158027884
0.9882759807082236
0.9902607776715424
0.9907893378862945
0.998563844004415
0.9955459099452629
0.9952142970067991
0.9970263234460631
1.009536511747189
1.008991748653277
1.0051946369077631
1.00723787714809
0.9612295722910175
0.9729897131424795
0.9427365192766959
0.9530503306540913
1.014359816434293
1.0808270353089648
1.0551573431211234
1.06207194729314
0.9887802288321619
0.9902743361421958
0.9879674079255709
0.9945236075355032
1.0030895903249393
1.0057930944622246
1.0056399123364872
1.003594740480462
0.9977337726287052
0.9986326878259578
0.9988224231549666
0.9991524623864545
1.0003963103808726
1.0001950992508366
1.0004067464049382
1.000197020419491
0.9972264524322662
0.9987627178440829
0.9982455341680618
0.9979393134090871
1.0124608368000807
1.0076291226411502
1.0144238093788298
1.0037173397029724
1.007610360260365
1.010680256560626
1.010170641464968
1.002552378273035
0.9988898062555672
0.9977899930421917
0.9980233850485848
0.9985580031581918
1.0018137018965312
1.0024795742791832
1.0020996907315767
1.0009017550378163
0.9936352725639804
0.9913320923400835
0.9914392315929252
0.9968798845506156
1.0010716101533075
1.0007134432346154
1.0016267521960944
1.0017572484313713
0.9988907942819791
0.9983559866326276
0.9988669789140727
0.9988637010704106
0.9982699628295462
0.9986652347765174
0.9993730722674617
0.998338930633404
1.0283320988794644
1.0076942618174582
1.0337369459478347
1.014194734568734
0.996319945439064
0.996425620663185
0.9961385513407208
0.9954810405487485
1.0006548194134446
1.0002836816405705
1.000507739862361
1.0005808147337896
1.0014352214323552
1.003837439778692
1.0027017725511946
1.0022725061356414
0.9924161651390355
0.9751583667848146
0.9801185252858342
0.976609640263844
1.000814778801849
1.00006597870396
1.0013871192572128
1.0008107732226983
1.0289838508064866
1.0143226051554917
1.0180420795063991
1.0298319674255536
0.9886748269440141
0.995323332085234
0.9901320436532507
0.9892242402979574
1.008942381991656
1.0027025055159695
1.0050916724960297
1.00693317463471
1.0151624443903817
1.0181201517483878
1.0211606641773867
1.0196516186643967
0.9937708038279884
0.9907733458182726
0.9821410630298407
0.9830539281499199
1.0613732876691615
1.0666560881175688
1.0618006310114652
1.0593182362867968
0.9873480593309911
0.9954443784706422
0.9909745439824311
0.9890055584249681
1.0021791703927736
1.0012210515909983
1.0010594493234402
1.0012601105473409
1.003922889914208
1.0131499889174185
1.0115919415247454
1.010866128976708
1.0685874253105636
1.057890867945775
1.0255046947655848
1.034546427630497
0.872587595164373
0.8757781179898549
0.8334361188109762
0.86943663884474
1.0144096542902679
1.0180568336936122
1.0170870886841303
1.011809861647595
1.010996223509149
1.0108313043896364
1.00887566662008
1.023878066486535
1.041709208805453
1.0092135296060831
1.0394566348718315
1.0387536887817144
0.9906163180925086
0.9880131028649631
0.9890291938044782
0.9867375914297906
0.994952519482187
0.9974202476854177
0.9933752343525131
0.9893770936123812
1.004140842705725
1.0018202133402865
1.0019269341235069
1.0029239273894381
0.9992143101873557
0.9988598326966864
0.9990769472606665
0.9995069182323406
1.0000878652322673
1.0002490081007822
1.0001703715711252
1.0001275373794636
0.9995953468699713
0.999851407884333
0.9997137886767635
1.000307111844409
0.996802125917462
0.9937404067167124
0.995920697099969
0.9948966276474109
1.0166677305904441
1.0670788675954523
1.0578567487308208
1.0530734829869082
1.0011593697374976
0.9994173301180983
1.0162323728153972
1.0067607773238487
1.0069342603309985
1.0058272273912878
1.0040813221339706
1.0010270143365
1.0128547008599293
1.0341064862049028
1.0209235181269285
1.0204025928501463
0.8196767740333469
0.9263082347879603
0.8298003761935285
0.8306870672089285
1.0273647379754185
1.021716485580679
1.037678352776469
1.026248645888825
1.04234817827347
1.105211035222618
1.0777374620189466
1.1083465358776217
0.9467407428771709
0.9617541972658018
0.9933835659226955
0.9635578362469713
1.0151956695165123
1.019039437100624
1.0081831946628284
1.0153999323848026
0.9622534319309973
0.9464816153507851
0.9681956171809272
0.9373938856293886
1.0172721032195406
1.016130318840274
1.0081493588221122
1.0185690828738343
0.9533540071518443
0.9666706661333808
0.987481066541399
0.9518873545837402
1.0139829260486768
1.014243309384539
1.0066858540932955
1.0096206618218344
0.9972281616201284
0.9968554816373424
0.9980284393572922
0.9982373878165296
1.0040673900852415
1.0025032046383697
1.0009944689159476
1.00185513657521
0.9876926701793021
0.9669154853862487
0.9606257882543854
0.9665972040186447
1.0577756167334775
1.0995786501374845
1.0812543844542377
1.0892905450739352
0.9763608079563875
0.9731202196062086
0.9844121358415182
0.9841902871281779
0.9967439458703835
0.9984670534687984
0.9989567600919719
0.9953159552618865
1.0036563236608946
1.008674615685143
1.0048041440113427
1.0035544197695903
0.9927383608728358
0.9920360986982285
0.9882799128203928
0.9984163837757853
1.0022687751795605
1.0017869707372815
1.003069250173151
1.003135209930989
0.9978068856038803
0.9981238949311455
0.997300117098819
0.998033257394842
1.0085854083869665
1.0075561762838758
1.0110137989125831
1.0093437761120005
0.9996466227327353
1.0002889257078313
0.9999219197371279
0.9995621910428782
1.0015201531549658
1.0003874362623695
1.0023236297305949
1.0002435393050435
1.0024493256042226
1.0026418111634507
1.0024504760539967
1.0032903732590086
0.9985442698449581
0.9983086071987404
0.9984145601996586
0.9979759595397768
1.0067256053719584
1.0040851857817994
1.0127295154834046
1.0055176487406328
0.997032392592033
0.994465769400371
0.9963557671702167
0.9979591170668834
1.0192734014097424
1.0202710079916208
1.0247530703828334
1.0083456470397494
0.997958656597527
0.9981589488961546
0.9949868533853048
0.9954229452197617
1.0018889661374766
1.001451163095338
1.0019304240984621
1.0015847401285167
0.9990010199649869
0.9992409355932804
0.9983500261667211
0.9980323423049748
1.0019851199563614
1.0015610716259242
1.00318910982222
1.0010226045296047
0.9954572561629604
0.9934884826324151
0.9938087668163911
0.9903447613063716
1.0162192585226766
1.0541844023633575
1.0460526589746246
1.0610336437996681
0.9969275527652204
0.9937791094535842
0.9947338014095959
0.9915594338579304
0.980579561320382
0.9833489732120967
0.9798515075613464
0.9865143504818416
1.0043049133361037
1.0043103608711572
1.0043435391437459
1.002410064804458
0.9983129488679426
0.996471769561935
0.9954300005996628
0.9945120243712969
0.9983374359292259
0.9981644030478966
0.9974716246736126
0.9974839010732501
1.0356754500446503
1.0206670107720088
1.0245280802927825
1.0143052694930126
0.9942786351256772
0.9878310664926898
0.9921826230163862
0.9914387847565804
1.0225618455412187
1.024073634297629
1.0266886935013384
1.0238559823627498
1.0006619011798308
0.9977279881067268
0.9974062573905258
0.9997011737980467
0.9848251433157076
0.9797058499226355
0.9449676191537829
0.9605321825412206
1.0103560934031453
1.0125968350593957
1.007708758207346
1.0113504671085674
0.9978310670901972
0.9956015059413743
0.996798736959418
0.9975422267160621
1.0033930922281356
1.0052074419503487
1.0011371430784581
1.0052846193912348
1.0072772352868373
1.0076745836333523
1.0082858150122043
1.0063000434163905
0.9933276682488604
0.991674010861371
0.9914254255772864
0.9918826837272083
1.0000292401119975
1.0005736040328463
1.0005960109182543
1.000021431891815
1.0073637931965047
1.0056188459426143
1.005962578457412
1.0032424235062332
0.9714127455070168
0.9798188910231616
0.9823425868016851
0.965329035647596
1.0075968493163474
1.0060391415495953
1.0042838105113456
1.0084512636095988
1.0184833488163596
1.0189007798131282
1.0101079336286338
1.0389235851141523
0.9919369417898161
0.9927771926525867
0.9900102859364045
0.9920512098111163
1.0101412010055568
1.0072348711407337
1.0106712326055172
1.005389139568368
0.9641031274359253
0.9924456850041856
0.9700412200060924
0.9639208289077978
1.0142157165092098
1.0086963491747403
1.0058106850499322
1.0151422145184925
0.99479368111678
0.9930469694997298
0.9933581396835613
0.9966062339624614
1.0009574549327833
1.0012220265810003
1.001341957829974
1.0005326221978632
1.000060452319867
1.0001023005788494
1.0000733091756304
1.0000342293364393
0.9980473929680828
0.9990127926604997
0.9991243781301234
0.9988547088556274
1.0088906240396844
1.0058847566587519
1.0115884295490842
1.0038677822343138
0.9518476700366698
0.9676026201010115
0.9432781889590871
0.9382253023753258
1.0165296673565953
1.0191295244645027
1.0177083511953335
1.0130885081668413
0.9907558446803579
0.9791183959911793
0.9837728253279672
0.9868521923112937
1.0165459338465728
1.021030070978486
1.0168800315993187
1.015518588022657
0.9957663252255972
0.9980513731725501
0.9960335675039851
0.9959518193182049
1.0032229232021481
1.0014233575114135
1.0030188766548607
1.0024895517780739
0.9771952007781893
0.9790121363237438
0.9869146311299922
0.9956481554970581
1.005778604140947
1.0006487484414925
1.002800968615134
1.0022855326576154
0.9969247546958789
0.9947350046677527
0.9939650043081316
0.9944531014236592
1.0310801893907944
1.0315882249515607
1.0278865646263313
1.0182616104503077
1.0045501792977887
1.004911211857545
1.0046167326362756
1.00079470659022
0.9989925524982627
0.9991632685742022
0.9994775717515245
0.9993868639984467
1.0000838828233696
1.000173552281988
1.0000911056845525
1.0002075308047187
1.0001006145195388
1.000137465880354
1.0000786478715753
1.0001155552764602
0.9989869534897371
0.999251972236422
0.9991204415312588
0.9993020327219067
1.0042212571299947
1.0045853354795813
1.0051541601147782
1.005129984529455
1.000304026093935
1.000202754394305
0.9997881546920256
1.0003284743950802
0.9947756505860167
0.9935103215868624
0.9902125820229352
0.9933618642245811
0.9959830216035189
0.9963941964479751
0.9937178187113129
0.9926203993816132
1.0504249770169132
1.0224834571379267
1.0389794372866887
1.042819914947134
0.990613615822198
0.988321585377296
0.9948143778967085
0.9946673950195668
1.000776665019958
1.000788348387315
1.000815440122
1.0004305110243263
1.0042106050721464
1.0025670644339677
1.0016021281894794
1.0049958076690075
0.9990958078180333
0.9988878895621416
0.9987202695569671
0.9990782249554985
1.0011018439870911
1.0010143310896085
1.0008375210060159
1.0003700680701468
0.9997342918975362
0.9998013539872052
0.9998097080553726
0.9998208292152293
1.0002109751151078
1.0001615060688396
1.0001561096538354
1.000108480490723
0.9986998635571342
0.9991915520045086
0.9984835321390622
0.9988270295012722
1.007997770483905
1.0077795838445234
1.0063881282379288
1.0059080833686374
0.9926146082996201
0.9890796233364222
0.9951074961333451
0.9902003902971346
1.0040503344936833
1.0016359271123767
1.0025823065030528
1.0023548041559907
0.999802950842673
0.9993676479015122
0.999748777532206
0.9983849385592289
0.9921576307659504
0.9963148199435324
0.9911606634101628
0.9914529348601459
1.0181717775768775
1.0419998921286568
1.0404480349080276
1.0430280604089355
0.9849446641249509
0.9905264599573808
0.9912052337526744
0.9874410748639355
1.0054956466416907
1.002966335377899
1.0055559819331386
1.0034587453891473
0.9946717337298191
0.9909555193036865
0.9925588261803527
0.9948850271724018
1.0625582536359244
1.015824782136503
1.0463029750833828
1.0590966643031934
0.9872976034172182
0.9774428499596594
0.9879875329505446
0.9873076003056303
1.0265320020403794
1.0098740121062213
1.0171560679109213
1.0483179916884398
0.987703308813443
0.9914053406490135
0.9918181731219177
0.9883580467905461
1.0027707190250206
1.0033184578044896
1.0030545081101132
1.001346304299799
0.9991011551144772
0.9987582070467919
0.9982976909650468
0.9989112954144364
1.0046848171238816
1.0095465074386976
1.0061858925080451
1.002658180137009
1.002789539857737
1.0050608146040025
1.008522962546258
1.0037270034208365
0.9977178895282981
0.9981203483572433
0.9980172350021604
0.9981414018112353
1.0286268616974903
1.0359532451130085
1.0224115207816282
1.0356766503675328
0.991095512715524
0.9911317433195779
0.992035277536253
0.9913901151829575
1.0007339280302663
1.0000462868015918
1.0001996412769676
0.9999755862136638
1.0091138868687868
1.0021041859135644
1.0088260799462854
1.0035560354649544
0.998808059793464
0.9993365266963518
0.9993574036589836
0.9996913695793505
0.9973973419419855
0.9946201876195964
0.9906909518449386
0.9921793728393078
1.0023710987379628
1.0006865349055687
1.0014570122918063
1.0013025557313393
0.9998958952713844
0.9997286761033609
0.9998750119258021
0.999711162833897
1.0000472589281804
1.0000439292864765
1.000046475730954
1.0000565968479052
0.9999783530709196
0.9999953001493147
0.9999775456538865
0.9999812448862607
1.0000052506700927
1.0000039026574865
1.0000034006743406
1.000003023021468
1.00000015095823
1.000000244890137
1.0000003504614885
1.0000003150817547
0.9999935527953933
0.999994352020051
0.9999899869625687
0.9999918361816407
1.000058394522868
1.000074020102956
1.0000632704103962
1.0001010157741326
0.9996978963240029
0.9996362539641538
0.9995787710777986
0.9996473919016486
1.0023703245222146
1.0033000391422844
1.0030642182648855
1.0025507114229724
0.9665900827765752
0.9856791307904962
0.9822793506906996
0.9680040983334637
1.0034102930750795
1.0075065200073285
1.007673717606833
1.0074944436333546
1.000831641430504
0.9997977743201292
1.0005233716261377
1.0005238740184637
0.9857895490054011
0.9864550507995372
0.9813363782201786
0.9878321557860681
1.0011352587680082
1.0013402219518186
1.0018486354274352
1.0019428762775118
0.989575700504006
0.9929172395356494
0.9851528778581683
0.9922836868033638
1.0022664613429633
1.0020251571251921
1.0033267738258633
1.0015833864007961
0.9951209859637119
0.9915276788942268
0.9971503092004596
0.9952988464069917
1.0522892435615547
1.0410090403388341
1.0378161961096426
1.0194730239651655
0.9775726477923095
0.9893196044071607
0.9651500191197167
0.9873358938479821
1.003493389666341
1.0033705809861224
1.001186592700355
1.003168029082619
1.0059280447871317
1.003443896168686
1.002185585537014
1.009651526495232
0.9976806906574732
0.9973244674744374
0.9976312570323445
0.9988892464184729
1.0087285684903982
1.0048690275927388
1.0032713728664504
1.0047604501124494
0.987042434989889
0.8796257867910791
0.9001203586091628
0.9853253013630259
1.0050140247832968
0.9985625815454329
1.0031066695037811
1.0033330168915713
1.0281935946564336
1.0433653949082438
1.0212139617597666
1.0507112497931315
0.9911592015337084
0.9930980629860682
0.9957525511814999
0.9909245810618585
0.9973130786317169
0.9974797606485709
0.9994128764077007
0.996157725132416
1.0006626387818185
1.0005706460964359
1.0005122972275455
1.00035216827096
1.005551803703372
1.0073269458806309
1.003539825373766
1.005721308417601
0.9981829705212679
0.9975403628277048
0.9974151781709439
0.9981544523013565
1.0075862933325699
1.0052446431857303
1.0057255121802482
1.0051810629823537
0.9723402297498083
0.9600662384901915
0.952184741601804
0.962906584439043
1.035337642163069
1.0317094886896683
1.0175377346853633
1.029105363752984
0.9346857843230071
0.9476946990088726
0.9356463843410643
0.9338196139914423
1.0153989569315967
1.0129995008028385
1.0204122925727475
1.0215541500487324
0.9972584392117236
0.9937616847585111
0.9950035469902959
0.9962785975789005
1.0020454054378538
1.0020693257369713
1.001746546706779
1.0019654544408592
0.9946957732006287
0.9961953214405258
0.9946438704122332
0.9971449937667813
1.0191485092178083
1.0208646175233602
1.0228043836590932
1.0388644605952926
0.9873731724476745
0.9744911214732347
0.9888437993655995
0.9699289077281149
1.0775818404642217
1.032022798222732
1.0456866698848337
1.0742019084126198
0.988708221322487
0.9754343053374521
0.9774136310556941
0.9653851327189197
1.0263874527079264
1.0235853386209157
1.0255066455595199
1.023025105475803
0.9993299923947787
0.998831515825448
0.9997391837967595
0.9989230594563083
0.9465826245003853
0.9630375474591959
0.9318079553473257
0.9098492939110812
1.028331295575188
1.0080454753936974
1.0192511037148009
1.0054758886568493
1.0001412914579804
0.9988779161437658
0.9982944765146569
0.9986870646405276
0.9814994156484291
0.9616948890998539
0.9718449524019348
0.9598354029250328
1.0085380505327117
1.0154061453251906
1.0188078625018797
1.0142343192618901
0.9970179375970093
0.9951337114892289
0.9957313222917629
0.9954395045546421
1.0105798716456607
1.0062880093723912
1.009143079802853
1.0065249835495698
0.9953222571421553
0.9941977431156441
0.992224805600716
0.995340988224675
1.0013717090123426
1.000877161706687
1.0008010436182098
1.0020619372503043
0.995667020835611
0.9921160797120749
0.9944411960478537
0.9943215891781317
1.0445403888161262
1.0138887386698645
1.0488863258148522
1.0211087944513886
0.997947123007049
0.9927706975638876
0.9918646478094576
0.9918260731188553
1.0037208357810412
1.0054337721114772
1.0023470313921568
1.00316884383277
1.011533653503595
1.0083929122108186
1.0089502862759259
1.0102869204852654
0.9484250818181464
0.947522998095691
0.8991099385990253
0.9595812661349817
1.005603302035064
1.0156280667849948
1.0145456899713003
1.0157721941698437
0.9997455341442704
1.0007930677733
1.0000376935292339
0.9996827050911725
0.9712497569574814
0.9706493651302972
0.9767313127807725
0.966416136467353
1.0057963377246513
1.011515610354621
1.0046711252596794
1.00865662118128
0.9968597563348389
0.9970787093595093
0.9967920963661868
0.9978968184131456
1.001533689252659
1.0013433582216462
1.000479337460374
1.0007095878613668
0.9982486315062924
0.9963969534062433
0.9968947388091888
0.9961996480503122
1.0009817184008354
1.0008655476870674
1.0006493386552797
1.001622437605458
0.9952819363076777
0.9995287842033483
0.9956550100739885
0.9966812940523262
1.015335111037482
1.0376449245464405
1.0167991907372869
1.0304543878143824
1.0130861438322534
1.0291419729158762
1.0254808182541375
1.0234901997648493
0.9885413770410139
0.9873470206371247
0.9905427057615472
0.9911670022631941
1.0534166369248705
1.0365743802722949
1.0493063785195942
1.05293608972287
0.9879376464254354
0.9857836874841833
0.9816338066934283
0.9804397197628394
0.9997060378377318
0.9989309301812659
0.9990843382896367
0.9996782365392557
1.0772946530391616
1.0664156717194757
1.02749968383405
1.075066747113856
0.964147161470946
0.9508559390097442
0.9352479516153611
0.9366479999115837
1.0113357020503297
1.0160745917887206
1.0101025140502171
1.021002936510324
0.9939541644427529
0.9796975917116313
0.9823231700844055
0.9864033359668305
1.0507894196501053
1.0881052861301024
1.0488474471278744
1.0651304815356355
0.9765775092306327
0.9401900931206972
0.9850576238170968
0.945123832535374
1.0090947677921682
1.007830778381175
1.011362194781912
1.0067414557323453
0.9975009269981575
0.9974748168433183
0.998470988653346
0.9977401271118751
1.0023320245385976
1.0012114634087155
1.0020368196171345
1.001764190338135
0.9942491844352344
0.9923407762251527
0.989549506052816
0.991777054369315
1.0584399975972787
1.025829829425527
1.058025240489872
1.0619646474217388
0.9981485002484638
0.9973073067222373
1.009398363156674
1.0126322465534159
1.026672140536962
1.0130241451455657
1.031500845420286
1.03660664301892
0.9892603650317097
0.9847052868866818
0.9799459757340906
0.9859466222812006
0.9917315182691027
0.9878049597446648
0.993846926914474
0.9926589900875769
1.0337712529955696
1.0432219977490302
1.029221391549903
1.0244357377989364
1.0007047776475058
1.001860681583167
1.0006515744889337
0.9998999916740247
0.9746561000177344
0.9644968918055248
0.9805881508024419
0.9543461708503969
1.0199195317207865
1.011584064394254
1.009628518500818
1.013587394720688
0.980338215521311
0.9792746909816229
0.9856852276472642
0.9839363183981512
1.006048338551152
1.0043588132060117
1.0041755025485501
1.004761382784956
1.0092090942371705
1.0064540893896967
1.0069296233462195
1.004448790246307
0.9598588228144124
0.9626416851441738
0.9466585547672262
0.9101107802331302
1.0183067189559374
1.0155518927145983
1.012465251434831
1.0188604531429635
0.9909972796619526
0.9943069523351847
0.9926713530706613
0.9909737311751253
1.0431725589409073
1.018882969363231
1.04816305138039
1.0170295444241835
0.995852346468911
0.9936735283566906
0.9920384768077154
0.9964794573297777
1.002169412192824
1.0025687851778837
1.0023485978605553
1.0030470842108867
0.989118670913715
0.9903557847041523
0.9875072896699586
0.990515872163004
0.9924853845594782
0.9839497919071658
0.9914244516411783
0.9911098775846229
1.0227766396715354
1.0280959886298902
1.0287837858073197
1.0120763409526712
0.9969879455208941
0.9930837453727188
0.9918204251254483
0.996688838955067
1.0112581316965497
1.012114116639679
1.00928272653006
1.0021506542746048
0.964494090052032
0.9550721867552723
0.9336107915589146
0.9344291854019728
1.0186921960772701
1.0215400445865495
1.019860906108778
1.0260109828821855
0.9909155858482167
0.9875571987746447
0.9859108037420513
0.983287866256943
1.0244137186773388
1.043838116118127
1.031909641003373
1.0327734148371526
0.9928706654320503
0.9904495028419786
0.9965105488884678
0.9900962895989802
0.9982936361674624
0.9975779171099373
0.9974157684359652
0.9977257020974543
1.0617900942227294
1.0552529884153259
1.040807130926329
1.0391236005357807
0.8819591829781174
0.9141508064320756
0.9175812558502606
0.9212744160998978
1.0145686285367321
1.0105818722980264
1.017197817161959
1.009668452350243
1.0469598579810875
1.0135316383854802
1.049545510936319
1.0573491070628604
0.9947983731909901
0.9922997318647006
0.9837580383113043
0.9955391606514272
1.000634834233241
1.0008325655588908
1.0006332659619512
1.000423013448411
1.000889291804911
1.0001581617728534
1.000661636605271
0.9998604297129426
1.0031077630466847
1.0066586746476969
1.0032251581823985
1.0088816471458724
0.9730991970039897
0.9913880177963296
0.9453033272095216
0.9553682925931892
1.0146418496509082
1.0133270977492894
1.0063300661923817
1.0135026679344443
1.001360461220559
1.0109728712282628
1.0077970107318346
1.0098821161926506
1.003456393249431
1.0020863793310173
1.0052531078701779
1.000190776295139
0.9994949365132285
0.9995805573122195
0.9995575966152815
0.9995181942910525
1.0001790553410272
1.0001717989010117
1.0000903635019918
1.0001563936139197
0.9999935296919623
0.9999860145829066
0.9999800520960078
0.9999889756885961
0.9998017593098996
0.9998117215340391
0.9997977537777488
0.9997954986678491
1.0011104810619138
1.0014168107926138
1.0009659816056922
1.0007107359431018
0.9946893330047704
0.9922327320167911
0.9930570785343957
0.9933631927915022
1.0026667092166044
1.0041270348937157
1.0068719272375015
1.006424309941231
1.017831620964867
1.0279021780057327
1.0216305730594262
1.0331465766961785
1.0212912850843536
1.01964938548838
1.0211900386247657
1.0076631171701826
0.9947396331234065
0.9961238474426356
0.9923154752515821
0.9936019612623853
1.001646157671988
1.0032307574310657
1.0009374977832954
1.0036587844674731
0.9994925842735486
0.9987578879363627
0.999272350841056
0.9988601846670164
1.0002414421422787
1.0001850483762846
1.0003193532066164
1.0003654452738546
1.000013062757162
1.0000335516386625
1.0000128663718848
1.0000267115093802
0.9990258664597632
0.9991861299384857
0.9990224060261714
0.9992239199442182
1.0085929476035647
1.0060558162007487
1.0042622447398557
1.0063895747716929
0.9907315956801024
0.990271474725349
0.9878300702407852
0.9958688211316262
1.0047004751509925
1.00564501286088
1.0060195759714032
1.0033574978931015
1.0002028164321282
1.0005498358552671
1.0003710880780285
1.0005207050859881
0.9920024640846636
0.9963876011773419
0.9920845372885188
0.9937749654099505
1.0003239679487352
1.0014616325370158
1.0002609022245652
1.0034209382632058
1.0143057835874274
1.0273434088339264
1.0397736793541454
1.0241247511408618
0.9971389470686174
0.9948997638674583
0.9891042523434603
0.9895677220658707
0.9991406257054392
0.998585251823467
0.9975002311062877
0.9976116466277998
1.0197249736038956
1.042991826104771
1.0351463543533252
1.0292608959304588
1.009922781945882
1.0071421065976922
1.0042497026057422
1.0077659285417704
0.972101767633688
0.9703078781109257
0.9905428613126499
0.972753080563152
0.9664747271392083
0.9695083994006979
0.9906435117203647
0.9728101671756095
1.0068888323420087
1.0080374360079234
1.005043617744719
1.0052919460227812
1.0122555037192646
1.0104560998689873
1.0057469999113473
1.0058345292574833
0.9383349219538644
0.935642589792008
0.9600538722663243
0.9622558689430615
1.0049904673076562
1.004806177836134
1.0043525509723628
1.0037799082033199
0.999197924066212
0.9988895232919155
0.9992315973449998
0.9989229935516897
0.9999603342139586
0.9999319660874941
0.9999954851339944
1.0000308249477676
1.0019775318073927
1.0015559966876693
1.0017073153930554
1.0018062151969733
0.9950700915530117
0.9918325761491875
0.9892924486159715
0.9874299810901086
1.0140398947592317
1.013105541950184
1.0115794636965851
1.0067071195095265
0.9953404468848317
0.9945677797139025
0.9879987415967919
0.9918547581430809
1.0009285871636802
1.0027612793399143
1.0014945408051974
1.0018336911689145
0.9993798803568908
0.9996405938628193
0.9996557757208734
0.9997970903563722
1.0001349959133483
1.0001542480193064
1.000102375336289
1.0000576918246082
0.9995368597136566
0.999813721493413
0.9997823343694946
0.9997773876515957
1.0018081033733566
1.0014199533571708
1.0014064991344
1.0021740283405394
0.9851673157062438
0.9880441003438788
0.9913301186588226
0.974803136928001
1.0678821867509214
1.065626345207578
1.0282713229870242
1.0591986706123484
0.9848588583868549
0.9679521953358241
0.975580677248124
0.9885206583295147
1.0281691381044231
1.0754473657979984
1.0306624004212417
1.0825607839537443
0.9923758849412047
0.9879231500460431
0.9797815451853287
0.9832138657939871
0.9997591010221997
1.0000297068145676
0.9988825839075266
0.9957517133740675
1.0602214753330201
1.0723690683924583
1.0553430161248671
1.0691585340407044
0.9906256750976672
0.9796594253729458
0.9861020726355836
0.9870477998880997
1.0028849608810297
1.0030955461700461
1.0033260765694247
1.0017761681147488
0.9978206643908216
0.9978460233258403
0.99812749992184
0.9963417120020489
1.0012662863581263
1.001273542387027
1.0013789268256652
1.0016137925246058
0.9962479431901383
0.9940524148660788
0.9945286139899784
0.993799221973984
1.034572484405109
1.0162638649839755
1.0381833333966681
1.042552769074008
0.9903462999235966
0.9930998958214681
0.9934649266813852
0.9905800315506571
1.0202681108429834
1.0123144354425053
1.0251735114602292
1.0159988865982696
0.9935364915858802
0.993142131724082
0.9942334133213426
0.9937596331514791
1.0124812902153864
1.005231055135882
1.0026586971983593
1.0128453428098956
0.929325924875848
0.9810615139322423
0.8861490259900269
0.9047031844664489
1.1050520609110293
1.0480091867665506
1.1018218545221656
1.128457812544347
0.9726873919336608
0.9768416354172225
0.9634176545429837
0.9715046760523585
1.0112816736798116
1.0109890112011661
1.0085307378934163
1.0113704588737302
0.999109511976316
0.9980509995007742
0.9981132394059437
0.9984664630550721
0.9991774194670043
0.9990348315153019
0.999420493061839
0.9987237012763003
1.0125626996092718
1.0029946218111874
1.0127890822239156
1.0057093249834579
0.9985069256952626
0.9980721380560329
0.9981371302747439
0.9980851767490825
1.0019145861005203
1.0014090030807279
1.0017751313831893
1.00156653741464
0.9933992109592682
0.9923122144856783
0.9948325181072619
0.99016805018736
1.0583080824848679
1.0287618794590478
1.030190000151011
1.0520327553674234
0.9646983282151124
0.9516502046689916
0.955200415307711
0.9192833407451025
1.0109241691967514
1.0117146507685362
1.007232649114198
1.013500081033382
0.984196191145487
0.9891762512196236
0.9831904354612859
0.9890570195702372
1.0297280520120289
1.036789360387039
1.0720379073931297
1.0668395329910538
1.0004844315454908
1.0045695061705606
1.001854875939596
1.0047718731196111
0.9968383162311287
0.997631583646736
0.9984916950210851
0.9975760745479667
1.000253485172885
1.000577859393281
1.0005008949192014
1.000684803488523
0.9991167407551079
0.9987298680423028
0.9990765332541823
0.9982983406378504
1.0063814622266032
1.0116259737220337
1.0132729152578814
1.0142513529451715
1.0167503034590608
1.0176647773808971
1.029698380619638
1.0283263061364114
0.9922600275504414
0.9968518622011941
0.9918553699998077
0.9957978549513107
1.0013882971288088
1.0015819990169814
1.0023379372354375
1.0016116702051234
0.9942969393263376
0.9934043767450247
0.9920250071273089
0.9939071402125256
1.008257503463948
1.0057903819921135
1.0114026644297494
1.0066950443675544
0.9987708500052728
0.9987187947801055
0.9989925298793649
0.9993696389939919
0.9978812887058962
0.9987391494420795
0.997195579715127
0.9981472957470011
1.0004958346246597
1.0005347649099996
1.000586585827553
1.00024852022136
1.000132285520179
1.0001645178508363
1.0002023102897553
1.0002073191309586
0.9987435539941404
0.998024046052626
0.99845844693228
0.9986841395087083
1.0073282395788197
1.003757482032685
1.005738715661125
1.007966935280521
0.997772392642302
0.9957654841623563
0.9970732600947296
0.9967201238302598
1.0010660649667755
1.0010051336686812
1.0014774725152893
1.0018757114268155
0.9980278255837183
0.997275347503839
0.9968888482478852
0.9972564050822084
1.0068730816997598
1.0071524752814125
1.0121867342321988
1.0071909663743508
0.9979092218894592
0.9983027965781733
0.9986448734273606
0.999038995381981
0.9986335329065319
0.9987529930872329
0.9982105370433635
0.9993469795795087
1.0002245354152017
1.0004345338097054
1.0003263084916716
1.0004046555950723
0.9999236883172234
0.9999535206535067
0.9999668268336075
0.9999140783544583
0.9997047584442145
0.9996915293367431
0.9996421257504591
0.9995888128899072
1.0034391792048132
1.0036594409319128
1.0048352340091884
1.0009199726916111
0.9886649677614816
0.9663508315267432
0.9933587761948834
0.9882464602814016
1.0008183189372482
1.001844388561536
1.0026347845519241
1.0007819886353497
1.0029643912263837
0.9987166385972949
1.0022467277645186
1.0006442314134247
1.0251557426309388
1.0228007953308185
1.0255465300234041
1.0324174133378954
0.9849581507806532
0.9948384697659818
0.9966395764584137
0.990525826729313
0.9969702216663944
0.9763502126003087
0.988647194000212
0.980764264662586
1.0060812584079766
1.0058801521913288
1.0085317436254548
1.0050709985625172
0.9944472099897846
0.9957361072396463
0.9982866681922127
0.9965670404728353
1.01950566357598
1.0080229592776973
1.0140686411678994
1.0039551476577444
0.9971992915468548
0.9979429938027448
0.9960657074161495
0.9984640986268398
0.9972901928694357
0.9954652532962992
0.9966177728324992
0.9983504467362002
1.030102162403517
1.010401799502518
1.0305664569864859
1.0163917843731367
0.9859505010621031
0.9693652193566834
0.9712375195328983
0.9826332324120911
1.0100895625189843
1.0312353054790124
1.025023552389781
1.0438414836015997
0.9959919834843516
0.9879180239925387
0.9870651948745571
0.9890878141459557
1.0318544052602554
1.014773558289536
1.0114923452661357
1.03583483069128
0.9896589034134761
0.9917816414312753
0.9914795990922941
0.9924224450656094
1.0041895759434931
1.003938835040792
1.0051473652518692
1.0046724663426878
0.991663155563642
0.9865334116324422
0.9823541939062663
0.9862942773415427
1.0543840124468746
1.0178797840019664
1.0742472033726747
1.0433738627928508
0.9875773885524931
0.9808939689387098
0.9842122496589315
0.9882172614127279
1.0024814869966352
1.0041004076468678
1.0042785541219397
1.0019506802449785
0.999748012975483
0.999996896729748
0.999920932262929
0.9998567699598537
0.9963202855947207
0.9975420526205635
0.993239103380376
0.998083179420194
1.0004589004526356
1.0056105880023123
1.0061286031723577
0.999449454354017
1.0065153445536263
1.0090282015659395
1.0123219279734539
1.0186227153219913
0.995767307975617
0.9965087840047889
0.9929013805188502
0.9975170809334306
1.0011141993006103
1.0008224271708968
1.0003753664741786
1.0004435234623301
0.9997581534235914
0.9997572463617348
0.9996998530412274
0.999815404175773
1.0009182171574476
1.000437739462277
1.0006558644416537
1.0004046394020618
0.9952313432060664
0.9967526979895391
0.9965543284985845
0.9965199157918249
1.0009457681735552
1.0012120190070235
1.0009144982637883
1.000927742703112
0.9998041936976259
0.9998900185231713
0.9998154074991259
0.9997690430748
0.9999937260828932
0.9999980780600101
0.9999970490632885
0.9999854721451676
1.0012463485337608
1.000564164771832
1.0005883434213285
1.0006110966643689
0.9961745262055232
0.9905211753496737
0.9914104781593387
0.990022734037703
1.0267228493999565
1.0394509200242923
1.042217275634112
1.032405553947678
0.990612150348078
0.9916154094833882
0.9914461092583945
0.9852626255841922
1.00211398969264
1.0038161096713338
1.0020330028929938
1.003635878083422
0.9993561791139237
0.9987555472289036
0.9991188098870234
0.9988129921877447
1.0002457886998648
1.0001667498350908
1.0002158831811976
1.000199143430871
1.0001663038300606
1.0001717091085092
1.0003155132210602
1.0003785122470512
0.9980065756786601
0.9978836223047752
0.9978172946730333
0.9973929332626051
1.0161228696900786
1.010805471714927
1.0097226189112443
1.0170088807816697
0.9737948810780518
0.9601515911992784
0.9450284248425502
0.9871396646181755
1.0009659479470727
1.000650068261238
0.9989534380051622
0.998543369281589
1.013339694256415
1.0099567253659447
1.0200624027049274
1.0408048308995668
0.9964991024992402
0.9999549379547377
0.9992566913575744
0.9947956572482339
1.0151091520523674
1.0337323832663292
1.0135686113296116
1.039680627530717
0.9956328792705074
0.9961089875158877
0.9953835867432105
0.9959684579787285
1.0259823725476922
1.0179678614985594
1.0089535345861715
1.0206995861505734
0.9942351186178621
0.994239207119227
0.997502287706392
0.997151145406154
1.0116332224013211
1.0088366473021522
1.0044897135504676
1.010412011555049
0.9615925790269315
0.9466658867574208
0.9452067800661119
0.9687998114513225
1.0254950821675857
1.0181604946547342
1.0171332198763334
1.0230704612731165
0.9904251591459621
0.9931413586586156
0.9928617195426052
0.9905238896815738
1.0024682602642763
1.0024142194183705
1.0027318470652975
1.00263188186022
0.9989113306787085
0.9988529797600683
0.999270147409522
0.9990284286129767
1.0002572171132278
1.0001957633435317
1.0002071467114428
1.000332817680209
0.9999351741631741
0.9999517682350282
0.9998904122174403
0.9999146170939865
1.000091409653154
1.0000523520821907
1.000109868278125
1.0001359548499322
0.9995228455852011
0.9996431221839833
0.9994786358081968
0.999557781815596
1.0052354070020504
1.0057367760060927
1.0024541171034125
1.0051946990552825
0.9941155337451242
0.9902352766975593
0.9913103176240388
0.9886966951985262
1.1280461698902808
1.1232899409658406
1.1236520089736182
1.0295537695030998
0.9899568602411442
0.9844996311566234
0.979802330912915
0.9787199281006345
1.0051752354528256
1.0007527589232832
1.0024619448408625
1.005466511294256
0.9986859983862236
0.9991113685071485
0.9984598260283094
0.9990154898247835
1.0021070321153813
1.0015883850538931
1.001288497461527
1.000716027032588
0.9815753322311426
0.991697451887365
0.9815336660739915
0.997439613149778
1.001588251587244
1.002341257028138
1.00213867021991
1.00092142053412
0.9989796205591227
0.9989498786146842
0.9991552334506739
0.9986941905699375
1.005020865387816
1.0024874270928594
1.0056085776271242
1.004256891139328
0.98803117663521
0.9929274612972542
0.9935999408707925
0.9958325582881216
1.0012868171868026
1.0027217573437774
1.0018937208564247
1.0012164830333696
0.99965372282104
0.9995944252644153
0.9995917174125313
0.9996800502166956
1.0000611926451437
1.0001295629915827
1.0001008617575995
1.0000386843571851
