0.027583159610778046
0.998866585195292
0.9943362346256716
0.9980474164996535
0.9947234471785735
1.022295980993544
1.056810741002143
1.0178857569477602
1.08439728811543
0.9854927165245219
0.9808896418751587
0.9904712627139156
0.9871420590343224
1.0022066557929994
1.0021708807861103
1.0022839032451747
1.0029570620928074
1.008480934939533
1.0070643379819952
1.0047563452573043
1.004799357824139
0.9857934039840756
0.9688789230242233
0.972392063093014
0.9791976492425292
1.0028669037020423
1.005102452908633
1.002950178679854
1.0033145181158325
0.998972695726517
0.9986065730719064
0.9986039147107604
0.9990969042361739
1.0001879039500492
1.0002968214835444
1.00034409711473
1.0003805283394545
1.0002209128571131
1.000300343221634
1.0003410262905397
1.000276362170787
0.9989268726144536
0.9975585488404172
0.9990470547258522
0.9980256355413789
1.0085336003208454
1.0097764911419451
1.0062670560601583
1.0118913892451709
0.9950353389117002
0.9956066038651387
0.9951936799991739
0.9955201096252344
1.0186076699609636
1.0073868110514013
1.0223777397098133
1.0239746445729923
0.9863640545318795
0.9929178419172693
0.9963975962719929
0.9937672018265192
1.0054058845645475
1.005414642816113
1.0056761114287682
1.006710660477043
0.9825823599204042
0.9814577360001875
0.9704238390102385
0.9737899404889064
1.1235598558553546
1.0709967790997459
1.1167391352157001
1.2252862247856466
0.9459510621362712
0.9583499536833604
0.9578248489475745
0.9530466759859272
1.025204672682708
1.0288427995879306
1.0240957066621035
1.015602632679347
0.8851343414217429
0.8677109113270883
0.9157737483131622
0.8846801362871588
1.0287904489600979
1.0264261822185923
1.0274192618485725
1.0519875520508866
0.9897520469322544
0.9916977311485425
0.9945628914834678
0.9890842845282602
0.9992739112838992
0.9993445762887295
0.9991228271879462
0.9993534148904474
1.0190368554385052
1.0145088186046272
1.0114956713706147
1.0259383823107897
1.0010460627232307
1.0005060743861909
1.0026612725804522
0.9982362358503656
0.9993709302464371
0.9992661438494057
0.9992898256051455
0.9993178586581902
1.009953345282086
1.0079512149295262
1.0060124411173528
1.0039781192545327
0.9241705971421793
0.9613931074795716
0.9678506325748264
0.908190495936436
1.0182249015551776
1.0184323653738658
1.0172739370200024
1.016645685560985
0.9977435181983008
0.9959650582241475
0.9956183794927526
0.9973989997035764
0.9959174353207136
0.9913525805850062
0.994277272023482
0.9901166212073044
1.022507283846098
1.1045745681193078
1.04525572916651
1.0392342131508414
0.9901533149842318
0.9955722780097863
0.9933850017060994
0.9876703470988395
1.0021914811038064
1.0027791552956422
1.0047272579799753
1.00451045119719
1.0008770593958038
1.0009239033840445
1.0012416446822074
1.000578188378152
0.9838119657260456
0.9932653830403979
0.9896781425480453
0.9745993763515808
1.1077206036481881
1.077364306999273
1.042205378264478
1.1254911409054058
0.9669684696187375
0.9579781713927309
0.9870440641810173
0.9565229878427055
1.015255914371071
1.0076881946057887
1.0188742313784678
1.0081045717177597
0.9929441459320882
0.9825787571147433
0.980915871550621
0.9794943863449809
1.005239204492125
1.0034887857411823
1.0045491722583149
1.0050126510951445
0.9973685752886673
0.9979871621761164
0.9977991799755607
0.997042876506641
1.0043373885682612
1.0048978216292217
1.0032174682866826
1.0058296504900721
0.9810529601100821
0.9821977826258048
0.9832292167666907
0.9801975288541086
1.0018616712777413
1.0019014122186665
1.0011616872963813
1.0003577860175146
1.0035825472887472
1.0041969173014884
1.0035531546290215
1.0013622168947007
0.9679849662877594
0.9761310878701004
0.9876657173466996
0.9810942227696997
0.9893654670392873
0.9904318816011214
0.9749184199965615
0.9913120222055504
1.0015878303723318
1.0005589531345012
1.0020202261421007
1.0025555085754247
1.014328004442401
1.0129492564725273
1.0168710930578029
1.0054267778191526
0.9940344767673839
0.9966973780063991
0.9942775330832108
0.997880059106328
1.0088224985471859
1.0246198353494853
1.020300048861071
1.0051471779607624
0.9798425430425504
0.9833739843401091
0.9884974782229986
0.976744973401583
1.0266817025164614
1.1203543735906032
1.1083169104182757
1.12733634426235
0.992178003515389
0.9954430152395076
0.9781826878994055
0.9976455544325414
1.0007764093051312
1.0013324508328698
1.0015568566080468
1.0021888451722587
0.999795533659128
0.999795050675728
0.9998837654738646
0.9998528444742072
0.9966959760337795
0.9975833262771359
0.9967194164868793
0.995997999768475
1.0237428548695633
1.0173278319920425
1.0214034871488002
1.0168030248540902
0.9941494837828638
0.9941477892431839
0.9950358678051061
0.9920614990989038
1.012689653001181
1.0273287913818026
1.0148916813527753
1.026249100699501
0.998149785798657
0.9968756324598971
0.9976118567735884
0.9961677408718407
0.9981180057932836
0.997152344025568
0.9962120539726531
0.9956630301313847
1.0375325685246015
1.0159920367295565
1.0427045306271092
1.0103938514925745
1.0355808364299466
1.030251253527583
1.0205487576408865
1.0093838183975399
0.8824077798540103
0.8945879427294933
0.8354710491945635
0.8439894431431693
1.0348865025659781
1.0335524736273574
1.023147502717481
1.0417270598304005
1.0094758159013077
1.0024270969026987
1.01088443361568
1.005868140277878
1.0219190054275868
1.0600829220833334
1.0576654505353262
1.0620191660067908
0.9926418575267933
0.9835291771341379
0.9904835104606566
0.9845210497656682
1.0028137558482701
1.005230274211711
1.0062269639019326
1.0058902665710177
0.9993286428403938
0.9985929756501464
0.9982254951320849
0.9985107910208045
1.0005054913966427
1.000510372402109
1.0003538067318383
1.0004203664466413
0.9998617917022206
0.9996431301558336
0.9997725796659088
0.9998562769350323
1.0016070510970818
1.0011348136420901
1.0019491976051031
1.001362216165494
0.9937297690787705
0.9850060468288645
0.9834911678782071
0.9853754304162933
1.0314668891545835
1.0386499339373305
1.0230994934612891
1.024553152399371
0.9919056416596307
0.9956068995555222
0.990062780988504
0.9925836625026708
0.9987712092567579
0.9990883266289734
0.998642011513048
0.9990051244799419
1.023502999988308
1.0235997816577753
1.0220821671463762
1.018473726939978
0.9913870351429896
0.9881142089599728
0.9903012467598019
0.9848368097639097
1.0033113820133166
1.0095709182745372
1.008797627746765
1.0007509903106018
1.0090279170827388
1.0028501287982747
1.0147855178465528
1.0053704564188124
1.0338815140058595
1.00828849177479
1.0376011220058965
1.0127790072897938
0.9718226973909956
0.9463733534520339
0.9623100053438776
0.9798089665509491
1.0003842574374997
1.0020620519000827
1.0002851188815052
1.002425115430471
1.0172523600890166
1.0063276823229006
1.0175330390618644
1.0171270255822407
0.9185506657911474
0.8759229434652569
0.8647039360083021
0.9117798569283431
1.0300173446270975
1.0415355853572623
1.0430962446811896
1.019554495817734
0.9938876148289576
0.993130981800885
0.9894438070628315
0.9937504432826528
1.0016684447161412
1.0009161208510586
1.0009576345870799
1.001039422493056
0.9997943382497596
0.999951302265783
0.9998871348484694
0.9998685614926919
0.9999214319918203
0.9999527076860186
0.99987900699495
0.9998948477842817
1.0017785129073429
1.0014045596426757
1.0019764911280118
1.0010842531720872
0.991560711730393
0.9871381725642102
0.9892646727593908
0.9839178949663517
1.038916334742804
1.0673417947546613
1.055108222589572
1.0802913424178087
0.995422990550075
0.9905600306910672
0.992473759990413
0.9934335828679408
1.0070983690954263
1.0197648376828619
1.0070696651924442
1.0220493032087419
0.9982202570497819
1.0013123134759134
1.0022623628955283
1.0007116161591942
1.0169508510733558
1.018637647199333
1.0122720874607403
1.0084490559888264
0.9978504079499613
0.9973952326398583
0.9982433574532615
0.9984744834356679
1.0017107480089142
1.0015850239105808
1.0018375610180565
1.0020928398707585
0.9746689498156528
0.9719717232282805
0.9865454116874827
0.9718332653039677
1.0051489042128543
1.0041912573965184
1.0075433408364034
1.002246450295706
1.0069899557237616
1.000833591050997
1.0088332568908662
1.006948469570896
1.0108224663614807
1.031416393076212
1.0208958376096848
0.9975561183623356
1.022415013752599
1.0635201583760645
1.0639485950004492
1.057601566364631
0.990655997600934
0.995363950006622
0.9931280368128486
0.9908829042528536
0.9709929109760801
0.9718508688094599
0.9791769321223772
0.9640542952920073
1.012221019666937
1.0024147864702462
1.003661065968261
1.0100539737159193
0.9858986285618999
0.9873611868270961
0.9870062878717911
0.9959627671393447
1.0068048514190715
1.006650057046727
1.0120374902708213
1.0139091681605843
0.998817303434834
0.9984776350136062
0.9995501668069855
0.9988942520224366
0.9965483282024343
0.996805646227916
0.9934004706599936
0.9923892163725929
1.0684519840875049
1.0974520530399587
1.08751402001615
1.060530426319984
0.9966342736330198
0.9895314290354345
0.9893577697697203
0.9934518584282185
0.9938484641935014
0.992682640829856
0.989893752703388
0.9921060149148985
1.0390060943729909
1.0569082961582887
1.0531176393277664
1.0796244427136292
0.9924971593071757
0.9698817878360388
0.9878857704135723
0.9822387324098322
1.005465249990191
1.006593364967718
1.0081273821241028
1.0099371847043745
0.9944710799858171
0.9929336582119443
0.9926338881365439
0.9898391661695971
1.0210659386748229
1.025160559729756
1.018518668485942
1.0226674040299435
0.9928956403076711
0.9939507663085653
0.9918587866468068
0.9978965506061237
1.0004905200165868
1.0006093482215634
1.0005601754549553
1.0009003916896637
1.0000473527140559
1.0000368862013373
1.0000491017539974
1.000014998859285
0.9979799470934775
0.9990794790205452
0.998087716424312
0.9983931074829292
0.9985666942947555
0.9991736807897929
0.998744889480414
0.9982786652413286
1.0005348508035157
1.0004191655164694
1.0004861557800826
1.000260065361381
0.9999601403475653
0.9999654717656565
0.9999604254420341
0.9999697878925125
0.999876960406688
0.9998097396141656
0.9997427082751894
0.9998620948111375
1.0018858081195041
1.0004834671351515
1.0018105185758677
1.000775813737178
0.9924296507890579
0.9897094365722112
0.9940712118907553
0.9947777465656814
1.0304547158902877
1.035015346613266
1.0378583573930755
1.024086682445582
0.9763041476037876
0.9880917913462639
0.9831263392664689
0.9723299172907031
1.0621279608119665
1.1165246017832522
1.071311084338089
1.019740917926776
0.9967452202843124
0.9917924293780143
0.9897891790815561
0.9904856585292194
1.0040133033925631
1.0041965359193206
1.0026102533188463
1.0009362866942721
0.9993868684571104
0.9993941087974139
0.9993828584157234
0.9997040963718111
1.0000775484267217
1.000084351694603
1.0000706029988518
1.0000446875608768
0.9999649411143323
0.9999598239173517
0.9999683626436406
0.9999589468771881
1.0004445475928376
1.0006792017299981
1.0005120252451147
1.0000629645693668
0.9920822055060661
0.9959316575621989
0.9941790913772447
0.9935924669874563
1.0687941819394344
1.0477101477919921
1.024999053698907
1.0455423408297986
0.9858537106958432
0.9853862819897937
0.9814094608479075
0.9795657892318508
1.0029283066591588
1.0032100680058962
1.0047134914441453
1.0032419106606596
1.0063562251049238
1.0052190605293392
1.0037571979553697
1.0057537599491926
0.9994562766786869
0.9987811515508017
0.9990610875636006
0.9992182430404745
1.000187619247833
1.000118655678309
1.0001227696408672
1.0001757009397398
0.9999644413007603
0.9999185632167112
0.9998850923228746
0.9998971875710728
1.000445200269765
1.0001099303125647
1.0003286404161233
1.0002119216801004
0.9981039757125698
0.998025504606763
0.9974062357760601
0.9978677701060622
1.0059380221333185
1.0068088984137922
1.0163475841116385
1.0123444343376462
1.0150571741003014
1.0378658467633466
1.030671386182794
1.0241346483083311
1.0001276668589567
0.9991602179655761
1.003646784834693
0.9969517218548235
1.0236739735556266
1.0185732795973383
1.0246081636025208
1.0148556405613598
0.9857434195126945
0.9835325956234696
0.9829414581986559
0.9912248847624203
1.0553752586544891
1.0490642326797073
1.1149497694930386
1.1098605437132674
0.9767154539466039
0.9491868634402384
0.9653112724440721
0.9817939076517656
1.0194294424566968
1.0279187138381463
1.0313835886586409
1.0180139846027043
0.9932870271071287
0.9937732846533867
0.994612308261592
0.9959419863713762
0.9941051643643615
0.9908919638944338
0.9880473073409425
0.9923453604132565
1.015339061245709
1.0101048580557936
1.0221134613802239
1.0157285611478242
0.9966395700493185
0.995097505729512
0.9978598245539516
0.9971845823295613
1.0129062688477548
1.0081229872966937
1.0140518180173481
1.0053551439330886
0.9926969082561756
0.9909688381737334
0.99157185159312
0.9904414012476574
1.0395275648749167
1.0291207670037166
1.0424390598940887
1.0127401104856266
1.0012341169868908
1.000248620132638
0.9989457452588761
1.0012200145349563
0.973071586177073
0.9894782232816988
0.9808077212312135
0.9711810250188049
1.0555909401558985
1.0511006494593818
1.070274858265005
1.065921102679006
0.9933745655961509
0.9783389065779
0.9850320956807713
0.9890975437400737
1.0377782034046608
1.0145548174308907
1.0157311504563091
1.0076120818620287
0.9502252937070141
0.9777594772520583
0.9600090395006562
0.8970366910630462
1.0107702515586596
1.0056536371108404
1.0133718789382806
1.0143213401535118
0.996618385114582
0.995202022715798
0.9962781106835342
0.9978722296956082
1.000447405749515
1.001039681938931
1.0005219322021444
1.0008707366756604
1.001691915569216
1.0013146276872733
1.001132413578254
1.0013992231006859
0.9951365670990224
0.9896358812764302
0.9899953196825543
0.9943340298383772
1.0023005790515613
1.0020791267196312
1.0027988360051543
1.002555203481757
0.9929052117716037
0.9974991585049047
0.9951056896283175
0.9932780712420338
1.0019949726958703
1.00159124007382
1.0012537299598934
1.0011750030807467
1.000752943681381
1.0010261039970394
1.0006039560029414
1.0006198994222406
0.995135149994746
0.997170401127274
0.9970464673195888
0.995675757045665
1.0087470236390652
1.0163287064098612
1.0165145796005484
1.0158167710220696
0.9990506192507199
0.9994623701346677
0.9998115548209526
0.9998633375154521
0.9768812244531492
0.9668771143006573
0.9909856009906404
0.973620365524746
1.0060802579801558
1.0081012550273767
1.002832547307864
1.0064536857383057
0.9950077576046462
0.9959184825380152
0.9949810191932615
0.9949190514616756
1.0136267785609845
1.014521338510427
1.0089725535296765
1.0208860930570722
0.993748154511303
0.9964789118951332
0.9980002337476754
0.9991256266240546
0.9988122863143178
0.9992952477213809
0.9990991584919698
0.9987174028998836
1.0146257768414588
1.0150320881936028
1.0006493736048543
1.0202479546357908
1.0351089775789628
1.0351318699010692
1.014434196359664
1.0380904913214024
0.9966937135410058
1.0005448868948041
0.9985170678607566
0.9967068192339132
1.0047121127120298
1.0059494173798254
1.0077436976203877
1.006603797509689
0.998894427170071
0.998635342112335
0.9977496313706536
0.9978992670062952
1.0006876379624592
1.0008004018737275
1.00053632362512
1.0005447722415528
0.9993631902621762
0.9990788332598584
0.9989010712520472
0.999540978832556
1.0049253403690783
1.004052156352977
1.0063467225572673
1.0059158593419537
0.9995715284927138
0.9994052157971085
0.999375555743022
0.9992661250756014
0.9934582574072995
0.9954220192610687
0.9942354030452772
0.9916950549962922
1.046369725186582
1.0308726058329578
1.0358074218715863
1.0489560527318982
0.9992762204501812
0.9982380498554998
0.998403173760714
1.0017529335403952
0.919072920208039
0.9565701277751286
0.9366897098222662
0.9437845367332501
1.011214812310687
1.0015701326661328
1.0098324139454917
1.014964925831636
1.0472691976480157
1.0301488208111504
1.0126212378860266
1.0178275512621373
0.9087546741707269
0.7069104662038272
0.9328511715210378
0.7298458159473987
1.056886136937259
1.0635071756661385
1.0463530395384135
1.0831653410429551
0.9728863020277292
0.9730483867915076
0.9751369801868567
0.9812262215752812
1.009439791296122
1.006791134107414
1.0128957109225223
1.0192263466140403
0.9934768569268817
0.9958838851158837
0.9904858686011824
0.9953343034600096
1.0035492962104295
1.0172513630024487
1.0220889950369705
1.0187333305914452
0.9980724741576794
1.0002075090112081
1.0019559119991708
1.0023551580103212
1.0275684878974003
1.0296824203879396
1.0204537371832965
1.0150881329866548
0.9912716142334982
0.98758415562913
0.9888191468618656
0.990290978096942
1.0364070581767413
1.0403650983026105
1.0113685445025382
1.038354428168871
0.9887149470891459
0.9856253632322458
0.9815515621352194
0.9866508723897492
1.0120453692702653
1.023906302911711
1.0322258368873753
1.0365112420282934
0.9947281104323642
0.9971206203317249
0.9964638123934154
0.9930321026995261
1.0011911615852191
1.000831679823047
1.0007284859831285
1.0006045350896449
1.0013514486529644
1.000342298029823
1.001199007459989
1.000976802734208
0.9854563214868851
0.9892904360082728
0.9916284949623234
0.9850287319972452
1.0030896039617598
1.003044218490711
1.002773704776287
1.0035094125313107
0.9991583035454495
0.998741563302446
0.9991350857685168
0.9991882022646814
1.000223484494533
1.0006951089668759
1.0006675902301718
1.000315222183215
1.0001853154521931
1.0006724379232457
1.0005494995570055
1.000563704489976
0.9961259966465166
0.9945374040453129
0.9942863416573993
0.9948083021325087
1.0221567505583926
1.0253225514508189
1.015525874815284
1.019107462707332
0.9897367351994203
0.9874289524790747
0.9925827867868781
0.9854789256498543
1.0217667488340516
1.0405831711070417
1.026927962683375
1.0322057032825456
0.9968495222022523
0.9939059080817177
0.9923239915736172
0.9962704516737615
0.996658234362472
0.9987300286184985
0.9967617021543699
0.99562819628624
1.0310678998484517
1.0178993628238244
1.0266844835752293
1.0336791466845192
0.9811723788726492
0.9909376417774216
0.988342979469894
0.9818728064247916
1.0120884165398458
1.0909623335823067
1.0485863946848806
1.0850039448453408
0.9806466582467827
0.9837378912102392
0.9812423373686754
0.9746278478471402
1.0166420491284913
1.0160781772103182
1.0139791927070165
1.011872798805754
0.9651182364219612
0.9821292081043917
0.9795094098888125
0.9594851776508196
1.009562132448801
1.0061123579247016
1.011839769511654
1.009328770790244
0.9917242814654048
0.9835668385066795
0.9891971974537337
0.9950069262201314
1.0273555474708638
1.0401447689294743
1.005036055546144
1.039410832295497
0.9626035369963495
0.9737876555590412
0.9778252559283565
0.9743477144291214
1.0044064119172231
1.0070020844947627
1.0057028589876609
1.0062428483157757
0.9989778041041366
0.9983059706639336
0.998357820514349
0.9987266283597633
1.0020209368726536
1.0032538095766699
1.0011574074249363
1.001590769179578
0.9944371459458993
0.9880697002860424
0.9925936401780162
0.9893331307971552
1.0032945650174871
1.0031517921294528
1.0024733240736086
1.0045646280702956
0.9944383151058966
0.9946750643163725
0.9891933549238532
0.9937360129016733
1.049713445236139
1.029521659110836
1.043786740169798
1.0118479236935263
0.9198882940410694
0.8838073077828287
0.9841729925861431
0.9310127701495887
0.936149398515115
0.9121729100897092
0.9137668713947152
0.8261994218051296
1.0397985286740463
1.0174785058968763
1.0531476689604398
1.0541617873171112
0.9925495964915724
0.9886057615878694
0.9886527745756343
0.9896343082391761
1.0017977277070338
1.0013827986065076
1.0036640934155807
1.003196813133113
0.9991372888128646
0.9992326608435446
0.9994537188443892
0.9994579341964954
1.0005076098998398
1.000272913457963
1.0002489902837388
1.000383782401622
0.9992355541849395
0.9983588177616504
0.9989024287914696
0.9990916985804618
1.0072396489462048
1.0092301660926808
1.010346901651158
1.005966199277525
0.995997842022877
0.9941996052309551
0.9950786560152395
0.9941504958285456
1.0026089827918816
1.0038362499727125
1.005643625405548
1.0037069678018486
0.9869706345838983
0.9904191255917385
0.9808752932014829
0.9856435416229873
1.1180171754235095
1.107057261847872
1.0845530372556174
1.0614202286995413
0.9785285363152926
0.9794647753674305
0.9732068446622363
0.980838200068201
1.0030299675244185
1.0055339124657041
1.0052429045016154
1.0054297903576173
0.9986341136693165
0.9980539901394152
0.9983055753626874
0.9990135126481907
1.001340788106379
1.0013620644103907
1.001399747560108
1.0013084027253232
0.9905509407891476
0.9947689993842758
0.9887693278759314
0.9922181880178788
1.0016150923563831
1.0019055692101082
1.0013522914779267
1.0017738818881836
0.9996230459100496
0.9996066629991008
0.9996496840705847
0.9997159186751544
0.9997796798163866
0.999842845055796
0.9997218092644373
0.9996948553907954
1.002198104640163
1.0019043428019447
1.0013906019595036
1.001488230783495
0.9856900521469694
0.986642650204137
0.982622843881825
0.9819832027365786
1.0015927018299642
1.0004925731042063
1.0004431875350812
1.0004549421883164
1.0229309051556634
1.0206175115515126
1.0131857180095194
1.0211586768176
0.9125139510300638
0.9315307098139601
0.8853158785727276
0.9177398516742565
1.0930999183862042
1.0505164216196154
1.0571082180331495
1.1033111719625213
0.9730317441672479
0.954458833322011
0.960430232540774
0.9651898074375282
1.0143066642935323
1.0072902646993038
1.011121002640948
1.014143308910333
0.9966850988309592
0.9968871750410607
0.9976190158097917
0.99689139551726
0.9964785786005494
0.9982365954376522
0.9977595429065607
0.9968898308154669
1.0310490794083356
1.0310252064202885
1.0601066163247885
1.031430625749382
0.9816523123634986
0.9870627089085378
0.992745727227956
0.9817192175300634
1.0189268013203558
1.0111174161662735
1.0179166092224112
1.0112038213417764
0.9755669867376484
0.971441234301995
0.970555897840176
0.969704159488083
1.0209614341182998
1.036184580366741
1.0203420464526096
1.0271790605752655
0.9363406059128846
0.9481245446516682
0.976427596244235
0.9370827542355807
1.0045766169953112
1.005740075355676
1.0268502011542757
1.0173349427302714
1.1556430393590387
1.1084522522853504
1.084823679834176
1.1472005365843707
0.959459620502574
0.9646665236791906
0.9584082624598228
0.9686395390873473
1.0174352065810974
1.0149349087163217
1.005839005341328
1.0049950234356317
0.9918875286539112
0.9883054924587897
0.9882146440430483
0.9922682029180373
1.0201841690527873
1.0128578048440446
1.0192611413734693
1.015276021443548
0.9880939028945191
0.9931313500107483
0.9870798712020514
0.9911549776049441
1.0300013714555456
1.044393085022826
1.0174952940148123
1.0450517154958674
0.9929497324332127
0.9909475837752761
0.9932743701716388
0.9900552450295126
1.0022556448637165
1.0013711211632403
1.0017071257098136
1.0021574080344615
0.9993835581692722
0.9991376401072543
0.9991277186058699
0.9993244316331027
1.000190746563715
1.0002268456024246
1.0001213371119169
1.000214781199854
0.9996254864913399
0.9997201287536631
0.9993099706363773
0.999730004612424
0.9978213998708783
0.9982506143435707
0.997699542632797
0.9972492970040341
1.0117412587768213
1.0206599706141453
1.0255992315622684
1.0107821342041476
1.0004579736091814
1.0003562553887522
1.0009517681079982
1.0009625095106878
0.9773520277006076
0.9836910081104758
0.9825500295516814
0.951712265799686
1.0213382641180266
1.0207156889336246
1.0295371923085317
1.0193298490193337
0.9959512794678507
0.9890231282225617
0.9929881248397413
0.9909652583757259
0.9928910078714124
0.9886730689570314
0.9865312549506615
0.9868363848848292
1.1023464783022725
1.10373076086555
1.1421346034999826
1.0649790922887865
0.9817446838443394
0.985069002051818
0.9805814427385162
0.9836476956900705
1.0113986089088323
1.012607858665279
1.0041760834592381
1.0127491206434407
0.9963829744670193
0.9969238830436822
0.9964816436350165
0.9990451486165153
1.0019258902303438
1.0004331700390665
1.0019509325749798
1.0024535442521623
1.0026062311225519
1.002333798620887
1.0021069418177098
1.002096929334214
0.9805886847819569
0.9812745995581932
0.9741415371953278
0.9817774812483155
1.012132718334934
1.0183352113207822
1.0254514507407273
1.0056623976481722
1.001073320436137
0.9998097523051858
1.0004315777428572
0.9914519762164147
0.9470630255168667
0.9432268969624834
0.9674592366134699
0.9668974998652673
1.0023819908818867
1.0018725626354057
1.0007532596752535
1.0018861458841861
0.9991329597001646
0.9995592078453007
0.999723998773233
1.0029975466345131
1.0297140634860378
1.022623156478672
1.008473730440998
1.0201188300957371
0.9978085453221485
0.9952265267011073
0.9963104660927959
0.9906906922681127
1.0167291643044971
1.015029884513377
1.0082721282142988
1.0160133880719773
0.9930324349761004
0.9876384192935712
0.9923829050626392
0.9823348424534774
1.0012829812832325
1.0018748003373001
1.0019491712833062
1.0023161141901706
1.010150479749492
1.0132860803078823
1.013915690994348
1.0125316830807984
0.996404140202595
0.9956477641677747
0.9975724681272972
0.9970508156426954
1.0007575721740622
1.000462686090836
1.0002212397672448
1.0006782714931106
1.0005269991647665
1.0010452333970836
1.0002301545247505
1.0011745325379326
1.0004620114747047
1.0005837043153645
1.0004212615937813
1.000377762646131
0.9970042282732
0.9970024076951494
0.9954630207255418
0.9955093069187642
1.0452415251696858
1.0397361598113264
1.0179974884084009
1.0093282178024578
0.8563978502507936
0.8836364223841351
0.9198969065960338
0.8731037775521308
1.0354942300905934
1.018457676551427
1.0358525542183885
1.038708577059278
0.9864055250980975
0.9951878216108018
0.988630895105671
0.99154991665457
1.0025952103874853
1.0041960316734724
1.001812908494916
1.00463087708424
0.9962047250661114
0.9979027398080057
0.9951810626638901
0.9958225078377247
1.015012093355149
1.0185109790663778
1.0112036683105357
1.0403136808229323
1.0109278577898966
1.0025648969665875
1.0018416237049734
1.0074831214532312
0.9909524341882187
0.985338032190377
0.9820455381662367
0.9862486538947097
1.015552853242399
1.0100916904192712
1.0164538600835802
1.0225566015159564
0.995595365718016
0.9962366690238108
0.9955058567921142
0.997008368544289
1.0038312407071421
1.0010844780560666
1.0023733510231676
1.0032340047689319
0.9920271031351604
0.9911789512614149
0.9915830503644895
0.990958797593303
1.0250696649284958
1.0263337843211313
1.0234199755689681
1.0732542248552535
0.9861159907126317
0.9769283377995249
0.9880546007980663
0.9805174104411971
1.0025657602577314
1.0024343174291335
1.0042589328623306
1.0028428713345017
0.9899389180685279
0.9940755040579433
0.9941902964776665
0.9938715836653536
1.0011693204677998
1.001438920480485
1.00079865213952
1.0010316969407638
1.0024336002050043
1.0015679425514719
1.0031592743308524
1.0019373461338774
0.9888673363627802
0.9815209041086748
0.9837464588723313
0.9769250877629225
1.0728671469206892
1.1028455126384582
1.0772297809851181
1.024539790655519
0.972584669746716
0.9714339924481867
0.989704022147445
0.9693428623705741
0.9392609103788644
0.9125365629051941
0.9164116368092435
0.9741560981762967
1.0287797383019541
1.0105699127894798
1.0237325077553012
1.0152310260358324
0.99531879122838
0.994001012714906
0.9949554572530374
0.9955346716346712
0.9980018971556138
0.9980684548655759
0.9983541459125983
0.9979176589337544
1.0250922324254603
1.0133431392162089
1.014176522005085
1.0327463753678612
0.9983574255142754
0.9987524333264051
1.0015998094891276
0.9990638842449547
1.0005856555405828
1.000556746567602
1.0006109272790096
1.0005530839639847
0.9981668924417212
0.9976472498367795
0.996643752851632
0.9978127073473152
1.0112921359441287
1.0139882842328745
1.0134677274635773
1.0122619189564728
0.9936497235864814
0.9893898089444092
0.9912512941346212
0.9916683595669938
1.1089592662949703
1.1004259787574868
1.1341673896710192
1.1212753575483312
0.9520894465130012
0.9818862277491092
0.9491510247248272
0.9631635796339472
1.0127476532170359
1.018416485118604
1.0060831107435186
1.0118282090020467
1.0088145611594141
1.0225302774995888
1.0048748410541726
1.0188134866281828
1.0010695804517191
1.004229301164851
1.0000976623630478
1.006139134732101
1.0057054863741348
1.005329116700109
1.0059297370691536
1.0036242831831372
0.9418924297497507
0.9499551566660168
0.9070203257866917
0.9419180795652019
1.0559179386239006
1.0418168923067177
1.0579679718322117
1.0601414140574077
0.9938651633532136
0.9944761161216268
0.9974678213936455
0.9955725488205519
1.0223293999989835
1.0454890291584022
1.0336226116032932
1.0328792569034062
1.0039604927511105
1.0058030185118523
1.0041979685819935
1.0018346002180527
1.0004051119165314
1.0018734667788167
1.0010910338688292
1.0016284693406692
0.999826298491436
0.9998177948582629
0.999826245517707
0.9997800783702089
0.9980001773282166
0.9992302371268662
0.9980901438081425
0.9973033900473088
1.0228946725295376
1.0347012055204532
1.0340363675735151
1.032285507397867
0.9888515371306553
0.9890891966627532
0.9901382732645287
0.9899090551177834
1.0025486811827058
1.001373665547915
1.0023464003402895
1.0023042698798252
0.9997868075340873
0.9994159273964773
0.9993912981595036
0.9997120140224764
1.0001336367963034
1.000055322013342
1.0000810068762782
1.000149296746265
0.9996616186086743
0.9996914025248291
0.9995830002768514
0.9998214592493436
1.0023942487959585
1.0010961081100394
1.0020613876234086
1.002046264534508
0.9840828697764258
0.9885698900443355
0.9865991657359557
0.9792445561301986
1.0312856240434782
1.080753222865455
1.0730449889445977
1.0797749942926855
1.0084806572555929
1.0129552357984901
1.0160669816899812
1.0033933095250478
1.0272662732469149
1.017436610409517
1.0239551294216496
1.0402692303112842
1.040259590381028
1.0428771048994432
1.0134645210053834
1.0410288526417237
0.9835671812694237
0.9865787783359687
0.9858140751563937
0.9908648317579883
1.0038699892733407
1.0089447841966566
1.0033791411273014
1.0062459035507547
0.9909775535239709
0.9819785547798973
0.99416558793302
0.9895948686017585
1.0282050778561087
1.0679380289103522
1.062186286369887
1.0332843916526844
0.9919885267814131
0.985986152484218
0.9953868054525606
0.9948971282164424
0.9562388532248226
0.9839981122265846
0.9580215004614585
0.9540905002670205
1.0093736687874422
1.010759873847296
1.0085400271703877
1.0104263843896406
0.9998573491279201
1.000403655093651
0.9991222918982529
1.0002809139544624
0.9917760957045461
0.9934154822249422
0.9700960267440847
0.9743221153369233
0.9954178623446297
0.9846496904716563
0.9851717558977371
0.9980372567830239
1.0054227032846659
1.003728299675681
1.0073629073057504
1.00117354263841
0.9992793790961395
0.9982219689955021
0.9979490277249151
0.9982949516288341
1.0036917093559057
1.005040887597818
1.0030133332272055
1.0043385754360035
0.9921745732392795
0.9770242449444096
0.9744555641159962
0.9555277849919805
1.0100265298064561
1.0096295802129593
1.0125416922557973
1.012785491512249
0.9983699932800473
0.9922641847102128
0.9920536151725245
0.9911796306660285
1.0400090161755815
1.0368307640495675
1.0416869619349531
1.017651336823813
0.969690914885495
0.9054092096906723
0.8932102737060088
0.8781437567561963
1.0355762362186391
1.0384072386128524
1.0129641961899252
1.0143455476005043
0.995122580554257
0.9967397239227026
0.9981428075955253
0.9957256820814877
1.0013164946071893
1.0011977174406832
1.0022407656742884
1.000859985738883
0.9997149766347123
0.9995902211894109
0.9994849329173991
0.9995734373276598
1.0003014871631648
1.0003493794568152
1.0003084062218401
1.0002534733719362
1.0005597363181793
1.0002610661730216
1.0004824237041647
1.0004628377830072
0.998110203018125
0.9972304331381555
0.9939121865508268
0.9977798980719765
0.9957752042412558
0.9979745889585
0.9990683875528
0.9973976948128894
0.9622593615262278
0.9712786712737016
0.9883833662145163
0.9596377311027176
1.011742896124103
1.013300320253832
1.0099812083208577
1.0043881834805148
0.9966096599564327
0.9898624764452694
0.9969873250109984
0.9920392229309375
1.0209497803840275
1.0450779030595667
1.0434650405203645
1.0477471464654546
1.0150238875594089
0.9895699868276413
0.9980268350100225
0.9806468712451842
1.2039949665675704
1.116097930540178
1.1250042129500928
1.1467187956436877
0.9011018207713731
0.8985712902801379
0.9568969080675027
0.8912075245889227
1.1230535724474566
1.0775478472087263
1.1080822713079275
1.0805662460888246
0.9655708167124208
0.9730057635509969
0.9786751085341343
0.9808825552356293
1.0013866833093572
1.002333416521907
1.001337116446889
1.0022635220298444
0.9997894519300876
0.9995054111257304
0.9993747525663383
0.9997260671515629
1.0000560988348415
1.0001365912324491
1.000105426332029
1.0001092006643895
0.999998268623728
1.0000022821855947
0.9999958503447164
0.9999981863963993
0.999428692627576
0.9995249097494417
0.999365259796253
0.9997628575306937
1.0035686622557758
1.0019878164510787
1.0032766419120782
1.0029612752213082
0.9644879067910096
0.9533361181442799
0.9850923065577192
0.9886846478082352
1.0037170221410219
1.0039880049462042
1.006689521062927
1.004855985832428
0.9498835177900055
0.9743426908497109
0.9398462177058222
0.9644632087070968
1.007969662901181
1.0029408735610934
1.0084928189046198
1.0134650085976318
1.0318949844326981
1.0054326478776885
1.0218341104495285
1.0104430019755966
0.9933341106714388
0.9934876635912724
0.9969192952292594
0.9956597826809382
1.002895947183981
1.0017490495108956
1.0018943143554588
1.0028096833931741
0.9951221545566481
0.9913256583299507
0.990644607071661
0.9956012593277921
1.0007480763188608
1.0014200613497366
1.000636756286346
1.0009525431540736
1.0035095726339631
1.0049855584612317
1.0027517692362786
1.0009764334708082
0.9993022574135735
0.9994544226845421
0.9992234230981242
0.9991080392802306
1.0005319003033328
1.0004327028636995
1.0006525922567575
1.000701622021966
0.9922258725125666
0.9936003201315496
0.9973897682673564
0.9960700003802802
1.0023597312655184
1.0010961235312537
1.001581289484093
1.000671125994959
0.9995115247468194
0.9994599370388952
0.999747855477995
0.9996889843426788
1.0000400724158076
1.0000191295326057
1.0000299395232743
1.0000257281537963
1.0003827690650753
1.0001494666405544
1.000358088972963
1.0004223444023452
0.9975293336917661
0.9987080948168752
0.9971356047162087
0.9982761462985444
1.0097418730951493
1.0124442907408107
1.0154806845738786
1.009217021980885
0.9967384754774828
0.9967876517608206
0.9950481461399526
0.9984871181821691
1.0026510696602418
1.0015126749760501
1.0032824198509496
1.0021154056283066
0.9972017013486322
0.9930745890067675
0.9953752648288242
0.9849682886944519
1.0400371373986683
1.031506699388293
1.023558060762379
1.0181358233449012
0.9914349805839217
0.9894931451384112
0.9954729158468627
0.9962527417532872
1.0018278751118153
1.0018064018035158
1.0026898059056817
1.0023665174207839
0.9979631298608094
0.9977266469523584
0.9931216502657577
0.9967390106970394
1.0013796343473946
1.0012171620279449
1.0012613470442067
1.0003306773024623
0.9981980985973063
0.9976098386360575
0.997504791239374
0.9976161268220329
1.0148463957241702
1.035251226848348
1.005145002811533
1.020659587078226
0.9969786800012248
0.9947170449936185
0.9938499346239867
0.9927825839708223
0.9993886727199363
0.9989132774242655
0.9998480907927357
0.9997281045821886
1.0130336925598553
1.0146992080726447
1.0052671829122877
1.009600339202056
0.8096953330117097
0.7998362659958513
0.8251344044018156
0.8246252043205694
1.0554598624438984
1.0546031902551192
1.0365909298846876
1.0514441147347606
0.9877374916175702
0.990839507506172
0.9927809150792894
0.993503740536037
1.0173625278883427
1.0104230521429785
1.0069526700389069
1.008893499341083
0.9387422878731849
0.9322236600548419
0.9662306426128975
0.9431659220961173
1.0183483770890496
1.0156598424425738
1.0079731610943812
1.0101220897723493
0.9985118386526125
0.9948445282990401
0.9961640051419267
0.9980768718097461
1.018196819159286
0.9962584895324508
1.007064335659051
0.9973411507394545
1.0735247217153019
1.100304225709147
1.0831990979439043
1.0845984209933455
0.9796330763763297
0.9769140877198179
0.9798377742082216
0.9883877523428382
0.9932535549034092
0.9886449352955803
0.9684153531071581
0.9926635632949136
1.003411470039275
1.01213418814001
1.0157312648387005
1.0103103728719534
1.0311992314948328
1.0470145104760864
1.0348584670577543
1.032203656922454
0.9939767597693862
0.9926570884076158
0.9927701906941248
0.9931427744244208
1.0017886438261823
1.0032352648183278
1.0010370934904536
1.0022549429402972
1.0003724174940039
1.0002504330717301
1.0003906767438084
1.000029544368572
0.9934017193220759
0.995040003711904
0.9982967308570517
0.9964889206958526
1.0434670171498825
1.0276011922339339
1.021729843837561
1.0457184193189648
0.9907351338815059
0.992627538698595
0.9923296662289333
0.9889750683978465
0.9980679555700189
0.9987028075522194
0.9958698938549669
0.9993917529586698
1.001257475969268
1.0043664773741008
1.0031021440362273
1.0015668465045087
1.0002820290001353
1.0005863899302834
1.000301447433473
1.0004114433026476
0.995199441760545
0.9943653288851948
0.9948701892603428
0.9961312593355429
1.0458580769434254
1.013500453333607
1.0382010200252199
1.0400957715203056
1.0334479340491394
1.0246267388608024
1.0209499941302957
1.0315082639413355
0.9910589190274877
0.9937040841508377
0.9958318980698883
0.9940626816663083
1.0006119035278587
1.0010740311595638
1.0010664662583322
1.0008628916543656
1.00044480381542
1.0006393115986592
1.0004019132470998
1.000306787397517
0.9945136596107661
0.9960699031830874
0.9951983618487463
0.9929233678799464
1.0222593559456468
1.0113379085618461
1.0102801660408547
1.0291860408810651
1.0129536808770638
1.0057707537912228
1.002613448164041
1.010820276050518
0.9974206918108561
0.9975960478018803
0.9980083295063614
0.9970215312970244
1.0002470451724326
1.0002381025338372
1.0002525446856187
1.0003553808383963
1.0021394927398295
1.0013103616691916
1.0016664525531864
1.000613678200151
0.9938814173393364
0.9973196812752751
0.9987627601761292
0.9940180333500195
0.9950011593384062
0.9935369091750978
0.9917632120074514
0.9916386077453689
1.0689846457873027
1.0483578218362943
1.0262672838676137
1.0746196406478543
0.9649902690883407
0.9583139174475237
0.9666452888119246
0.9555066008408759
1.009397093261196
1.0022918810854962
1.0106500221160704
1.0123618621492454
0.9978463279411248
0.9943014936938058
0.9948869813173462
0.9934628238945376
1.0080006760009068
1.0162973503292136
1.0195904051469245
1.0077118028670458
1.0346280627235407
1.0047735170742085
1.0384269686719851
1.0216450227845175
0.9862716096835821
0.990046400064209
0.9858468670175078
0.9929004042211377
1.000451207741539
1.0000708295026945
0.9998814264119561
1.0003124211999432
1.0060507711400644
1.0107664456744594
1.008779085959905
1.0094303882662718
1.0012955983088538
1.000650661842688
1.0008360427571623
1.0009048536023089
0.9833328135723409
0.9839222221034506
0.9874060006853835
0.9783484751844945
1.0037621664203689
1.0047692632963654
1.0035439015443102
1.0067599703191494
0.9994435542368444
0.9998062908293446
0.9996027698857367
0.9996719421449031
0.9965094905631532
0.9949163334037191
0.9935067311897338
0.9960323457670361
1.0234226562153002
1.0115469959199737
1.0162083275781784
1.009407020183141
0.9865039671287644
0.9963648093887238
0.9902072761499536
0.9865407477220017
1.005061927517963
1.0078762801205736
1.0012115039430498
1.0054352521499077
0.9659006707703243
0.9762604013782465
0.9567039000457798
0.9670218904310374
1.0544690805279744
1.0371232262275611
1.0584705212744678
1.0856718488573802
0.9806123402617498
0.977962968611414
0.9760478787977731
0.9812874553679264
1.0059155552087882
1.0020164045518716
1.0041234190974784
1.0050387572112252
1.001991681604547
1.0006173718845706
1.0015168995166057
1.001063621650093
0.9689793178848964
0.9692551517148565
0.9691746117063459
0.9822827267088541
0.9912858691229429
0.9931921781531876
0.991708271857272
0.9967222089109625
0.9968907374223314
0.998166614829732
0.9963525678377914
0.9975783370057739
0.9924242941906839
0.9857300912730768
0.9964100048691777
0.99335444930239
1.0546810280590833
1.0681215426037916
1.0377574930704963
1.0186735697196088
0.9883876793856131
0.9919843493821291
0.9920052679623242
0.9943459731463583
0.9951471819085886
0.9994131078526631
0.9953878023788817
0.9971113327765122
1.008389894562171
1.005075320139325
1.004389503784055
1.0051020071115442
0.9939991996955202
0.972830315297409
0.9653615401832455
0.9782754808607589
0.9961155930299308
0.9881806373192088
0.9907226364489582
0.9866130515649613
1.002504738547793
1.000794109936052
1.0011201916602563
1.0037359646386548
1.0010281097366145
1.0008341955290703
1.0009084533557795
1.0009253056718859
0.9947474839574207
0.9926674929254666
0.9928396249028804
0.9948185660358844
1.0420619597146805
1.02997351272533
1.0328554863400803
1.0256331632977869
0.9822873614975094
0.9870155961746925
0.975236445195506
0.9841468292231235
1.0114975519225309
1.0062883577544002
1.010435053654722
1.0137763180707964
0.9158848506367746
0.929585831416442
0.9148074322800737
0.9603278983899104
1.0042882284836148
1.0061519788420328
1.0039463368971133
1.002732622936159
1.0139110733353427
1.026559487943599
1.0321372077783288
1.0116194674153898
0.9909201677950542
0.9954667715236488
0.986149420012843
0.9862199307920231
1.0367067309455322
1.0390237029815526
1.0164873311222202
1.0247046177549792
0.8829925824431
0.9481185345683827
0.9452334282406606
0.8749679137581502
1.013202591599061
1.022492875568386
1.020319660341995
1.015067364320017
0.995060388415161
0.994393261570661
0.9936775628930562
0.9950093055536885
1.0038654202505113
1.0033229223814548
1.0021467188472755
1.0034826635771976
0.9812579594324238
0.9860508919494595
0.980183499590739
0.9916293714611699
1.0006370761692875
1.0010541318296575
1.0008876600795555
1.0013815398287036
1.0164105914677226
1.0082893999285762
1.0043620770998107
1.0134854749951854
0.9926177672757422
0.9912017484607335
0.9946123728786187
0.9901179522044505
1.0386798503177712
1.0396726237451974
1.0182719104602598
1.0529221358946943
0.9895223541309799
0.986918347529697
0.988864854330374
0.9848769368136516
1.0295877381432517
1.0152894462360766
1.0253415857066677
1.0113778231928658
0.9938810443579017
0.9912596334954528
0.9939429394067928
0.9934399334698938
1.0189865760648837
1.0185149274324996
1.022499642900937
1.0136509223621386
0.9955800587332507
0.996138323344993
0.996176123778948
0.9978102104950105
1.0002254491813494
1.000459660127626
1.0001492796439113
1.0003711289508253
1.0000330040525665
1.0000289631730834
1.000022677205992
1.0000418517605927
0.9994481417843882
0.9993721459670449
0.9993067735645571
0.9996966277768263
1.0047204292554694
1.0052317873497831
1.0044483403906364
1.0034726492088462
0.9689777311610438
0.9756950232131129
0.9650144451864574
0.9717688394097777
1.0054832476378541
1.0037872049982635
1.0062348043334974
1.0050851216844678
1.0194208005664886
1.0109811031702478
1.0172531840350163
1.0072224635577574
0.9855519221388789
0.990554623745528
0.9900679862394917
0.9866626887713913
1.011967962191534
1.0129872426901516
1.015437489690758
1.0179415249731
0.9944279626630927
0.9976973704555279
0.9952380137698594
0.9968036081703122
1.0008384756073807
1.0004771595219302
1.0002044766768194
1.000445106049217
1.0013346176631361
1.0014823493870604
1.0017978547797382
1.0030702962542817
0.9967167228145095
0.9912781235400082
0.9968796171989868
0.983261458049436
1.0000632853942608
0.9999103069415018
0.9994359298024197
1.0002016523073924
1.0157263616513927
1.0107245613332085
1.0278863939590797
1.0225132747375818
0.9929257516154769
0.9913380473624956
0.9937831535377599
0.9941578433658607
1.013248866135621
1.0198662163860595
1.0126293914912023
1.0069498343131178
0.9718084904548367
0.9763597190510731
0.9570935729109032
0.9753311069155196
1.0136739094455152
1.010593813304525
1.0094312180739051
1.0052829736932252
0.9973446503687001
0.996862998273802
0.9969366955174198
0.9982138356317914
1.0064990814709776
1.0008916058810617
1.007094190168745
1.0039619454301525
0.9985994680903044
0.9989695325014786
0.9996231263644069
0.9997108176413224
0.9982975528818192
0.995493547084028
0.9951224591588002
0.9966595283025547
1.026790330253859
1.0106870503152694
1.0321631379798148
1.019918389365745
0.9957235944031388
0.9924089866751926
0.9986903369282581
0.9924771657507875
1.0023146806194203
1.001116441241881
1.0021983244078208
1.0025402800319883
0.9972987967601362
0.9955189753773479
0.9930975256021682
0.9968297874166457
1.0261533952776418
1.0190733432148715
1.0341274266437632
1.0331504496607138
0.989349874866307
0.9926041941734767
0.98790735214942
0.9953401096146912
1.000229220489512
1.0011731195481552
1.00112142112977
1.0003506681069956
1.0036956603415554
1.0040791717717943
1.0041514018487354
1.0070827152339872
0.9988563920063263
0.9976307958495977
0.9986357321562978
0.99782083107357
0.9962471204626623
0.9985962087752623
0.9975518642883129
0.9967564817184069
1.0173396121373979
1.0133760390394455
1.021371987564521
1.02345706147535
0.997340413045024
0.9965284745448815
0.9943463782502565
0.9968912037539138
1.0009398007152717
1.000884851417624
1.0017154812426279
1.0003929867809143
0.9992945439878009
0.9989386339202965
0.9992533425574709
0.9994467120506494
1.0118024398706253
1.0040052715979508
1.0012288130281357
1.0083297164051817
0.9993523247125754
0.9997678266363554
0.9996580822927497
0.9998615217503138
0.9948103160505785
0.9915454845476177
0.9887829805307444
0.9933891963262245
1.0049364655388082
1.0068120979718247
1.002640446431387
1.0071686661953807
1.0262647566439058
1.0160072987256141
1.0217187872287694
1.0266633605841924
0.9914945944582955
0.9943395905117858
0.9937475994487581
0.9922369153197895
0.9958785818443392
0.994268266732486
0.997466606935042
0.9939059680438856
1.0482883871141386
1.0190557074206203
1.0305652822285931
1.0325999707943994
0.9942882396807075
0.9970815685313512
0.9932630130993534
0.988313494136609
1.0029299617074223
1.0012096610188617
1.0014745487338714
1.0026672066043623
1.0029969188905938
1.0090302962061846
1.0069780515818134
1.0048627438332176
0.9707175626902977
0.9412884985830028
0.9653243788917425
0.9444918087354948
1.0215337381482885
1.0129892855703353
1.009602393342393
1.0226528411576603
0.9981512678476123
0.9989940574258598
0.998499495041128
0.9981626143339937
1.000293796794573
1.0002542999735822
1.0003535539460366
1.0004832385806692
0.9993970413234226
0.9995296614863676
0.9994507659175272
0.9988294034097115
1.0017394330662732
1.0056935453174605
1.004986318761662
1.0031316130534296
0.9786821219502825
0.9766368488683999
0.971132274346482
0.9717632597015609
1.0017285821691102
1.0122321173176358
1.017801751807596
1.0159586090564294
1.0834822833413331
1.0922921965396424
1.0964210268466974
1.0639015272557664
0.9775266083539331
0.9947661386007185
0.9818246068419634
0.989702666380731
1.00301066789531
1.0028821249979936
1.0009065467957434
1.0038883504689167
0.999403020059096
0.9990484637186624
0.9990373535384748
0.9991946320209597
0.9998514520354227
0.9998817749958501
0.9998427808321928
0.9997908456002497
1.0025812208448133
1.0019311866267195
1.002157089413284
1.0009780848025607
0.9871327782177848
0.9907697734434915
0.994654232228678
0.9860223862482074
1.0043766928355355
1.0013933274255091
1.003661531599304
1.0044161858588934
0.9983695007589171
0.9992108432518033
0.9988058393027827
0.9988819171220885
1.0001341150230867
1.0000815809562786
1.0001752149800387
1.0002005461298964
1.0018796150452491
1.0020378379915464
1.0008635456477095
1.0019587107076735
0.9891719529444902
0.9955835612766498
0.9889776300676141
0.9892075473433048
1.0285381721382016
1.0649501621429687
1.021449965985577
1.090618314473602
1.004107360712584
1.0006853798796673
1.002082520046372
0.9956503325925804
0.999880040266881
1.0000081395467
1.0000036097821066
0.9998060701442467
1.0069098289279037
1.0054122447446254
1.0046290928920338
1.0037680781739358
0.9640733955592504
0.9794471945628428
0.97602547436836
0.9943538657452375
1.0063296970809399
1.0038575850774438
1.0035925782411506
1.0024871634510677
0.9928087677804669
0.9945037679795563
0.9890963776735062
0.9948574991129471
1.0628663632520512
1.0277186281471657
0.9959097411991251
1.0746106627024152
0.9673739759549342
0.9678489948301164
0.9773450273441665
0.9651113203758052
1.0057426166484664
1.0055593233833244
1.0024757456402427
1.0065432388210271
0.9966896575104586
0.9968008374207853
0.996391325537616
0.994678046935981
1.017138968163734
1.0092367199484715
1.0380858995234528
1.0286972041642004
1.0003769561370592
0.9991678948522534
0.999294511155389
1.0005718968967061
1.0000092058148367
0.9999603228557262
0.9999762579080722
0.9999822726152507
1.0000053343521331
1.0000036266813064
1.0000039081916452
1.0000041766493923
0.9999998087355852
0.9999999254951447
0.9999996374428348
0.999999769166674
0.9999971502608991
0.9999966441215874
0.9999972367387061
0.9999976210878914
1.000032930665599
1.0000227114440754
1.0000305208646951
1.0000185708229832
0.9998649071056624
0.9997677209609225
0.9998582136450924
0.9998572005266086
1.0020033252725902
1.002452474656326
1.0011619406400862
1.002190715709552
0.99941010764016
0.9990072638258367
0.9993315088673135
0.9991622609459296
1.001936591927264
1.0017544125756968
1.0013265140659802
1.0020963242928926
0.9938894279383926
0.9899216382735493
0.9912777363558832
0.9875085076392699
1.0532262078155994
1.053406432123443
1.023488763172367
1.0214620272099963
0.992156743493981
0.9914472288108969
0.9936669688160876
0.9902194136887562
1.0166185742087073
1.015512462258574
1.0178787199702963
1.0095318284467103
0.9931681236608835
0.988278622391275
0.986880788205643
0.984821825458243
1.0518687483263611
1.0773194020837786
1.0126888541702632
1.0474289001135408
0.9937093034654334
0.9895900063751766
0.9895861251079942
0.9927014819844955
1.0031972133033262
1.0010053416478695
1.0021774972946118
1.0024747380754842
0.9995212166831455
0.9993598359128001
0.9994312040265193
0.9996058831728822
1.0009843441071204
1.001085837953827
1.0010085262365092
1.0005852031905071
0.9951466329460694
0.9940410063719565
0.9965327291534958
0.9921383280002326
1.0385334719611772
1.0524822440004753
1.0502720716854324
1.0668831382396746
1.016146487567388
1.0162144642747717
1.0218473773302936
1.0142789636761504
0.9795482801123678
0.9703691631688776
0.9616765490934921
0.9374525594412351
1.0120328314131428
1.0173834848773895
1.0200654846978088
1.0166284671895331
0.9916992533525898
0.9927433996846611
0.990031974262963
0.9910411880533458
1.02492489849724
1.017344090279879
1.038149729580484
1.0277050184577408
0.9980853461272801
0.998951861794695
0.997525531348824
0.994538281825572
0.9976256166745997
0.9931261818002914
0.9965558360671343
0.9948815726953708
1.0700630037117993
1.0585758099246636
1.0045290409029848
1.0464175507827356
0.9936929071148194
0.9930257569602516
0.9790912722761076
0.992253239643873
1.003715064379808
1.003433872929782
1.00091437029367
1.0012406439336918
0.9990746921043232
0.9994185799384793
0.9994064162248143
0.9995457777934575
0.9998250061630293
0.9998682576359036
0.9998271720701838
0.9998075170086307
1.0013398241061395
1.002528901375614
1.0019073680238895
1.001442655514227
0.98657828531756
0.9754344753052144
0.9718802702326509
0.9889872181293167
1.128650915544532
1.0707299852182313
1.0483850966303145
1.1491752760653167
0.9639455838241556
0.9633117542032946
0.9688403888912113
0.9802032164555006
1.0082242707687143
1.0059221957550886
1.0069704509723822
1.005549346655246
0.999137554911995
0.998809195056145
0.9986703267613108
0.9985524069186542
1.0003738079273163
1.0002356936060512
1.0002089050337633
1.000260149722022
1.0001610249512278
1.0001544367913882
1.0002903837028037
1.0002120892758597
0.9982079865518918
0.9975362022287994
0.9977496337447891
0.9976088633373756
1.019563721267869
1.0093200372983642
1.0304988966315667
1.0345934548680868
1.0052452176047677
1.0218959447982359
1.0202275677995614
1.0212200790717973
0.9966686503516979
0.9942266805428702
0.9895946593881788
0.9966572754052974
1.027200188296872
1.0289281142710005
1.0430264582756688
1.0328710518173627
0.9760679998692218
0.9779647494325323
0.9741070688763058
0.97305167041152
1.0569888812619934
1.0717376092089674
1.1068391659251786
1.0667866130317283
1.0102428660639122
1.0087460276506144
0.9999237714785129
1.005732178926296
0.9840420811471704
0.9161662356318335
0.9315588790707428
0.9341035657873241
1.00802332787716
1.0134558858431164
1.0115997488961974
1.0102485621340773
0.9935572801264633
0.9951858354327517
0.9951053246906816
0.9947426116139267
1.0154858867003582
1.0127265191708992
1.0132446805225008
1.0165421208860583
0.9954878815617104
0.9952911373646031
0.9947053832699992
0.9967995960751416
1.0018999028278737
1.0046605774473176
1.002657930625107
1.004230404101341
0.9886452427690697
0.9896339739214225
0.9873297520331799
0.9886457133046366
1.003772955192865
1.0043503311843405
1.0035398079325277
1.0032891909242014
0.976224200687106
0.9735210466171457
0.976771539365472
0.9900081481337261
1.0050636334997525
1.0074265483693927
1.0091272594886878
1.0020871164828122
0.991859295489886
0.9940334163682328
0.9943655844553487
0.9915489113284193
1.03111070208445
1.028028909409513
1.0368972697303198
1.053958519033575
0.9898333006751522
0.9971461321807427
0.9919266441146048
0.9908692942266366
0.9864226185516182
0.9722774010790728
0.9684769610341768
0.9876372848788055
1.0008231090330895
1.0045150179460423
1.0036261641887907
1.0033831483821893
1.0233553641664774
1.016550018642902
0.9988056074766909
1.0163367597045256
1.038442685057743
1.0191421022679115
1.0328462731546504
1.0414177051588098
0.9786038307732886
0.9815097244411898
0.9863178260668412
0.9811966238527748
1.0038274852254634
1.0037924251351733
1.0031310510113571
1.0033584874835322
1.0003870516235895
0.9999003764757664
1.0011963690956813
0.9996593101089503
0.9981245330300659
0.9996671410493754
0.9966435700854885
0.9989788707546129
0.9953398513206214
0.9960829242406518
0.9963807252657655
0.9950169987834837
1.0167864258772081
1.0317260199793874
1.0231981679024036
1.0335153439630984
0.9993396238314306
1.007197138178326
0.9991534834042581
1.0029372917272632
1.0000868140344004
1.0001576476705074
1.0000435832611385
1.0002157155799687
0.995980782912176
0.9986295644842109
0.9946146097202927
0.9979274423722861
0.9907593755189412
0.9918591760807243
0.9893556650205206
0.9861338627611318
1.0160681586075884
1.0187434847965766
1.0168591975835073
1.0179621085252373
0.9994064652007973
0.998835211560707
0.9987096949936952
0.9994195284962731
1.0000967083867098
1.0001133158792184
1.000152416820397
1.000174812988172
0.9999652390389803
0.9999525836430523
0.9999291585678045
0.9999291387423639
1.000014383592678
1.0000049130864683
1.0000093050090435
1.0000118370321593
1.000080264836232
1.0000452269925708
1.0000752158654875
1.0000396644709535
0.9996119492739536
0.9997496231510338
0.9995976507026207
0.9996064157424484
1.0024633799293008
1.0018746611798544
1.002033192166616
1.0024571873149943
0.985365998998786
0.9861152999590388
0.9864386591356828
0.9884484491030702
0.9975706454833648
0.9925358765089207
0.9865092594757957
0.9954825032153308
1.0215658457695742
1.0208710888597408
1.04835900865476
1.0397802573128463
0.9996562241669945
1.0000666560021967
1.0006307988475736
0.9993909099062787
0.9999750833008421
0.999975546786222
0.9999836333603825
0.9999484151342438
1.0002628658094737
1.0004668602792819
1.0004089711072577
1.0003538685359117
0.9966399215491646
0.9966204680356334
0.9968569382208734
0.992510889918664
1.0253813229085826
1.0241019879382471
1.0409804446342967
1.0452803379635938
0.9940060148413913
0.9868179288891269
0.9884262959179069
0.9879437440872771
1.0178893970985852
1.0272096483994353
1.0120372456720887
1.0270595281686266
0.9802858167043055
0.9894146486156534
0.9864191696936502
0.9666360450616815
1.0760012611645784
1.09816586050986
1.0686841697468263
1.0622218049054934
0.957171189709411
0.9343297338370157
0.9458198950906456
0.9505761058084408
1.046958493317513
1.0470040647445011
1.0234411815153703
1.0406058701243444
0.9888714892945083
0.9916424948599338
0.9942353206652026
0.9937717346566917
0.9370411811517795
0.9624078926285085
0.9805427523771806
0.947590563998141
1.0068175085937332
1.0010274491475337
1.005172451076434
1.0081834511695107
0.8888334618882785
0.8862030766352793
0.8946726819665892
0.8840749738778124
1.0399880810419528
1.0292338170596729
1.040054209495873
1.0275267845644698
0.9888311960258032
0.9966354997885623
0.9926249450080448
0.9884498870283863
1.0039399015671713
1.003178992507537
1.0007130449196515
1.002240728751611
1.0113010838609457
1.0137485670962532
1.0028982085502123
1.0059481118669822
0.949566303794174
0.9492528847741665
0.9078065850592301
0.9598519517898353
1.0181156075249587
1.0158873433391145
1.0427808824878861
1.029577128536144
1.0015916638022349
1.001440208583552
1.0057431320608923
0.9996943538296679
1.0321908377676134
1.0412848057791346
1.0442121546764052
1.0314814131440666
0.9919621594133259
0.9885244270363818
0.9897869775558379
0.990861218472857
1.0026702385584436
1.0041235391006036
1.0028622997164838
1.0016629348749606
0.9997644114707414
0.9991662279673108
0.9995902694857424
0.998862065764602
1.0001527176541891
1.000196280343685
1.0003370565996648
1.0003739532831892
0.9999091418513234
0.999886345004054
0.9998269737826776
0.9999450199469556
1.0001820302187634
1.000254377860897
1.0001506025680813
1.00026454044384
0.9953229771762739
0.9959347903197592
1.0004376383910472
0.994712957969781
0.9725304724010982
0.9746393054069494
0.9653619871269598
0.9460478334268747
1.004770176630188
1.011686987509329
1.0159519200529858
1.0123933663711295
0.997795995596602
0.9970269640352347
0.9965498803868466
0.9963626128218014
1.0011713529440895
1.0009827551390729
1.0006999623388124
1.0011242084551337
0.9989647064709807
0.9983858861063275
0.9994312606489449
0.9978372127068609
0.996293501929807
0.9984370406787321
0.9968443827746158
0.9984326165471942
1.0002154258829332
1.0005599641623935
1.0003724831044063
1.0003046877728627
0.9998576294831193
0.9999008384312992
0.99980833481343
0.9997876171016223
1.0005129942584345
1.0006245005177639
1.0006556983403723
1.0004011963967556
0.9958590135898358
0.9966136896655565
0.9957665009078672
0.9972602382667273
1.020871028852173
1.021864734462028
1.022858759652377
1.0187181536923147
0.9934760400316882
0.9932588487732151
0.9915448545598127
0.9946511453612413
1.0016856213509162
1.0013251886235892
1.0017800234416678
1.0019432162207618
0.9971657888638724
0.9964588236766108
0.9967509407424109
0.9953550928575179
1.0168660735661263
1.0183330043560188
1.0180270037910422
1.0214743879872716
1.004465547367489
1.0160281605196997
1.0162778491309772
1.015183684569901
1.0042861091071458
1.0069494228760911
1.0046960734939556
1.0034282387779825
1.0082110090937197
1.0127498680848805
1.0126022477738568
1.0065567868585756
0.9970772715160107
0.9984124066571455
0.9980501335915445
0.9979089590206638
0.997224295115781
0.9989702222523116
0.997446142345547
0.9983534925790412
0.9923218619709517
0.9939027009108806
0.9921486475447314
0.9878331650624059
1.0174597960009637
1.0308476703169887
1.0271580662138788
1.0323157691836446
0.9978776834380956
0.9982839253114718
0.9998948287812759
0.9957535359420446
1.0089725611825153
1.00251737458158
1.007556137685882
1.0057973780119311
0.9626639512791406
0.9404020539271598
0.9374825173713445
0.9584409412062721
1.0344512696812784
1.036205421588671
1.0276502072650124
1.031903086548103
0.8593001124220445
0.8630201306761555
0.9388636755258943
0.8629612513768239
1.035076567448888
1.0399788511857553
1.0403498438051815
1.0348851790364224
0.9698843889714375
0.9811627126865053
0.9694325093825766
0.9825699524470063
1.0030222923511394
1.0033275693830463
1.0038776394437616
1.002507629936133
1.010943401411303
1.0038644009311342
1.0042829940126021
1.008821132105948
0.9852631642523282
0.9767313580524966
0.9878899875635276
0.9852421290131649
1.00727521579425
1.0120279970735777
1.0110912524751494
1.0088174685281504
0.9977996240939669
0.9984972485633814
0.9984424310063802
0.9976854832152243
0.9982672903444229
0.9975536369485916
0.9991582330570566
0.9991026008212389
1.0216150022597934
1.0219737276894105
1.0080904491346812
1.0201502300883714
0.9963219507016914
0.9931270065727256
0.994208050760165
0.9928071368980985
1.0021316313059705
1.0013975321268138
1.001902663506713
1.0027614328270704
0.9994285164616112
0.9993005038595586
0.9993818848631463
0.9997626090330692
1.0000660237896106
1.000124854569767
1.0000399911004891
1.0000880488060924
0.9999869617054479
0.9999854761408031
0.9999742882013486
0.9999907374779301
0.9999958208280709
0.9999950893193996
0.9999948311390551
0.9999955399421759
1.0000773668379168
1.00010200380241
1.0000752809987907
1.00005991806024
0.9994647868253551
0.9996214573681529
0.9997901329109605
0.9995088984698266
1.0026549783214451
1.0021165620588044
1.0021574295699731
1.0022508502096177
0.9915800345051229
0.9911710146441984
0.9917674333980461
0.9873358016350022
1.0253428640634488
1.059967240221382
1.0659202547107407
1.0840199018138243
0.993066590896939
0.9934241372350413
0.987743296687353
0.9799549323122666
0.9997916957598318
0.998924700686803
0.9991668791058393
0.9997814473984138
1.0284067605804912
1.0322236335583252
1.0540923931347963
1.0163196127241487
1.0043608726807167
1.008889657309081
1.0089964136329133
1.0011869227333001
0.9977265824011731
0.999170575836186
0.998429580019452
0.9981849269910603
1.010297302886729
1.0063167799416701
1.0054375612675652
1.0061093502483272
0.9807873878341374
0.9576652843693795
0.9851496222346262
0.9535529326435987
1.0779657620494982
1.0682981445595798
1.0446506392844856
1.0773879093991678
0.9827225610410204
0.9685958852230954
0.9794664629523608
0.9641970103485837
1.003180089205452
1.00476434540836
1.0033975759143863
1.0055294184441024
1.0188777408205745
1.0235381962705083
1.0331756069005316
1.0331652132097557
0.9950704525635009
0.9963120265792795
0.9952560884210881
0.9946926875657517
1.0003902073171507
1.000810364616511
1.0007667480321318
1.0003123438744737
0.9952473426042987
0.9906073629956589
0.9927085291194296
0.9946853323436365
1.0383641757854987
1.0666247676429739
1.05637960303625
1.0282066471381925
0.9325664148056029
0.9599467898789787
0.9540196141299273
0.9554709794596005
1.0142448692137631
1.0134869643228641
1.0112273998105645
1.0114531639897133
0.9888146500274861
0.9850797842242269
0.9850461769454963
0.9817937346023742
1.0624846503018535
1.0727524066367637
1.0442461781437735
1.0558755106618622
0.935095344001613
0.9740274760415935
0.9319927037954174
0.9248637608291732
1.0163544889461242
1.0060685583375821
1.0178623863397023
1.0097692445574462
0.9989173133797549
0.9972334915193946
0.9977322035521352
0.9973185884128718
0.9974503260155996
0.9958915967515783
0.9965970987319867
0.9962132358018031
1.0301779762751067
1.03355969272975
1.0412856500541166
1.005279562153462
0.9972311321433868
0.997985691028968
0.9982303871705445
0.9992443380018328
0.9743799275206895
0.9789961703526813
0.9966801572029459
0.989189866104706
0.9670083102415195
0.8697713290475476
0.9125538139053564
0.8627762095202111
1.0127480244782043
1.0143327190974483
1.0167677199809129
1.010278989968339
0.9939163795089807
0.9937797329473095
0.9939704601960794
0.9928790181216803
1.017732608089779
1.015035251750739
1.0163352102304257
1.0312125971798094
0.9905189397712169
0.9885894592860366
0.99086405536044
0.9883236047082079
1.002502445663405
1.0028163433740065
1.0010058266735542
1.0032188200859014
0.9970627327325915
0.9962881711810276
0.9983056921719128
0.9973772941298713
1.007741814278625
1.009256751866327
1.0113896120083858
1.0074583331829876
0.9982908611774134
0.9979069575017162
0.9982093747706153
0.9977754312979568
1.0002820320194377
1.0001601165015532
1.0004530811878696
1.0006659041486583
1.0025915321591474
1.0013330974387318
1.002039427516664
1.0016243697893064
0.9908173535234566
0.9915753382682047
0.9863711658030526
0.9824415186957385
1.0027053559119166
1.0060818116049224
1.002327470493711
1.0088985169291322
0.9930346260442877
0.990866757615069
0.9878374101322719
0.9918387799117684
1.0486667812246413
1.0339128365767183
1.0248991985479412
1.0566923033527396
0.9840194624770422
0.9860476537435325
0.9758099628401665
0.9772728484221733
1.0283324537748488
1.0386016172456958
1.0452608392345253
1.0685275099911355
1.0031035811456064
0.9987426085845608
1.0032628546935554
1.0112104081089073
0.9976805422694165
0.9972505589559065
0.9974317662851805
0.9966678665183833
1.006279952033112
1.011253990671462
1.0300026537005622
1.0169503118963277
1.0390322902336968
1.0104275088512256
1.0527229214768863
1.0352481574799521
1.0214347703622721
1.0303177442747522
1.0250654468947071
1.033390513693064
0.993483658019646
0.9938436523529123
0.9956872054643077
0.9913870471155929
1.0014274083331998
1.0015814984543705
1.002725271733893
1.002270659842663
0.997447167624207
0.9965671489985557
0.9989891483511435
0.9972866900089169
1.011312516746453
1.0034905863397863
1.013431213175522
1.015015387319964
1.0146049360772036
1.0118532352112024
1.011564168285521
1.0199815633701248
1.0362077513938301
1.0646055102330754
1.0155558764954296
1.0599476912279493
0.9925943553367342
0.9805094091004687
0.9897849581413534
0.9816435314890121
1.007295816753921
1.0074098375538876
1.006817887435835
1.0085765085611502
0.9956199930610959
0.9973703036585864
0.9975471817733856
0.9949951799283906
1.0155791475382898
1.012512426217726
1.0068428066706332
1.024651282537226
0.9958962510270088
0.9948850113446801
0.9917456515221632
0.9974376487689575
1.0009197574179838
1.000632234414949
1.0007739306268608
1.0010885486510583
0.999206700766826
0.9988118296640943
0.9990536201349379
0.9990444167562734
1.007915495587158
1.0134681534429033
1.0142541516995829
1.0117057204355426
1.0194751642620334
1.0347264056382204
1.0236924728688348
1.0091019197000888
0.9845922288177776
0.9843001209598775
0.9918590767228778
0.9895854686490463
1.0828634664948973
1.0113627022903378
1.014276137207136
1.0800905423271567
0.9792126312724357
0.9844613403562338
0.9862486398969176
0.9693472830950758
1.0312901222212756
1.0259790410802787
1.0162121715002943
1.018627362454384
0.9828382443479425
0.9643078539566163
0.9418096864889953
0.949199874834232
1.0042956869382997
1.0056686279248528
1.006536728129049
1.0053581154255278
1.100933988315658
1.050328063210534
1.0923865313993517
1.063514726064271
0.9778041892051472
0.9747962063257585
0.9864439419203996
0.9810211409372281
1.0205323460574336
1.0162573180665033
1.0108007548544793
1.0152007195315582
0.988944488498082
0.9370040702962249
0.9499874698119211
0.9264039345701732
1.008198969768311
1.0142218339445657
1.0075985957915319
1.0139645151975862
1.0270372383918918
1.046460591118944
1.06182991938553
1.0219831654920908
0.9946722046392202
0.9962099846438157
0.9885222353265942
0.9944536578005857
0.991308477879809
0.9852842440674434
0.9862445138279659
0.9988204244483083
1.0002437914864806
1.0007517737589136
1.0005374336877726
1.0007843690799871
0.9997723392240632
0.9997692764542367
0.9998989296891414
0.9998631895782139
1.0000459305169087
1.0000365406785172
1.0000256989608276
1.0000409703059028
0.9999922274817626
0.9999873751184827
0.9999863966264723
0.9999930210060317
1.000000910695325
1.000000767698757
1.0000008775541211
1.000001314835544
1.0000013583990903
1.0000027787578083
1.0000016021931168
1.0000019940427332
0.9999815519888232
0.9999851790547105
0.999983760812182
0.9999943007765659
1.0000402152429957
1.0000737851107435
1.0000623464913683
1.00006019492106
0.9936627958295026
0.9946321784814488
0.9934055577264383
0.9964238650560592
1.0062295119503082
1.0111695639983365
1.0078701216488188
1.0030406293596899
0.999606175417878
0.9994128090312114
0.9997631890436048
0.999302032556442
0.997752785204142
0.9961396932300163
0.9970833300362444
0.9977095396106535
1.0145134270069933
1.008923826919179
1.0205604614764383
1.0227646011311449
0.9969594465499086
0.9898555175696885
0.9518848166623561
0.9702698892330517
1.0105203289305078
1.005250043728147
1.0057976683667194
1.0079005493290314
0.992523419750477
0.9935675810198255
0.9929697171327574
0.9944157578676063
0.9889013723508105
0.9859222259802874
0.997189620832795
0.9895806913701142
1.000790251311464
1.0021402939806745
1.0012858375068174
1.000839529185115
1.0030214384585787
1.0041719834413838
1.0027312236502592
1.0004642455348893
0.9952520689687686
0.9960893678757803
0.9914598855894151
0.9934342496359714
1.0191346632240441
1.0523223157112545
1.023041084635073
1.0582820275814442
0.9850881374780867
0.9900607708697245
0.9801921044287379
0.993536336733273
1.0052166809107619
1.0036564568183666
1.003276742368988
1.0044440637715708
0.9990492212629487
0.9992980629477838
0.9994110652814963
0.9992777547247469
1.00035128089139
1.0002474915274828
1.0003008464554117
1.0002354300503422
0.999967363978273
0.9999565482822979
0.9999812196343387
0.9999675891142734
0.9999711440163512
0.9999432820445493
0.9999226725914696
0.9999444618860865
1.0002894792960018
1.0007574476498866
1.0006340976287196
1.0007463021164882
0.994148141204789
0.9948713991918509
0.9943817694163934
0.9933499576109409
1.0526202832167695
1.0382906634124036
1.0561271525101437
1.029383152241608
1.0025912601295612
1.0035039442666116
1.0007235319594203
1.0043228947668634
0.9989591354085796
0.999195477432201
0.9995231502386458
0.9990562464172096
0.9957784268293713
0.995352851587036
0.9949193733797068
0.9955051027200565
1.0560628094867355
1.035416937157303
1.016169891203397
1.0440266674984022
1.0350818859964437
1.0500750815320272
1.0232157168743738
1.0320345937162363
0.9660205589215783
0.9649888367612691
0.9683924426860425
0.9723365003831899
1.000112224559557
1.0012577305614334
1.0002393470970932
1.0013554865962526
1.0034091748308618
1.0064201571808904
1.0049552362996255
1.0056772169225316
0.9993721032740835
0.9985676552032242
0.9992684849852691
0.9987407157146376
0.9988958154542105
0.9990136608632703
0.9987194618392347
0.9986459815556658
1.0115915366449135
1.0047662191416045
1.0169788998275697
1.0130093251902599
0.9945952263092361
0.9973893501108753
0.997465703303322
0.9963878235246764
1.0001721074671264
1.0005554338265021
1.0000075007278433
1.0000591847958376
1.0070913186676123
1.0092446480470527
1.0070747101001762
1.0081275480164986
0.9972365810950149
0.9977653157505194
0.9983560180265689
0.9991305294338017
0.9994574048563282
0.9990888213591563
0.9981189116132205
0.9992151978173436
1.0002572046386358
1.000350597196305
1.0003637858905137
1.0002626662821963
0.9993840644154179
0.9993132711793737
0.9991639757619518
0.9994448296236306
1.002076117664614
1.006020854885788
1.0027021172468131
1.0026920216788278
0.9805552911124803
0.9730892533675015
0.9922646953544145
0.9776042612262907
1.0091056893999613
1.0150679240302876
1.0100787428760156
1.010352523937009
0.9968906146800262
0.9972208831213618
0.9959260866518215
0.9986604880376613
0.9987573372477474
0.9981952017043119
0.9982588828212623
0.9989469892640475
1.0114044424074229
1.0076017514868436
1.0072072745532825
1.0234263141850943
0.9983272874914899
0.9939238477009948
0.9927922361423581
0.9920624565808526
1.025040697901877
1.0134435898373813
1.026136344640846
1.012791164495776
1.0043813708441423
1.0082330557753267
1.0077674550610558
1.005059813905716
1.0008365949730291
1.0005089095385897
1.0003078090588051
1.0007285099230496
0.9880963325817592
0.9883726823325553
0.989651261955165
0.9924811528189427
1.0058877506981774
1.0066502350691966
1.0052530410266836
1.0069982465234708
0.9758401111207915
0.9775089456311798
0.9793564433721657
0.976589136887113
1.006823851166423
1.0025926305755206
1.0054250142860337
1.0044094428668766
0.9902945050905909
0.9932660737658212
0.9897717749201514
0.9955766266856315
1.0008211127405806
1.0014100326929132
1.002251277602426
1.002061976811548
0.9994196386709323
0.9997792737050164
0.9995436714697743
0.9995631503192123
0.9992484523315482
0.9996505309784094
0.9997695715553556
0.9990186638066634
1.005760471347584
1.004525141093185
1.0033933377092457
1.0035754566429254
0.9886054506712537
0.9670767292812829
0.9652476348549648
0.9829819090850085
1.0091187146982477
1.0125862651615263
1.0162603650394841
1.0115043979087173
0.9955279271324409
0.998341662280765
0.997723307727594
0.9983749579999317
0.9942246606562504
0.9974486216829028
0.9872334276688947
0.9930537626651039
1.0015704272750565
1.0019396718196603
1.001712116956634
1.0017459642897288
0.9979596088759584
0.9989106330055624
0.9985476936100811
0.9987594588945213
1.0050931418437947
1.005337269943766
1.002654334620747
1.0037370072330944
0.9571619112376837
0.9775254535434023
0.9588302378028755
0.9468563126183662
1.0307209640357615
1.028178599421718
1.022217780522423
1.0389336960430564
0.9866630022088546
0.9841921285951958
0.9829832033864355
0.9874010664147204
1.0608383613972292
1.060895125982204
1.0520116132526227
1.0676597586006809
0.9902892363168878
0.9892743662448847
0.9809668471174332
0.9953020997940478
1.0016408867731974
1.0019555661862831
1.0020783463444054
1.0016890053815024
1.0017651348075522
1.0007137755942916
1.0030425959401639
1.0008575553558092
0.9761535471335263
0.9819457230098972
0.974786281994841
0.9801815992833165
1.0061648407455865
1.0057400684164397
1.0016129457168008
1.0049274264657557
0.9979365664165689
0.9979560542894139
0.9977270122343668
0.9985531962857379
1.0049559416896887
1.007011004267897
1.0034580268636224
1.0083671951989577
0.9964877947192404
0.9930349616648018
0.9821824049063637
0.9842786763969602
1.0604861341869898
1.043203686292383
1.0572371817488506
1.068412443719817
1.0057105969471891
1.0010140610576828
1.0033615866200025
1.0099980999783238
0.9971357693362193
0.9985632685997198
0.9987906938512627
0.9985481657761969
1.001540865167658
1.0007508590972054
1.0007913220137703
1.0013894923770972
0.9881065901035136
0.9898494818587307
0.9818793817960995
0.9944323408754017
0.9900974077362216
0.9940017095323657
0.9859872426050499
0.9909352663600222
1.0306051445894922
1.0349556359247587
1.0188172909902318
1.0083876489402128
0.9151251964680285
0.8254157100768378
0.8797167018115485
0.9076132194239176
1.0108276371758158
1.0118780753942318
1.0105169060132106
1.0076128114972502
1.0356740159496807
1.0068361225433107
1.0263079838832248
1.0346843394058782
1.012293744749579
1.013633508574975
1.0000930614451506
1.0061725700838497
0.9990214612900014
0.9988447036940282
0.9984737268030958
0.9985772844138083
1.0007205887307349
1.0008167949254085
1.0007415267923963
1.0003739313821174
0.9970820999299159
0.9979482444615029
0.997169905942838
0.9975184023435433
1.0129589912916472
1.0104044941370556
1.0124468026531062
1.0087445205885897
0.9983553924689723
0.9973313411591519
0.9967901858375336
0.9987563278824807
1.0004651687527766
1.0006294944758523
1.0004060471524288
1.0003325709993889
0.9999410950558637
0.9999344597604999
0.9999476777343942
0.999958545530508
1.0000296945456628
1.0000258965987365
1.0000174597885785
1.0000154382683384
0.9998945741858012
0.9998350915856825
0.999849616097198
0.9997832141937254
1.0005647886476186
1.0006281200043223
1.0005727961202593
1.0009298360662362
0.9968717649628221
0.9933430030576939
0.9910779134072228
0.9936723726284098
1.0261502472121182
1.0422453914200451
1.043670815956558
1.029575914666914
0.9764161524147317
0.9843370688187344
0.9802192578243591
0.9696725493456548
1.0946526052427974
1.0291857040624213
1.1542521859249533
1.126932293005109
0.9874181284745552
0.979694478271308
0.9764964396101293
0.9554665082096382
1.004093149519399
1.0053919627742616
1.0043429109516038
1.0036214863346344
0.9992614113807633
0.9984070840425029
0.9996713054562326
0.9992596367425115
0.9991753291249829
0.9991696815308789
0.9988297501123576
0.9992299020265242
1.0184301292548696
1.0120707011198884
1.005382374918664
1.0151271226637513
0.9931302670051375
0.9950331942543119
0.9953823055482631
0.9974922576823666
0.9974663465865224
0.9982402889457728
0.9992536413509735
0.9979221316199256
1.0094680559203522
1.0365927939082784
1.0160364038438772
1.0252126632522955
0.9947380557000812
0.9897146895940779
0.9903196869161853
0.9914747070773333
0.9942299196016089
0.9989194490360408
0.9918235609283579
0.9940526751219311
1.024277036969216
1.0196187273492001
1.0643743233230487
1.0687022302575242
0.99515723602087
0.9966382959601907
0.9946446884790824
0.9932266572111131
1.0011156894129785
1.0011686342507857
1.001521031929771
1.001301869719932
0.996768989268039
0.9955287351921153
0.9958542557289884
0.9956208580973097
1.0476128444326813
1.0212767753860441
1.051014168493283
1.0134957850624755
0.9396219649994207
0.9628284163039059
0.9779537385658068
0.9191154827600407
1.0097245000886739
1.0079772366494424
1.0183589566185662
1.0087749179724266
1.0174222626017566
1.005876483436664
1.015053234747885
1.0129109876096578
0.9983406779824947
0.9980587173156601
0.9978553944805663
0.9975617761937045
0.9968835408008289
0.9986613361337484
0.9974901803635025
0.9978696066227709
1.0039351141685566
1.022122289324134
1.0239520994972435
1.0284336410598756
1.0178500359625182
1.0217607445113095
1.0207791584899035
1.0215590634654461
0.9964922207317488
0.9958682485657608
0.9970318756265182
0.99660668559656
1.0007218699015483
1.0010689817909717
1.0006623895886215
1.0010322984197746
1.0023310658764863
1.0013013035192024
1.0016813503821231
1.0012486245078478
0.9886005795825011
0.9875173176217549
0.9901256901384174
0.9978624393643545
1.0017898132894258
1.0004525290276638
1.0022227981117133
1.000997834280842
0.9997942982204759
0.9997905825551834
0.9998049991080711
0.9997026622865199
0.9994633263376327
0.9996393545098597
0.9997806526128918
0.9994480590392338
1.0001503203616804
1.0000989831068137
1.0000881351105229
1.0000811771286517
0.9999673006107547
0.9999834808996386
0.9999782454752906
0.9999824215034872
1.0000022378548836
1.0000048722538206
1.000003139765092
1.0000014827360253
1.000011008929374
1.0000164306769197
1.0000123074575904
1.0000153925856197
0.9999217593427452
0.9999065609272265
0.9999291605452512
0.9999158894358574
1.000705274581024
1.0004602756672842
1.001195905499881
1.000783625490143
0.9867563573301229
0.9946905051335143
0.9880074179884385
0.9943000419795817
1.0015366256011131
1.002568050991673
1.0014460964274574
1.0018009179867777
0.9996324063835218
0.9996289881242332
0.9994343094277119
0.9995716485466412
1.0002011240933224
1.0004731708189452
1.0005665510260118
1.0003043228593844
0.9984431819244651
0.9966573745541784
0.9987644007792362
0.9976453548177948
1.0248408355430494
1.0176746130941512
1.0313127879996589
1.0118492981462106
1.0005174615827908
1.0006775453152528
1.0006585670043973
0.9994967489289703
1.0097747082649824
1.008166873032706
1.0026890482035253
1.009804001556335
0.9994687545311431
0.9974651590015496
0.9985980921969639
0.9981378525312002
1.0103530065673874
1.0096973928322692
1.0118753173239192
1.0050622794760389
0.9991524335001011
0.9984392804717064
0.9981548228797532
0.9988752950755554
1.0017043471430573
1.0012323363868492
1.0014743059630276
1.0012299650569065
0.995275804118541
0.9937644642649381
0.9903299710567014
0.998978802680792
0.9998796892458045
1.0003297283931651
1.000017161286788
1.0000507012760356
1.003931801772757
1.005914894205606
1.00327038793702
1.004842545949564
0.9985044360210423
0.9977626926940782
0.9986828249706559
0.9994502680901873
1.0023264571095019
1.004604133961111
1.003213696794739
1.0026966560755302
0.9990281993129793
0.9975572378786658
0.9972815979455126
0.9985450138226564
1.0143014014812204
1.0038985674215248
1.0008119942233702
1.0146708119581354
1.017565281221115
1.0328014733152386
1.0174775734580268
1.0262440943454023
0.9712287948228634
0.970392222626348
0.9558968925107246
0.9801107749462258
1.007054507266985
1.0048004603682834
1.0074817770650764
1.0028692393776648
1.0141908331726412
1.0101550362619731
1.0074967965022357
1.015369855009866
1.0145708029587535
1.0074441393065858
1.0151880320734015
1.0144733439167524
1.0070299821583433
1.0074450818427079
1.0062015103410737
1.0025878499747043
0.9992433999447428
0.9985930692806766
0.9990717207052525
0.9990420141376514
1.0022377001427951
1.000193566328195
1.001841315678255
1.0002885706275697
0.999694330516033
0.9998376359867218
0.9998762470209968
0.9997845066149994
0.9998465178746464
0.999766226554243
0.9998041816417383
0.9997775670831953
1.0041901074606014
1.0006605446911558
1.002769225340032
1.002557679015561
0.9724705309397347
0.9854307087980242
0.9396214822923283
0.983677388667467
1.0241890499932065
1.018009137734597
1.0192236100365133
1.0032863507350083
0.9982057239465879
0.9995297489093339
0.9979180765454737
0.9973587267038636
0.9956245275250732
0.9940792314712253
0.9930796045624086
0.9916391637288505
1.034650442234865
1.0420266293280902
1.0321731478012055
1.0554436935141185
0.9908281633904551
0.9884559947464827
0.9804921322694917
0.9848460397670634
1.0156438712706177
1.012745686822681
1.0143831831574028
1.0081996325208307
0.9400111607944227
0.9340842299059833
0.9518907154047342
0.9389642597265797
1.0276185745282003
1.0111610429736402
1.024979285151405
1.0414306140641112
0.9918454691567565
0.9949391310516773
0.9940504119672644
0.9912567891152353
0.9980296417001623
0.9975886576702462
0.9975189346532581
0.9983684018111079
1.0244699975810379
1.0054704980342724
1.0280424315635885
1.024825001085323
1.0089983968027225
1.0085978936275846
1.002993039159741
1.0072926658250314
0.9978480451723786
0.9983663164590506
0.9983952012695151
0.9986646943458537
1.000125272504383
1.0003909884138988
1.000744529993232
1.0006874262191296
0.9964121480526495
1.002257885900156
1.0016895958433656
0.9959779384337328
1.0347968119353692
1.0401592085760496
1.0379583053046388
1.0255294187951993
0.9912892833647039
0.9853019275076799
0.9918746145697758
0.9864019207264998
1.002248467395762
1.0011860020676626
1.002035036070772
1.0044153037681418
0.9990056792863468
0.9988136780127279
0.9994058484556821
0.9987608031063068
1.0003740601738245
1.0002318684452292
1.000223676676441
1.0002953649308426
0.999941350937574
0.9998585806010125
0.9998971648626374
0.9998444474122301
1.0010125997895716
1.0008895735102996
1.0005233821407427
1.000472002623013
0.991795651347447
0.9929433367779287
0.9927758485596905
0.9904190229904317
1.0008855765350047
1.0007742814347869
1.0015931335812918
1.0009995035044048
0.9997667936249154
0.9998311210394769
0.9998195158637534
0.9997297065069995
1.0000303512428692
1.0000337538795208
1.0000288612024049
1.0000244107791636
1.00031159137553
1.0000895352874084
1.0003323801065065
1.0003135907789868
0.9984959713295883
0.9973897619424174
0.9980850336123949
0.9976713963214533
1.012095186206786
1.0057050119491597
1.0185890470590677
1.0190979145970944
1.01237802053529
1.0086474144921356
1.0063073763189703
1.0075971377707864
0.9645295288773592
0.9506358067591557
0.9710450058742074
0.9413599031278097
1.0213811684807406
1.0106431892365217
1.017620947806889
1.0192846558108901
0.9890570972295918
0.9907302232405581
0.9855973582259354
0.9990672469740096
1.0683950717782926
1.0435755481156221
1.0465770761745312
1.057127996296125
0.9966573047300346
0.992661426747511
0.996328039377628
0.9928391653732822
0.955646943756627
0.958050774647672
0.9783055810667323
0.944247239004196
1.0166910970765988
1.0170425120029838
1.0084512857256807
1.004709227928278
0.9916868998419762
0.9946247912531516
0.9960845140853919
0.9917123296492599
1.0290747829488631
1.030636485987843
1.0235579019349779
1.0006915307585995
0.9975993289529713
0.9982367867594659
0.9973476346168967
0.9989625392289078
0.9972330994578569
0.9935929723098611
0.9921598136259006
0.9944340815143342
1.0268602972058847
1.031673226915784
1.0304895616988248
1.031643227868919
0.9926527970188885
0.9955112480456267
0.9961105918256301
0.9961200284389226
1.000922039507238
1.0010929085284588
1.0005993427159778
1.000960011663207
1.0093197325908774
1.0074948635639878
1.0069829360118487
1.0096795413528594
1.016825578727827
1.007155503338721
1.0128645783862456
1.0053200220813545
0.9981890043395664
0.9982330280934112
0.9993455275940653
0.9983369851853426
1.0001324948139052
1.0001898794960165
1.0002290778491665
1.0000625884710859
0.9999664064179282
0.9999802376600834
0.9999633616812942
0.9999772662480827
1.000008496947433
1.000004116751302
1.0000029787372975
1.0000076489915442
1.0000077659285822
1.0000114840780077
1.0000109646027866
1.000006998082014
0.9999127086420961
0.9999163149438619
0.9999302565703191
0.9999273028114146
1.0009391646651251
1.0010927288691915
1.000590292571773
1.0008320444957564
0.999966782451775
0.9953549268865441
0.9956503429872892
0.9927545171869053
0.9984299576323481
1.0001000084637333
0.9982542880755981
0.9997710020314857
1.0206229701544933
1.0236473728552424
1.015613627302417
1.0207373774204982
0.9832841902099204
0.9966543561372491
0.9989091576754654
0.9824770419950847
1.0247744394152505
1.0496289025931056
1.043690480662391
1.0491328453339615
1.0009377938876343
1.007056266790712
0.9992157158808711
1.007287996994524
0.9972957669972933
0.9956549044272864
0.9922365772126046
0.9947620537571205
1.0015700719983907
0.9999937067833516
0.9993371541989688
1.0004026178523877
1.0517076747437375
1.0258888548137854
1.0688338509139952
1.019178293351159
0.9970642581139942
1.0022962793137877
1.0001994725553986
0.9963648865026087
1.0222224383768537
1.0149946917850647
1.0126002496721758
1.0262761409813923
0.995782928142769
0.9966311520128806
0.9983648160032452
0.9978010021834579
0.9885572224790142
0.9752530455270367
0.9872491873142117
0.9946816396525426
1.0010260127927364
1.0012568795896362
1.0016135934961414
1.0012545407579985
0.9999614234741366
0.9999450480719391
0.9999801988348905
0.9999951980701217
0.99838630839293
0.9965712302776343
0.9973086798571412
0.9982486143620021
1.0018979856794599
1.0009650623365485
1.0018944228262543
1.0010520126891196
0.9946732397219114
0.9982883194397946
0.9886680598934245
0.9898061174231373
1.0489853896029504
1.033602031329198
1.0645199429056738
1.0243507130769032
0.9917702315009678
0.9907630815999721
0.9950084951260643
0.98871569426056
1.0034253424453068
1.0017352111694489
1.0019167091917243
1.0024326016818095
0.9973746524041304
0.9989506943020391
0.9988947273558434
0.997624156618931
1.0125373298861615
1.009273286303206
1.003224002215022
1.0081695258243235
0.9970309215591924
0.9969585520216219
0.9959785310402555
0.9972818603656507
1.0023515365802653
1.001449814151876
1.0024184910379987
1.0004900457700137
0.9996617213844048
0.9996354812686777
0.9996460266269361
0.9996160707823843
1.0004119752548393
1.0002825531316446
1.0003320100777369
1.000239743729099
0.9973394120975473
0.9982166738960653
0.9975761158969303
0.998749982441404
1.015169705676381
1.0107621681280792
1.0222181049913048
1.007053898455959
0.9974114490777115
0.9968974238005329
0.997843786596159
0.9984364735050358
0.9993138143261983
0.9996079284876408
0.9993798430013233
0.9994525229839641
1.0075669580642832
1.0134611949577705
1.014310929497696
1.0076867489732841
1.0119396147274982
1.0055562265270845
1.009167796366035
1.011177349035945
0.880172752754195
0.9730586993866327
0.9112399673231467
0.9174161852895273
1.0151902665932935
1.0219079507189588
1.0167756135486643
1.01006549556901
0.9976133477117577
0.9978642922868262
0.9959124462068962
0.9965168721944362
0.9746650193951225
0.9789064225669517
0.9880903193610604
0.9791758090162935
1.00469157491403
1.0050525310498792
1.0023969802214077
1.0050296772881377
0.9989407318078294
0.9991251316962407
0.9990295330561006
0.9992407394384808
0.9993681759621598
0.999381781645733
0.9991213376744947
0.9996711756454353
1.0050399409473632
1.0045986602496282
1.0044270715307617
1.0046217979726932
0.9852530889202118
0.9720854229604503
0.9540591648655993
0.9813921436572587
1.1334304145334204
1.1979009242535963
1.1915128901239644
1.141822360970256
0.983046252749414
0.9794797488964793
0.9902928362518086
0.9884394880131593
1.0000494653361403
0.9986589664435418
0.9983601687378393
0.9980640141409041
0.9980107898029272
0.9984131913083413
0.9980409679985529
0.9965570949528003
1.019276792727361
1.0288797478688114
1.0270520910316288
1.0113405160784557
1.0009049003077861
1.0037919746863981
1.0024629795639053
1.0004215369121998
0.9953455195635222
0.9967734254828481
0.9963140935418114
0.9964549577925704
1.0339714435975986
1.0116139516172515
1.0200747915286703
1.0265309470309965
0.9939691989128232
0.9894744560600004
0.9933579884000572
0.9933584030173597
1.0011648713280303
1.0024497223677908
1.0027950301371342
1.0015620999340298
0.998976487105762
0.9991762704004569
0.998980292555855
0.999098637121585
1.002825514993597
1.002783606794881
1.0015032974097946
1.0020530778200956
0.9914992451719078
0.9858708088269491
0.9838986255724919
0.9725088865808137
1.0028582264170993
1.0047503552579324
1.0037266264659828
1.0029338180419034
1.0036122731133776
1.002311238939619
1.0025529112143368
1.006568417431468
0.9883260866203146
0.9921534322510086
0.986533236073097
0.9992509619719425
1.1186366351778627
1.1162332997514421
1.0678063427126747
1.084639729550284
0.9577408225931996
0.9753749890913677
0.9843776899840779
0.9832252231755582
1.005643301595367
1.0063100584763418
1.0043303988830925
1.0035605501098377
0.999317342739846
0.9992262986856055
0.999453022996372
0.9996697334519885
1.0010462449171706
1.000826076277505
1.0006337713461233
1.000882266087901
1.0001645491024311
1.0002029178248342
1.000100722780868
1.0001271565796943
0.9979100422945957
0.9975225161166461
0.9982191088962831
0.9982273766258266
1.0142831708933457
1.0106739182512359
1.0129985947108546
1.0134612530277174
0.997632818304123
0.9971513434961272
0.9969586800208536
0.9964889771170635
0.997448376029165
0.9974633898067853
0.9963105888410222
0.9969746559571853
1.0585059983959464
1.03371589243032
1.020948506750439
1.0673645311405073
0.9768653687083172
0.9792929075008644
0.9823293691408294
0.9813951235180517
1.0044049170166116
1.0052384222924968
1.0009067886431728
1.0024573557873961
1.0521062462155606
1.02489208496427
1.0279886568909553
1.0356491570645951
0.991571338976754
0.9929979605221202
0.997825197095182
0.9893820942151856
0.9853126689454786
0.9807357293696345
0.9657997047832351
0.963122916185976
1.0363440846261327
1.102826162354871
1.0467914587849778
1.071077551588921
0.9386600881761763
0.9427289435047013
0.959579252290657
0.9387830249442054
1.0145979120561508
1.011931462555484
1.010723381147766
1.0194825205148463
0.9940197629262096
0.995692584629945
0.9968935364420329
0.9949037898575241
1.001574386563066
1.0011079104763656
1.0009659009184952
1.0018939819441501
0.9991357792767988
0.9986368765937664
0.9988864439664051
0.999535862652814
1.0058080632681057
1.0026658535839392
1.0065137150653
1.0081732054124524
0.9966960193946569
0.9940037376520319
0.9971460960821901
0.9901204582711592
0.994947874717553
0.9901246981768604
0.9924150919491294
0.9991938935397453
0.9972783053477441
0.9840463024482817
0.9799456889011888
0.9831843684635538
1.0955053262345982
1.0642035415139397
1.0536448781771057
1.0826880648520698
0.9340747781827001
0.9494459620534783
0.9271847267782672
0.9358642387476367
1.0410964085265018
1.034485992873203
1.0470254408222948
1.0508693961425206
0.994906465232729
0.9951341661070392
0.9988026026317135
0.9921291458946416
1.0119045569071385
1.0110747700246008
1.0096448065140673
1.0131957786198245
0.9988304690443902
0.9996257531328095
0.9977710342848901
0.9988069609942455
0.9974999974036525
0.993208988921429
0.9909585512992211
0.9907215431062942
1.0523862059011533
1.0534145702748725
1.066195871799995
1.0374634367610354
0.9909478232769651
0.9822959253485958
0.9889874612794345
0.9906921645390571
1.0033429721915457
1.0022151886985005
1.0036987771759438
1.0025973152434517
0.9963422928809832
0.9925147433709253
0.9963870987045177
0.9900408593697867
1.0336692930456448
1.0467648954711917
1.0620239459487593
1.0520822323623782
0.9901918353127002
0.9842259656347541
0.9594559707716432
0.9806886295431977
1.0766585562015132
1.1146541264694818
1.0763506268371017
1.121493998898177
0.9664191643581096
0.9770083094106703
0.9748127431779451
0.9581182273924251
1.0038171700764646
1.0065144306749412
1.00655931163011
1.0054075242717653
0.9962438904754763
0.9982037908795701
0.9969167072729245
0.9981117786337492
1.007204873427872
1.0056246233124728
1.0060008328111512
1.003957861445557
0.9680995900711006
0.980013109143776
0.9764129728879762
0.9668955476924131
1.0119661087043073
1.013918274645864
1.014320088084345
1.0083525015521047
0.9528870412380784
0.9617246494381206
0.9760661923948312
0.9752408289977832
0.9844191857548474
0.9833930976040414
0.9850655250413801
0.9925061841044363
0.991041934292636
0.9857142984859247
0.9892522573255563
0.9880934205316839
1.0906926217271062
1.0453582885408614
1.035177314852734
1.0814764404348893
0.9893120208263895
0.9798113364708456
0.9636462163330631
0.9801021004524386
1.0093537050265327
1.0099419804430616
1.0056183754791437
1.0074968857666997
0.9971881841863798
0.9953053517397144
0.9971569000890461
0.9977905142518312
1.0145186085467313
1.0161993664291977
1.026450553232629
1.0109887785435885
0.9966219301038581
0.9952870859990651
0.9970879487785529
0.994141917060406
1.0170279114900131
1.0100332974012418
1.0051841718118144
1.018698309051648
0.9285392544484774
0.9336968808466706
0.9047756839618812
0.9090439271062304
1.0197357362449646
1.0302216187034534
1.0397514850334522
1.0139802796894335
1.0211569929987154
1.0252442988904715
1.036106250425777
1.0160248190579542
0.996839557231039
0.9933634632978559
0.9926734116576961
0.9954309205147901
1.0003678383871617
1.0014586532445506
1.001470626505918
1.0014347638747252
0.9992572776837229
0.9993562758300607
0.9996799422748263
0.9992725225254162
1.000672660173307
1.0005099784534173
1.0005409383781823
1.0008543512276922
0.9980005954527563
0.997277302322348
0.9984281421064212
0.9967567469622046
1.0161833746072306
1.0166462773854836
1.0063903735757667
1.0278542932224595
1.0212987581460475
1.018037391727707
1.0173807156261978
1.0162540209829163
0.9949337941024772
0.997141525490157
0.9977132435779437
0.9942814954546406
1.0005080466483667
1.0007154690530193
1.00062487409267
1.0010851273872066
1.0002155424292656
1.0042008456827456
1.0036997003450283
1.0023865934784189
1.0026795839756284
1.0027230455268001
1.0037429521827725
1.0028417361307385
0.9896709288615865
0.982173310750242
0.9829567962221692
0.9813791457558787
1.0040594627586545
1.0029432773774138
1.0032667757328788
1.0020176169196124
0.999367578692288
0.9994012759296352
0.9993667197972824
0.9990242768374769
1.0017902808381909
1.0023782621577115
1.0016493305575156
1.0035823028719562
1.0010385934982096
1.0022159710545724
1.0002684408527007
1.001321208313523
0.999507072377109
0.999706426725786
0.9997266184457031
0.9996303677912807
1.000100829790723
1.0000688984544117
1.0001093127668332
1.0000854292269374
0.9999935540239631
0.9999962896120472
0.9999943427168243
0.999992133781722
0.999904253363464
0.9999450165734367
0.9999133842727338
0.9999480599717238
1.0004643552402201
1.0002164583420996
1.00048209987241
1.0003219323630723
0.9983667913259474
0.9978012313303868
0.9977527867252985
0.9980809398556615
1.0071015963439247
1.0152971573659733
1.006612544932313
1.010355066774872
0.969781597089048
0.9556148952868024
0.9752506750491922
0.988634337124958
1.0074865454462612
1.007078742558941
1.006256586559994
1.00504689109192
1.0006959019293442
1.001537955861878
1.0008464419655656
1.0014397251427587
0.9986657485366645
0.9989041179650352
0.9988782325157699
0.9986154866351138
1.0087379852786043
1.0071031794435674
1.0087064524296874
1.0057947674140868
0.9678671782517091
0.9701110318669426
0.9500502422474156
0.9385170234977355
1.0498307992773748
1.062598046283721
1.0535673985801888
1.0557942145301216
0.9898019395620244
0.9833846427188552
0.9791018083175514
0.9671298753635142
1.007106006869146
1.0085818392986858
1.0067537942029605
1.0094343944788704
0.9984340221597372
0.9994028309710412
0.9986236181568294
0.9992018049935742
0.9885641662247003
0.9919926176088683
0.9896345361133303
0.987223087114752
1.0426870631158418
1.0223219906561214
1.0401867341277127
1.0356094307192865
0.9936080913611962
0.9957265136796997
0.9903406362372631
0.9920526526649598
1.0020359239151742
1.0041712562746088
1.0040323255311174
1.0014535319378293
0.9991737141543807
0.9993058779435242
0.998398312998181
0.9991283483763906
1.005966560692135
1.0049858648877892
1.0041091213166773
1.0041857434749955
0.9742048105832324
0.9807608472988343
0.961226676464061
0.9790299256544459
1.004157732454956
1.005557320160156
1.0044304024800914
1.0059908993113054
0.9990733105771735
0.9980632078228951
0.9983467336260373
0.9985764079633531
1.0005009039034933
1.0009367669194642
1.0006700519813698
1.000638591190425
0.9972448046616565
0.996474307805679
0.9958358827233311
0.9965147691222952
1.014202991375572
1.024958240238804
1.0099302814331355
1.024480091293019
0.9995921141758861
1.000074243933109
0.999766049826197
1.0002209006046332
0.9696683397406133
0.9775746202994507
0.9633597515831397
0.9795952333305645
1.0075588047094621
1.0097577985691628
1.0082983675105686
1.0067756050433647
0.9987307730115371
0.9950128049316196
0.9966599228269412
0.9968035070544412
1.0019846121072438
1.0019699003333602
1.0009892521231267
1.0014222020023331
0.9933651277246784
0.9964508809130743
0.9960108147444965
0.989376512662003
1.0015117800215185
1.001401185796113
1.0022902327562944
1.0016780059757264
0.9996502234505698
0.9996311608289641
0.999529059489698
0.9996191468146086
1.0005601637311092
1.0003016662872641
1.0005348719910276
1.0003330397914525
0.9989573786840167
0.9980405559891052
0.9981652008644307
0.998327027178346
1.000743655802906
1.0015019970596237
1.001165957871785
1.001513799540868
0.9979457566247477
0.9972544674092049
0.995535687025858
0.9919604153139417
1.0522765013700397
1.0363948872935882
1.042918817357022
1.0433434460851372
0.9907871897006558
0.9867037772173396
0.9900443814502871
0.9873162564244826
0.9963278652325321
0.9977913293547865
0.9942539611766595
0.9970166855135959
1.0488480852746
1.047436513857179
1.0728724150274354
1.058922699774315
0.983312939947585
0.9741626966052148
0.9883871801689822
0.9782856033144551
1.0024870173693041
1.0012131768984243
1.0036125352835634
1.006636482081894
1.0197934589072366
1.037255288267168
1.0198717946781468
1.0373114657526155
0.9966869707770797
0.99636376844536
0.9963655277102901
0.996502720240673
1.0009715851955918
1.00129411690462
1.0008983079347078
1.0002895315475342
0.9998654078514208
0.9999221662764747
0.9998571161593209
0.9998328105464274
0.999749715440017
0.9996548934969804
0.9997646595413076
0.9998048824204292
1.0021655167358137
1.0013382625323475
1.001778672210665
1.00179950383409
0.9892580421816627
0.9852744398830167
0.9767428026443106
0.985552284797691
1.000858543017732
1.000629804465501
1.0008753827537642
1.0011919735880048
0.9979627907768107
0.9990788239833389
0.9993085516478865
0.998897445463996
1.0039078497815002
1.0031387708132566
1.0043770695848113
1.0025573745633092
0.9685209426217944
0.9693894303507585
0.9756598619265555
0.9911584102805339
0.994993261605223
0.9955508972325071
1.0015439927020542
0.9924326483053364
0.9579595635612269
0.9481434029005759
0.9885196306228868
0.9506786051533568
0.9419463502694481
0.9556403842465551
0.9261966569685001
0.9341954124418342
1.025270551545525
1.020657768819572
1.0182198671187628
1.0207650379664115
0.9599247532580087
0.9684279888551431
0.9741026467637806
0.984796552943412
1.001661615308508
1.0045441750896895
1.0023383646989141
1.001566238251438
1.0078506907051292
1.005322837982546
1.0045895644376208
1.007336591770213
0.9908097206600504
0.9805435481461175
0.9778630248678368
0.9917166780274321
0.9978729290534183
1.001976590067656
0.9952456254367774
0.9978335648385287
1.0258699068286394
1.0652386548927375
1.0676526656451168
1.0740130064975477
0.9809497925882659
0.9844870728657907
0.990032336529809
0.9817879010385794
1.0064360940737254
1.0084330040212295
1.0099254741096968
1.0030256174204182
0.9984343199188717
0.9990764043844725
0.9993607522098894
0.9993510625659136
1.0001500851693967
1.0002146441782886
1.0002110192596405
1.0003453046730246
0.9999603119366961
0.9999539440690225
0.9999633632830311
0.9999570829058826
0.9996730809930813
0.9998147535247667
0.9997768364045373
0.9996771918670144
1.0031488719329034
1.0021032309397375
1.003571562338084
1.0016071350348306
0.9925509015271337
0.9949601438734982
0.9904990740618309
0.9877742845919092
0.9996321699051529
0.9986772893100806
0.9987773216829587
0.9981465542575119
1.02924581966135
1.0208360327355377
1.0483921082473124
1.029577542883097
0.9937514992761539
0.9927829274205009
0.9865650846660821
0.9930018133445457
0.9982931163379677
0.9974750637793544
0.9984331393040249
0.9979522948036601
1.0393720580314487
1.020456445656396
1.0369629975745458
1.0441607368849362
1.0345058538392982
1.0174501913038225
1.0188857826705513
1.0106350251106606
0.9886792631371387
0.9901270403311114
0.9798042261722116
0.9842611686823318
1.046636821220654
1.042891423413556
1.0361144976811256
1.0558668419527846
0.994329995008674
0.9954962689514177
0.9985424599169307
0.9957252675663913
0.9846379662242326
0.9753545874948413
0.9726401429613947
0.9855715203619841
1.0049883728727644
1.004843512915422
1.0040140882588442
1.006564798554061
0.9829602791527412
0.9846068858167806
0.9798544212418971
0.9709337808019842
1.003337278056384
1.0038414466060719
1.0041259378988918
1.00630649674201
1.0374678251082388
1.0352147817172221
1.0157517537048002
1.0151273475722848
0.9971243927662671
0.9948670426052889
0.9966967033121521
0.9959673298051764
1.0013901921200448
1.0010929033979552
1.0008815069548327
1.0011631021927825
0.9995765144148337
0.9995095858386366
0.9995434744145806
0.9995847416185816
1.001593687298584
1.0015921780719368
1.0006781446682627
1.001538301449122
0.9850072099478862
0.9842743858738979
0.9960965019962609
0.9879352977468404
1.082643924206244
1.0548394871352065
1.0858031554165466
1.059176409518251
0.9917358592711099
1.0001413936310979
0.9935311604756919
0.9989004905143898
1.0059342554056834
1.0056579752891908
1.0044916664279115
1.0057888035072131
0.9706337609435673
0.9951382209566164
0.9751191626632473
0.9746875315182574
1.0040165781444237
1.0023878042052214
1.0015446456552248
1.0034003055521346
0.995567917111827
0.9971505984860106
0.9969293278592881
0.9969176371759979
1.0225602338213045
1.0197163865702732
1.007224068032288
1.0189079556887448
0.9970736874728016
0.9960218461317693
0.9965684275705716
0.994262886878762
1.000918609464754
1.0013845819898495
1.0007322625631867
1.0013082947283223
0.9987898904844432
0.9993600298219588
0.9996118013976995
0.9993212574950324
1.0041477525907214
1.0031458446483354
1.0017872215327919
1.0043892515144308
0.9811785388232689
0.9893650177104011
0.9740587947822431
0.9943217811594982
1.0032463918461159
1.004816485487716
1.0109613043597596
1.0139148703567213
0.9998902498906319
0.9999193936415536
0.9998367254835915
0.9998601682846251
0.9937202149088807
0.9943334826041983
0.9929587307210446
0.994831183572325
0.9995568969442629
0.9997138010585027
0.999405260287368
0.9996168821916753
1.007455553761787
1.0068694935766827
1.0023014412439917
1.009790548783383
0.9933851567192311
0.9921092060104902
0.9945686251424591
0.993941801591436
1.0468065223373526
1.0315463053958602
1.0283637186367
1.0489585854461654
0.9817979552789908
0.9934850931960769
0.9881558085404353
0.9942118116352876
0.9881470246010711
0.9320552561140018
0.9319160660189494
0.9436733902515978
1.013666324611013
1.0159244569092105
1.0191601590323347
1.0094625209512391
0.9885968164426274
0.988023907451696
0.9864716605980705
0.9848739827578029
1.0032221107731443
1.0056708537408023
1.0032213186882117
1.0072918465893226
0.9972438236897515
0.9967716009916628
0.996981419262355
0.9961298931330089
1.0121529040191857
1.010018064349805
1.0106196150092945
1.0146628386411212
1.0066203718739704
1.0037376534073046
1.0030700424236634
1.0134417110134306
0.9959535256243759
0.9971725158800111
0.9971268314150015
0.995705020941468
1.0006780042288521
1.0010408514115785
1.0007684683286964
1.000525874688506
0.9994437701163963
0.9997264450009063
0.9995841147253709
0.999635267397976
1.0008556220109324
1.0010130907422479
1.0005094105695655
1.0009540505023535
0.9998041974627488
0.9998724451469281
0.9998866145932571
0.999894063670192
0.9999022189727979
0.9998956797901033
0.9999458723468052
0.9998778826096617
1.0003385556531004
1.0009857674878933
1.000807162427484
1.0011016537510704
0.9998323424457983
0.9998459119403015
0.9998470423356793
0.9997680024121566
0.9999504844258561
0.9999685386574267
0.9999727091824043
0.9999896845495554
1.0008737612252796
1.0009600594851316
1.0007106198286324
1.0004916971818596
0.9888884110975766
0.9952458599347761
0.9897636199070169
0.9898888566513047
1.0316312827084841
1.0453765650894862
1.0279051644619894
1.0334068644037249
0.9915058317360355
0.9894013637816892
0.9874443598058308
0.9853131445983306
1.0081012160758285
1.002772377434166
1.0079046432993066
1.007676261380161
0.9856712568601473
0.9837417303418117
0.9889524265729321
0.9952639390234242
0.9951656369018926
0.9926877388604383
0.9914124240169182
0.9920757756229976
1.0757878213321583
1.044772125894693
1.0610213751116317
1.068391578573134
0.9763612780667935
0.9805827188356583
0.9848568771629724
0.9907400661553959
1.0026356013476108
1.0052262891787045
1.003719285204566
1.0052054045019596
1.0036117473405384
1.001263419622987
1.0007781706274237
1.0035705157766053
1.000377590740284
1.0007859079391173
1.000584600323091
1.0001220080421218
0.997129912671283
0.994723291500737
0.9939131039579268
0.9951070733470434
1.033838623923738
1.0192471286242193
1.0241940615724254
1.0317896282653454
0.9956668346150321
0.9902496969157875
0.9930728229763145
0.9876536894567813
1.0026150038598873
1.002672688804005
1.0012582870823705
1.001778164476556
0.9988375176145122
0.9985113010551285
0.9992800784429877
0.9984436290041313
1.0175010966858495
1.0091847734727775
1.006464569487398
1.0163232245611757
0.9947542808318272
0.9932712102090965
0.995979454748245
0.9959855342228779
1.0139480206500702
1.006785903065387
1.028192758979749
1.0136425445260282
0.9982097055250003
0.995661225845324
0.995653388460388
0.9967068985681148
0.9973977062453637
0.9963620988447794
0.9959673873981715
0.9979531318652595
1.034489930026778
1.0293342288568565
1.0312810288421799
1.0145508693374532
0.9752630293453579
0.9679612425727979
0.9760163689755212
0.9669849697084005
1.0157040883754533
1.0264197549063092
1.0320925537325272
1.0224372054702633
0.9914594202667845
0.9899757045426898
0.9949207922153744
0.9935313660165461
0.9997971642492043
0.9990459575245534
0.9995288835767114
0.9996778061748386
1.0283032054462669
1.0017375266210136
1.0435068725943943
1.029436651268487
0.9976024374125083
0.9971018688781388
0.996769880224262
0.9969694780465034
1.0006836123781906
1.0020664060947628
1.001495824585464
1.0014253613228017
0.9967026990369381
0.9965496289996582
0.9970270886858786
0.9947013878817655
1.0268442837067804
1.017058453354037
1.0324576196976083
1.0369148566384856
0.9877067015366439
0.9902151116990355
0.9853477695135118
0.9941983404117997
1.0027589808106137
1.001181226883075
1.0018159179344208
1.0016069786163582
1.0020618548706448
1.0026360744833496
1.0014945251143308
1.00186602366601
0.984886297916291
0.9881143892479332
0.974271792638344
0.9669847733088249
1.0033074668438806
1.0042399325417792
1.0061452822952375
1.0066723609539932
1.000190787373302
0.9996858365701803
0.9999967557464058
0.9996769755170883
1.0003619754430366
1.0002709291063292
1.0002541202726296
1.0002679337861777
0.9989037883060943
0.9984744253111804
0.9989252791061615
0.9990954166025439
1.0123661332552016
1.009020951143608
1.0094879388889517
1.006211364204095
0.9682565749154223
0.9353819681761664
0.9519183487622845
0.9499411378149635
1.0116962079756036
1.0060803917803394
1.0078586055346541
1.0070590465250329
0.9981462387911244
0.9970848339998091
0.9979098897235905
0.9981207885465522
1.0012853998233637
1.0016945414263754
1.0012146802837611
1.0019985125645414
1.000766273672155
1.001360279878824
1.0034840364111086
1.0014351619677415
1.0002657478734256
1.000337950441014
1.0004573405219035
1.0004269579507996
0.9979415423160768
0.9972556385432443
0.9976521503886557
0.9968025826538385
1.010909922360182
1.0154001455821708
1.0244714982886556
1.0285190428073323
0.9944798151534875
0.9941188602110828
0.9914528028584717
0.9924067281106558
1.0021812919786293
1.0023583997029766
1.0033472388564904
1.0010053384124984
0.9984629717810435
0.9982695444093249
0.9988590505956936
0.9981507696128101
1.0040905509889488
1.0189802655919025
1.0252765549839735
1.004019454208428
0.9972204042587275
0.9963124074471511
0.9998488114643013
0.99719829610221
1.0008331445172303
1.0004850143649995
1.0007469809496634
1.000439256745981
0.9998557901030474
0.9998679632175345
0.9998527733249019
0.9998878524723901
1.0000267858555727
1.0000401289402328
1.000046416989106
1.0000193608116426
0.9999973565662348
0.999909818273281
0.9999926595958223
0.9998779411475085
0.9979584727320778
1.0011173844622363
0.9992756384879733
1.0016152154542286
1.0239831628109024
1.0350999263824203
1.0306183872790002
1.0085581500526513
0.9946597784588183
0.9949744547645207
0.9961219713252523
0.9970461020777803
1.0011959260964338
1.0020943966089266
1.002222648510667
1.001588087974063
0.9952753865778606
0.9950926672738964
0.9949160109738507
0.9934484993444349
1.0270749910010353
1.0532834403596283
1.054002032808833
1.0140350380750034
0.9734329268577042
0.9842047237203567
0.9773990955444803
0.9746084279136977
0.999446619687551
0.998056494846572
0.999727536858917
0.9973333364339809
1.0265305686064288
1.0209287061483596
1.0051240515667594
1.0081091606880703
0.9325763275379805
0.9146629036081029
0.9306474244532585
0.8626909875767362
1.0202702120579545
1.0214559533974283
1.0212501367191322
1.020525661113399
1.045201681253227
1.0139411731182761
1.0413268654897807
1.0527716973903811
0.9954599396772258
0.9894654954689214
0.9918325998563231
0.9868430350063703
1.0052518717343633
1.0094262055598617
1.0023624176891393
1.011960582490563
1.010631569470865
1.0165889681369076
1.0129199194466798
1.0210800605176267
0.9970123591914017
0.9956039656107469
0.9963842889415248
0.9970551180933402
1.0005877122310272
1.0011047795982564
1.000987037945713
1.0006602259360373
0.9997053150905209
0.999349643606574
0.9995745676478331
0.9993200435809982
1.0027414963515067
1.001784030187447
1.0036928945035395
1.0030137345042809
1.0015877035625491
1.0021178936110264
1.0033418810531078
1.0014878069483748
0.9996873911202545
0.9992675642186846
0.9996936821225821
0.9993358387452811
1.0001893925142231
1.0001123349054335
1.000076277252878
1.0001013996165093
1.0001046245098777
1.0001029217952846
1.0000827260154999
1.000094350355017
0.9982645248053846
0.9988780065006557
0.9983985225245517
0.9983792230184568
1.0165606046999596
1.0032632099802947
1.0132086730629326
1.0163617795967899
0.9975298246187172
0.9971051830553693
0.9959021970574207
0.9955898629892398
1.001344699935844
1.001728601994883
1.0007000406007356
1.001455404641561
0.9993104708085071
0.998997449907932
0.9992007672654112
0.999420590898773
1.0064623759342004
1.0023028563156098
1.0070793097917181
1.0022465796322662
1.001697872326926
1.0048825182282184
1.007913557051375
1.0087213278429101
1.0012837699860506
1.0012685144248143
1.000945787782907
1.0013808925577385
0.9793684476540188
0.9739375105917704
0.9838407362741477
0.9747025275159266
1.0097317090002769
1.011204330188509
1.0124234211589442
1.0075185274986136
0.9968704346933474
0.9978191784891952
0.9981669746625371
0.9976868567249676
1.001567444274277
1.0013082683066465
1.0010816873532962
1.0020511644938772
0.9977359230880435
0.9982904147280423
0.9941161085903254
0.9941904821770404
1.008686725785475
1.0031282698207438
1.0069038348606134
1.0062825901217434
0.9840767692771396
0.9605036137857293
0.9717236841754363
0.9720251291184412
1.0032674347417259
1.0027350538897464
1.0050511895242544
1.0046784421525907
0.9987259552272337
0.9990357887219508
0.999309459526017
0.9993537731337412
1.0000960029814105
1.0001484860208703
1.0000603163067083
1.0001184704020458
0.9999697079190896
0.9999741546970775
0.9999728977970772
0.9999683975627592
0.9999955985290622
0.999996603421894
0.9999965493165852
0.9999952955017344
1.0003091286636303
1.0002620920259813
1.0002413461212771
1.0003208613532453
0.9982913887522357
0.9986767111273527
0.9982277350303195
0.997838542722926
1.0004579148091026
1.0006930189755234
1.0005588297076855
1.0003115285006758
0.999964366952464
0.9998616090669935
0.99993984416289
0.9998955369382994
1.000064585236424
1.000054746719739
1.0000488499500015
1.000090651431794
0.9995697191988413
0.9998918642965161
0.9996797022084863
0.999756191342859
1.0000290296466698
1.0000112222014388
1.000032464257717
1.0000219046230765
1.0003954598392053
1.000406418136009
1.0002839514811344
1.000126425770716
0.9983022911143167
0.9979610728798136
0.9978135255381777
0.9975304237473308
1.0115129962926692
1.0150169604404884
1.0191745388309787
1.0169295603498023
0.9972305801944558
0.9937578119018439
0.9949691420183466
0.9947108649976735
1.0203900478706625
1.0113871744141092
1.0044178650010478
1.0164759490073074
0.995244432325411
0.9969947667157879
0.9967283871746853
0.9965944133437475
1.0011464060364665
1.001212459400754
1.0007028761253578
1.0009649562988634
1.000741254907702
1.0005927590610435
1.0005311278186313
1.0009503398283512
0.9845011135049919
0.9926416511634594
0.9847720336721891
0.988106477785428
1.0036203956608425
1.0039687464657436
1.0027835061109673
1.0038820493636478
0.9915872136467933
0.9863136979174549
0.9920632219519318
0.9875981099969241
1.0440611746906627
1.0497143307256147
1.079778579692308
1.0799738951055367
1.0272553030752225
1.0629185554330425
1.0408547353224875
1.061179012447328
0.9398338681131184
0.9121700364647459
0.9522415290077118
0.9048196287355034
1.0312361686052929
1.021126215346912
1.0241077184084548
1.0217949057247844
1.0014085174182752
1.0049385681632068
1.0033705784035292
1.0013926544641172
0.9347061097909612
0.9524017534008257
0.9372893599048732
0.9281326896803205
1.0100526543604973
1.0138778296016198
1.0151019249792326
1.010943109904178
0.9714060302413013
0.9784008604374848
0.9817427088368299
0.971617398647827
1.0042692735575578
1.0048348961167837
1.0037523062660676
1.0047096149299015
1.0009976890404768
1.0028964755293581
0.9999450111765062
1.0017110425779088
0.9991256803108316
0.998434989898807
0.9988215291191495
0.9984647226899788
1.0063556213526077
1.002541107224299
1.0057430129408522
1.0044583331773609
0.9901004451173306
0.976633609792267
0.9842775135735493
0.9596116295463746
1.0028615865468589
1.0014710644381402
1.0037995077662143
1.0005307939476014
1.0239837479512222
1.0193970863743467
1.0102086961213572
1.0204638312346823
0.9825900977344584
0.9627894777765524
0.962363697364997
0.9678277660755681
1.0198719554997564
1.0167695017372596
1.0310336161890443
1.0314685128132353
0.9947296998361399
0.9989708175496804
0.9970020727967077
0.9961541638135101
0.9782727733487208
0.9797255975434591
0.9611302933765918
0.9793829603129574
1.0059017289854766
1.0051764451805008
1.0041126657229957
1.004029507514364
0.9972015220220993
0.9964061108519956
0.9937093424356713
0.9914412194423594
0.9996481866782913
0.999209563915438
0.9992093605302496
0.9993695496796317
1.006968979487665
1.030893637709321
1.0262907759297053
1.000787692476001
0.9968195726558587
0.9977250296293979
0.9988703120904476
0.9976993049510072
1.0013355887397033
1.0012154203675858
1.0014677717007547
1.0009723385974443
0.9936314110690726
0.9970117435254249
0.989182485955411
0.9868966139200943
1.0071709250928078
1.007476862804094
1.0133946851848497
1.0063094136560071
0.9947658429711499
0.9930659113962802
0.9933306390406926
0.9805181486470157
1.0089373715068648
1.016454026471924
1.015933324501447
1.0093458509589344
0.9989625702422313
0.9980714044230228
0.9994468480201565
0.9986677425555348
0.9980900847781289
0.9945798961990325
0.9979560284736424
0.9962556866285203
1.00066862982493
1.0004505023158814
1.0005466527158782
1.0001764379922384
1.0000565012970644
1.000029759791944
1.0000407805756282
1.000055230787532
0.9993362268480854
0.999143494476752
0.999880874453895
0.9991612112747261
1.004143373318613
1.0044822625488534
1.0074540072699767
1.0124841651175003
0.9976760754496083
0.9963543941013773
0.9980460911486807
0.9972949181239885
1.0056436349722189
1.0067963115821748
1.00454671857471
1.005826177334269
0.9899780080287629
0.9640626462864709
0.9608533938349243
0.9800751950859499
1.0052862136016063
1.008702629258231
1.0032816421118393
1.0067532528400993
0.9988824291672592
0.9981552086144707
0.997985910644029
0.9984002091697958
0.9984786795946385
0.9950592092203842
0.9952964358141044
0.9938129762149186
1.0280913779816045
1.041497664033805
1.0279855368888329
1.0539170771014936
0.9975858376290182
0.9912543253945668
0.9942462089795326
0.9905888339798669
0.9793108696681557
0.9792182461129881
0.9648213611220186
0.9615760047873566
1.1010332680570496
1.173335457768419
1.1654736938079346
1.1433469035725519
0.9577381673089663
0.9826506719093492
0.9493393474368282
0.9436156533906616
1.0119383175599472
1.0081768514777438
1.0076152408783512
1.0115263357584154
1.0177245557064258
1.024455810098798
1.0303446795292757
1.0247243599349598
0.9997965814724209
1.0001572344385434
1.0039025623352726
0.9995651222847798
1.0007542191462009
1.0007973603422309
1.0005427754898537
1.001160359895182
0.9927635278902823
0.9948565741351422
0.9961051389950359
0.991230190701246
1.0199083031584064
1.0034834153136283
1.0450267817490209
1.0526108342449898
0.9941964396511437
0.9910143805490047
0.9911898027516635
0.9951831108834311
1.0004099473253474
1.000407209702879
1.0013552497361722
1.000129429358847
1.0148817680895836
1.012279243786115
1.0158788187374854
1.004620135660149
0.9971943147216704
0.9975469960076538
0.9979644460896661
0.9973206385559584
1.0005734419104122
1.0013658102011955
1.0008090828270921
1.0010317942427869
0.9969483677473377
0.9971310759521531
0.9960155271901164
0.995939305444514
1.0252316385397995
1.0340520510449038
1.036602580582559
1.0356245970127522
0.9941760607393166
0.9863405073497242
0.993430769423675
0.9947790197936717
1.0014635521551774
1.0009417876742248
1.0011673195719635
1.0013246777068152
1.0001081540722896
1.0000836140537157
1.0001573112051318
1.0001026610421855
0.9949260367763036
0.9961911837059534
0.9956207721558427
0.9979706550641952
0.9987046983925174
1.0007248740222454
0.998695867521925
0.9997794263393415
0.9870617634486938
0.9932213458156418
0.9929128566746679
0.98591456319566
1.0004586678613063
1.0004395151454881
1.0010035406585678
1.0012910831416675
0.9998717974231569
0.9996848446264965
0.9996815961093832
0.9998780912761477
0.999743401008005
0.9997262998045559
0.9997418122239101
0.9998078326910196
1.0019140715986183
1.000837507756183
1.0015127624688969
1.0023020147640613
0.9874605972536451
0.9856751432527407
0.987696586933433
0.9744319313876526
1.11112968902829
1.1382212549949484
1.1062932514999242
1.0937747456601667
0.9612139920430872
0.9679293746666273
0.9599725032263782
0.9739940734032149
1.0061564384654738
1.006851215042646
1.0023574048509278
1.006631125711272
1.0040707498631067
1.005599870737728
1.0077749098072848
1.0010001693974362
0.9150664082281313
0.965390673657765
0.9652763631809986
0.9124632979995094
1.0272715823940906
1.037198661012612
1.0337782476619004
1.023252152355211
0.993768915448638
0.9960547951352011
0.9964316943712646
0.9957084456474784
1.0005682410804944
1.001164697726201
1.000840607054835
1.0010067980318398
0.9996865811806336
0.9996086996015865
0.9997865637034258
0.9998043484775891
1.000016656536532
1.000382470429497
1.000059423815204
1.0003512904646097
1.003803287383583
1.0029335847492709
1.002300287044515
1.001366182411847
0.9821870533521239
0.9740311195696812
0.9690634532166033
0.9762028024617585
1.0308954488180213
1.0306656895547317
1.0058060239321882
1.0343886961768107
0.9968410180833095
0.9982100444123935
0.9962532961799098
0.9957514981385972
0.9850826369631834
0.993146371091138
0.9848638393495877
0.9927261389919868
1.0012255825527272
1.0028301193054965
1.003202683491944
1.0020797751992059
0.9993430635175516
0.9996741110433455
0.9994600872372135
0.9994915460347205
1.0004391233736465
1.0004255264619952
1.000261642145792
1.000479177577498
0.9984461407305845
0.9977116469946817
0.9971957609302513
0.9976941603982055
1.0189458647491993
1.028439430087921
1.0220600408036824
1.0316202436536674
0.9961314893551553
0.9971715492278279
0.9958277915460113
0.9966947636721251
0.9888706698952368
0.9955499047689651
0.9769706895726279
0.9863277241483498
1.0022654272817741
1.002366158004946
1.0022791040593964
1.0024139191413866
1.0064691008154354
1.0067591547010455
1.0130659122725074
1.002400393505239
0.9546440037028199
0.9766267595804294
0.9534422712434882
0.9735397815491106
1.015484048000348
1.018343272663442
1.0162407631611563
1.00563547866501
1.0007315916779287
1.0011347561944706
1.0007468439710037
1.0014554199567856
1.001097962367034
1.0010197530385132
1.0011145879689674
1.0014999355669971
0.985558838686465
0.9931751977563674
0.9839011636510819
0.9853458386937289
1.0973264151317315
1.0903938959648425
1.0367641293089165
1.0755627089650728
0.9685743575415565
0.9665904296442942
0.9748838785765186
0.97286784782987
1.0058162848891696
1.005707645434021
1.0072947375289742
1.0121540245163496
0.9909560349001787
0.9913054010113711
0.9901729754595436
0.9909698399365525
1.0568920797821217
1.0459626538489755
1.0467804755819856
1.0566529687889765
0.9891909359286063
0.9797404782458573
0.9893646815635782
0.9882974171504986
1.0035340711982006
1.0031799952995148
1.001569546934136
1.0019835627804974
0.9997408319404292
0.9998611819622788
0.9995906333140124
0.9997006131995355
0.9996625083592905
0.999678744045767
0.999582351280945
0.9995148971442415
1.0034054215562676
1.0013343855816303
1.0030006206886446
1.0017954805990752
0.98688860348002
0.988228334593918
0.9834740812748778
0.9931493109377186
1.0746594885358274
1.0529604391904304
1.0944865116034306
1.1051808463772133
1.0081060544352936
1.0075595068925507
1.0025995864831097
1.006234854502046
1.0004088250428076
0.999962618484743
1.0011021326814113
1.0003305251438661
0.9872142376476547
0.9775175986533182
0.985618869451566
0.9910299411585015
1.091419682495585
1.0889113564299622
1.0927187611692653
1.0905641686451597
0.9925703883869634
0.9873870141510639
0.9779113597086108
0.9767378546503547
1.0044245838420667
1.0056393531954195
1.006407642120739
1.003977077506968
0.9980365047659242
0.9979241409107549
0.9984908504929025
0.998145128784358
1.0055664844584182
1.0069208885158498
1.004152467222918
1.0034874172205075
0.9593741143970819
0.9814739490327685
0.9556737413008344
0.9714577040902872
1.1338887885751865
1.1428630466817584
1.1270687672923505
1.1311115967333258
0.9514097073353037
0.9514474826769046
0.94890456806753
0.9762839540558041
1.0132192633274282
1.012798585719105
1.0140544725218925
1.0157933179463354
0.9954306803636704
0.9938734538324873
0.9967357144958762
0.9961300575989378
1.0011606700584657
1.0012789392724653
1.0011851863128214
1.001865417293731
0.9995791730939291
0.999488276407926
0.9997242736581624
0.9994240374100194
1.0000991902603775
1.0000811432026726
1.0000599958681773
1.0000673257456802
1.0004296248677296
1.0002964814003572
1.0004990571071044
1.0005283881434823
0.9936237207037152
0.9923905420385392
0.992120111970796
0.9934116877395279
1.094976357104643
1.0793862467099662
1.1041798089240846
1.0792302221558174
0.9729007811966793
0.9833724394662179
0.9767704369021961
0.9804858405635616
1.0070592515935486
1.0057439121668559
1.0017805725795987
1.0093844471148947
0.9960240185162788
0.9880251996139305
0.9957323362692918
0.9901176883809534
1.0239073203332358
1.0418345247785
1.027055305490688
1.0664371913552786
0.991230232132531
0.995209123055888
0.9919011311848864
0.986065735562151
1.0034633604311378
1.0028710828937115
1.0022291522059628
1.0014197993658938
0.999006888136015
0.9989257489379683
0.9994085426216999
0.9986677582292611
1.0046723931934847
1.005289245201305
1.0068520381641566
1.0014995361899106
0.9991430384907993
0.9993169563615031
0.9989988528279706
0.998889507801259
1.000516693758202
1.0006868452646422
1.0004596025975563
1.000366086225258
0.99797851844984
0.9976588851086962
0.9984457255043462
0.9970187778662276
1.020242437779999
1.0238997101174532
1.0203717102159233
1.0041603132718497
0.9958324080891466
0.9951773389406403
0.9966103755154881
0.9965348420811625
1.0024947048842665
1.0024105895803634
0.9988036109284207
1.0096228228130455
1.0202588872399376
1.0364909219461023
1.0095854045992976
1.033247402619432
0.9728861443474152
0.9849335462312303
0.9776739234013548
0.9892539171383162
1.0189045755115544
1.0101103681895833
1.01043760084738
1.0063128439674518
0.9307592877021958
0.9234767039893376
0.9696436616145009
0.9665456060591645
1.005631415579081
1.0058933009994042
1.0030028493453178
1.005793742835159
0.9913029623506585
0.9891783122938158
0.9886468929843867
0.9971461654838351
0.9975467389895738
0.9983596501773012
0.9980100591416201
0.997406482429177
1.0280099275513346
1.0234777885454351
1.0218718165669765
1.0413515844009347
0.9900738095494114
0.9843706673537937
0.9953618110291569
0.9870367788746489
1.0025553697403444
1.0038911647219555
1.0033035797959637
1.0015477418841776
0.9997176543057271
0.99948873017242
0.9994314088890893
0.9993369668917226
0.9980160426374569
0.9988965544649827
0.9974223063976554
0.998117896573867
1.0206657927103218
1.0203200261795262
1.0250433465858637
1.0283297984810746
0.9945690408934443
0.9853927064224516
0.9928931366391158
0.9860560872607641
1.0025894628397103
1.001669993019631
1.0021007034680807
1.0024163068767749
0.9994865049925459
0.9997562251302057
0.9996777272752851
0.9997269672791248
1.0000327517577516
1.000058137079615
1.0000751855065022
1.000070263361695
0.9999853332065849
0.9999881355853357
0.9999895179928627
0.9999911487399175
0.9999833890339315
0.9999791671403243
0.9999808639035273
0.9999758074835461
1.0003572575572004
1.0002226991775802
1.000373312281768
1.0004720491702668
0.9978910381428908
0.9983993295051453
0.9975648138122519
0.9988962761727429
1.014715495709418
1.0146223716880567
1.0169661652704154
1.0059881023539092
0.7527883990399747
0.7995763558646772
0.8994750350772304
0.7543584883155762
1.0683609251491946
1.0473203656366443
1.074430323965632
1.0378662650265689
1.0445296275561806
1.0891928293993587
1.0328038086176856
1.098418979503651
0.9829621540990958
0.9850454347189492
0.9620694819979807
0.9868616840137683
1.0295397562854942
1.0540242769888946
1.0671344187481264
1.0376716507239503
0.9864508902258484
0.9884921233070582
0.9810130350053594
0.9802086524698436
1.0190433695633982
1.0174852402420471
1.0205734147581476
1.033642230309079
0.9849204455154319
0.9892977667627904
0.9904798491382898
0.990925635514634
1.0175428651722944
1.006833291071781
1.0196734079484653
1.0202375310543985
0.9967055722722714
0.994944191950113
0.9954881256672258
0.9957503216550784
0.9961013687315248
1.0004224808698696
0.9994587569854996
0.9964226979221372
0.9673040094682201
0.9627418651796927
0.9697502330151405
0.9686948567379638
1.008004667348331
1.0070865670068028
1.0067709422304831
1.0052264184149973
1.0228572121241557
1.009413231124011
1.0357956501125758
1.0080035449850673
1.0021736567705342
1.0006040835482284
1.0001660138962372
1.0034852275885666
0.9992482281950311
0.9994375075712661
0.9996732900312262
0.9992367355922609
1.0001476539248966
1.000127551816643
1.0001462253460829
1.0001948294991052
0.9999824305660185
0.999955628764283
0.9999756047808597
0.9999681117216969
1.0000108343433916
1.0000091129132327
1.0000087359317669
1.0000075605847125
0.9999983183431538
0.9999987029593757
0.999998271069916
0.9999987372898974
0.9999983038446013
0.999998365376381
0.999997925855156
0.999998066240798
1.0000244374656757
1.0000169471093436
1.000020351383996
1.0000180873135378
0.9997858337156692
0.9999583288698939
0.9998136048316033
0.9991204232399095
1.0044662292441535
1.0082535558594454
1.005262066423761
1.006075083111455
0.9974275879059933
0.9983146476869696
0.9975166833426388
0.998287113282214
0.9993620576422144
0.9993419670842105
0.9993491384957348
0.9995046235641218
1.0157553103289252
1.0102394725990498
1.0157305505392757
1.011879884940281
0.9955182952992456
0.9989671552481041
0.9959638520621206
0.9968893851323626
0.9916799097598324
0.9962004546191142
0.9926832438975265
0.9941104068860467
1.0022584331639326
1.002220663830477
1.0022188596680761
1.0029172167053466
0.9923534261159598
0.9947631894992646
0.9924485490385526
0.9878904646327399
1.0791960877834617
1.0687885671812978
1.075117240920106
1.0520150609085164
0.9894260608155254
0.993539636840654
0.9899487493222927
0.9946613207330607
0.9959961926066072
0.9966328308186889
0.9988028788734268
0.9961393074938478
1.011725741391454
1.0066318716090952
1.0204643571684802
1.0322233855801393
0.994534822741173
0.9935419807854073
0.9922932849789999
0.9890129050087767
1.0026619285352558
1.0066799818096297
1.010224000988279
1.0045942004486583
1.0292714026470828
1.0237517272661798
1.032855907971935
1.0282141017564241
0.9826581819406704
0.98643500635841
0.9859085189090578
0.9890298393152868
0.9913822081074632
0.9926052339251218
0.9903151675520216
0.9963110959686807
0.9970319361264907
0.9984283071800747
0.9991295436922552
0.9994193504238256
1.0265257825931773
1.0302748693927144
1.0367191708931511
1.0439911356361116
1.0014697420539798
1.0004768568509192
0.9987372290064414
0.9999286929007777
0.9449816430062887
0.9682566333784427
0.9773901420776228
0.9612233412636482
0.9680874630066648
0.9781974508126994
0.9818511223323112
0.9664477030020401
1.0190248700963025
1.01743742968188
1.018227280641234
1.0060287846887084
0.9791375836544876
0.9318137205134774
0.9395976043993928
0.9050557876873735
1.0212658749593444
1.0217657827486464
1.0246512495985205
1.029119963098981
0.9939858546125458
0.991526715851327
0.9943270840675483
0.9936284503607866
1.004309822513063
1.0100257925765124
1.00657327813786
1.0092320601542881
1.0044827381315922
1.0057350345880836
1.0012438112255093
1.0058558612692894
0.9999875047534682
1.0000676117682328
0.9999250619413048
1.0000191851225524
0.9952839997957165
0.9979929671881131
0.9969241589020441
0.9970259621646248
1.0315577408199432
1.0177111085662225
1.0284268401884995
1.0588383483464463
0.9793593221200334
0.9880307553205185
0.9792835978751635
0.979572425053427
1.033667051790132
1.0202516935510055
1.0113852011947089
1.0784254478748192
1.0067360091229094
0.9998489306239848
1.0120496816130553
1.008518171308505
0.9983608805459614
0.9972224194723274
0.9963876936547467
0.99850594055834
1.003116893736064
1.0058463860750242
1.0037478212181599
1.0030184056954499
0.9699811634789429
0.9616336252564209
0.9716931843633292
0.9432487306716606
1.0042377259094766
1.0071098072061824
1.0100721866970312
1.0097458940741257
0.9970873891239935
0.99752637641039
0.9969472227116456
0.9975398121087844
0.9994596626365443
0.993266319489983
0.9983801153276346
0.9919149131447806
0.9869702487771658
0.9894002025984193
0.953487470249473
0.9362098576257292
1.0195633991960267
1.0140502333334056
1.016017304074454
1.012647388130642
0.9889536703156873
0.9908364304411494
0.9846921251647506
0.9947353362802818
0.9983982829228266
0.9986624660552412
0.9981652013811478
0.9972093268026551
1.0179846279640106
1.0213079553280942
1.0134850074578534
1.0213666751933268
0.9979610905342757
0.9943551429267001
0.9901243108616972
0.9939759005679559
1.0018452221338812
1.0017522464335586
1.0016026623509953
1.0018614592508537
0.9965051669250489
0.9984261145650128
0.9979714656294542
0.9966102344257345
1.0171363507105178
1.0318399837910386
1.0201443484720183
1.0209219749250704
0.9987729715382524
0.9985034884304891
0.9998068459794387
0.9971212276594664
1.0672010158541507
1.0537338657772688
1.0753715016797034
1.0236606301335394
1.0024373840804601
1.0046852699725934
1.002402594312951
1.0019522636122074
0.9678829709682888
0.973537436584334
0.9834614456231922
0.9564695809660546
1.0137344931813295
1.0125518546479253
1.0159381204377627
1.0119063397874808
0.9646525992771517
0.969366703457489
0.9502352546216347
0.9810096558208595
1.008338995420094
1.0084059106339283
1.0084482609825185
1.0025251061297682
1.010804485451251
1.017926883572711
1.0042161064324229
1.020653555933874
0.9950949304715936
0.9956935310294934
0.992974511464411
0.9971317412898386
1.0016083258447646
1.0039844904506983
1.003344879496304
1.002924270995279
0.9992512117921162
0.9992989617669126
0.9996314323605566
0.9991335860399049
1.0000309470275652
0.9999871782569835
1.0000720202835987
1.0000312986973952
1.0001951614616043
1.000777162400621
1.000414965664447
1.0007632352113174
0.9998706424607708
0.9998130024339742
0.9998544537149168
0.999898534407393
0.9996439282474159
0.9997272780663295
0.9996565368680989
0.9997397536818419
1.002021861014842
1.0015315084662753
1.0022354534164273
1.0014985016860805
0.9825968085928034
0.9935590197029821
0.9865485310987564
0.9892690676029009
1.0023568890514012
1.0020371095066318
1.0008781062813883
1.003265496741276
0.9994953475969123
0.9988654035914565
0.999608962371989
0.9994000441173444
0.9999496524781579
0.9999614756615243
0.9998933227112797
0.9998613032486638
1.0022204351847468
1.0012762216432296
1.0012159001356513
1.0017943886867187
0.9906027181343485
0.9941414920222087
0.989312704768963
0.9915398951376505
1.0486885131426686
1.0635988407486523
1.0384385464889798
1.0496279767292636
0.9819581763662386
0.9842975829021229
0.9731835802700493
0.9501499105654393
1.059478962465261
1.1417367801643785
1.1859183942243583
1.1852751783349798
1.0166071226820912
1.019716598537711
1.0188430428504431
1.0221122856385625
0.9939712444090508
0.997355053040546
0.9904658108901808
0.9939115744407488
0.993791611031664
0.9970767006094441
0.9927159021502568
0.9905326384251837
1.0026342534335895
1.003355788203779
1.0019909434899703
1.0033939976853465
0.9957869150288878
0.9997189248963664
0.9964094512329418
1.0027383646074153
0.9685613699846101
0.8227841594073148
0.9121570005829666
0.9134525355250455
1.0293838998534268
1.0187373498153731
1.0294026361666582
1.0271580945632734
0.9715909885312729
0.9372206174683633
0.956373981462587
0.9665079034218932
1.0152322735260093
1.009232354494386
1.0133362660776257
1.0160987609048726
0.9954504735341902
0.9956502968355243
0.9968561841758531
0.9964209461271392
1.0013703757943044
1.0010939612772787
1.0003322226091482
1.0010277129755467
0.9998415241186943
0.9998585039726051
0.9999174746765527
0.9999041460884621
1.0000160962957663
1.0000565078325077
1.0000764036796337
1.0000579760786066
0.9999176495485325
0.9998189664286494
0.999837069900185
0.9999151693845666
1.0005035974928058
1.0008510823961936
1.0009951103851338
1.0008467440493496
0.994927599371809
0.9942110661098243
0.9978225677458297
0.9949602457837122
1.0224089797336917
1.0262624285676054
1.0115477415238638
1.0398267279540088
0.9929980505071035
0.9921027644032566
0.9869728289023726
0.9867619455271371
1.0220592606817196
1.0162558532559534
1.0221922175263194
1.015645210462542
0.9897097815718093
0.9913135226912254
0.9862630139878827
0.9882303169569606
1.0171604460569919
1.0430702546057649
1.0341539707806426
1.0594736260390716
0.9797300897452412
0.9836206121609228
0.9868843847547911
0.9885089481482706
0.997499521048766
0.9975514557865972
0.9966569877201704
0.9957711401080805
1.0022741923785663
1.0025380663256627
1.0220069624683032
1.0075995822715367
1.0477844748926346
1.038491830633783
1.0255324539165698
1.0361833896533765
0.9954066546028032
0.9929235835236292
0.9964749391089038
0.9942970543925459
0.9978158025472288
0.9980365386541553
0.9970032708628231
0.9972072123817957
0.9947853435890842
0.9976061215218187
0.9963277497385611
0.9939771434693249
1.0481852309922564
1.052173726608066
1.0309594511897506
1.0745074051122354
0.9992115013115274
0.99758406119734
1.0005935298606987
0.9960997697418019
1.0008579127562878
1.0007765775741855
1.0007863968017308
1.0006800484473688
0.9997147308882554
0.999566016958708
0.9995351036646805
0.9996984612527834
1.0005384335002503
1.0009216744387166
1.000332662654097
1.0005967201668755
0.9995730012850997
0.9993806102044133
0.9992320175292655
0.9996379991189808
0.9983750546905061
0.9994311629962416
1.002199479933706
1.0036099847764
1.0250148204376595
1.0574402182626126
1.0281035707335615
1.0262300288953268
0.9610950068065569
0.9625098510118655
0.9637855277786704
0.9760016701887693
0.9821980413936626
0.991889517453097
0.9580318222990649
0.9542931534215744
1.0112231423395706
1.01261120838392
1.0086722663183125
1.0157037023269002
0.9829458731097379
0.9862692007060271
0.9833475043095314
0.9934796836810322
1.1024779694682074
1.1365164774429202
1.1221587606721533
1.0685176192665966
0.9258523522180597
0.8582715125961925
0.8656261217931759
0.8971483793997662
1.0323685343313307
1.0293435268347084
1.0204092523382196
1.0239047139826336
0.9905313496446154
0.988512361846246
0.9891908917843816
0.9891629281448494
1.0502178072226835
1.0441252791193492
1.0204703525430119
1.0537901086433399
0.9874050041404081
0.9892656275565593
0.9812169749440964
0.9812488119977933
1.002121258144339
1.0018513595641072
1.0019679760712923
1.0023468056065288
1.0004342602305083
1.0004808719206055
1.0002735431133734
1.0003969731822664
0.9898694918643527
0.9976709516765564
0.9948682430488454
0.9972380245698241
0.9950612672030009
0.9953721295548218
0.9867741859606168
0.9944808680347327
0.9985427371864894
0.9992331560247727
0.999291396447276
0.9983771497609553
1.022072049217836
1.0029725351907952
1.0109430400954948
1.0263101018125576
1.0154317805172475
1.0156362933338685
1.0110327443749847
1.0255500628640706
0.9959659152169019
0.994665862666808
0.995445125454265
0.9940944192060961
1.0008924170478206
1.0007842155274045
1.0013804715984567
1.0019952059203443
0.9994740525498206
0.9994401828937574
0.9993131855614469
0.9995289561022511
1.000085182451233
1.000154492418944
1.0001228751545748
1.0001613396595277
0.9999664960562537
0.9999728697136169
0.999953601637685
0.9999830625878181
1.0000040346679318
1.000001326229208
1.000000906967681
1.000001193299026
1.0000426635370776
1.0000149011147674
1.000028272216408
1.000029579664469
0.9997893189408675
0.9997988465260832
0.9997975929871769
0.9996310724818869
1.0002438806645566
1.0004318505610972
1.0004705498993787
1.0003214711451414
0.9975525680009322
0.9974941700447596
0.9981661809642459
0.9970964031263756
1.0098050397866358
1.0105486917122288
1.0144620814179264
1.0096618135005602
0.9896316942040803
0.9845067080839408
0.988344356290526
0.9859640503093128
1.0314787087658042
1.0471055060543104
1.0744425761058622
1.0569589809537236
0.9897480882449808
0.990512927419907
0.9804887314882097
0.9887557219435843
1.0026592687308828
1.0024459476726166
1.0017664675616973
1.0008144472957101
1.0075887016155285
1.004904049158081
1.002131382342148
1.0112774119072296
0.9958343406866038
0.9945688121545344
0.9943461514176047
0.994818801981969
1.0304412994250491
1.013628081998376
1.0315789030902474
1.056833416169313
0.9948204210467901
0.9893482987110178
0.9876225697946849
0.9926883447174584
1.0136365351170715
1.0309843375075192
1.0197270002911967
1.0314860524655305
0.9899511126334617
0.9931895833916413
0.9904950065349469
0.993781266941144
1.0145557867213135
1.0134354900998914
1.0235650985269427
1.0137503841955617
0.9819195817975033
0.993615037800518
0.9806110103398383
0.9910555120934748
1.020375529062151
1.0244568290708322
1.0257827443940106
1.0252774329334922
0.9906853669123038
0.9901030867132993
0.9897603272854717
0.9946995798699378
1.0490846900309825
1.0449578265974095
1.0792356676525594
1.065220274215973
0.985394173152747
0.9838792336443756
0.9828415747414797
0.9915987479854489
1.0385883657521302
1.0229079437623854
1.004356484208469
1.0515530010940524
1.0229922082828322
1.039103357627815
1.0327885661805303
1.0326984320035935
0.9887833539018052
0.991715240472048
0.9828665242997635
0.9832320487404123
1.0415859150144273
1.0257658745985425
1.0443557228382108
1.0549062230339075
0.9927063886755105
0.9843857207965452
0.9855473976752657
0.9879844364701044
1.031805808700406
1.036487370495567
1.0166058779225355
1.0191037670138698
0.9948264057112113
0.991316185241329
0.9904137554938026
0.9911156689708794
1.001791728802018
1.0012471830936989
1.001878039173856
1.0022670282065318
0.9998217999524264
0.9992972673124907
0.9996086516029233
0.9996608666291857
1.0006060140962518
1.000742274663083
1.0001564528402158
1.0008159258831442
0.9995427868838386
0.9996705392625118
0.9997197357213552
0.9994323375396623
1.0016137253830917
1.001161013859241
1.001895645596081
1.0020417031629998
0.9925734206373273
0.9875458209931899
0.9896045253033806
0.992354676982032
1.0041594635173097
1.0024273919643005
1.00260566870215
1.002453096071786
0.9617277808181048
0.9924531220559394
0.9736357739760945
0.9899705201480198
1.005983191827377
1.0067323186401747
1.0031152255192852
1.0017320125024913
1.0000559693936009
0.9999435620674809
0.9997437936803006
0.9997701253051103
0.997384731451296
0.9973094936445712
0.9970941664414102
0.9982422540508538
0.9972229233225756
0.9987893158766326
0.9993308167337739
0.9983199995517691
1.0006564064763084
1.000756081393848
1.000973656523217
1.0009940720309178
0.9983640249607794
0.9971110243003842
0.9980371663311951
0.9971332929388196
1.007778380765712
1.025563808333316
1.0283346896985504
1.0118351353529789
1.023425405295187
1.0174439457542332
1.0427829700280762
1.0287325276914545
0.9946216528707961
0.9959742318620597
0.9897970304055915
0.9931044229129614
1.0055850626326317
1.0131399572355417
1.0183825669881894
1.010809526749595
0.9973974981946091
0.9963673264877675
0.9989076233432992
0.9965951514283153
1.001022487190667
1.00119987298425
1.0004878916590798
1.000913776022393
0.9999344233042299
0.9998241299721679
0.999838977188708
0.9998688801959225
0.9989096402248192
0.9991747733194245
0.998772112359707
0.9994400406599472
1.0107146799171627
1.0050107629214489
1.0048469547469818
1.009547078652124
0.9968930464633534
0.9891450887958295
0.9887035611247583
0.9946185235924784
1.000909833825084
1.0009829271996324
1.001433164859675
1.0006653072822227
0.9992650917683089
0.9989728418534801
0.9995423931319475
0.9990290049137747
1.0049021093746464
1.0036500254068286
1.0053485779889797
1.007516290078084
0.9979658639710111
0.9986376515984152
0.9990215906481013
0.9980288819858748
1.0003176352615046
1.000402618093874
1.000486584060013
1.0004744115153874
1.0004132201839961
1.0006259253133944
1.0003236010294239
1.000398577994154
0.9951881254997832
0.9944694636681505
0.9903200116893074
0.9897099825393912
1.0594237460880098
1.0361390143953162
1.019656634322083
1.070806820382951
1.0142098107607314
1.0082275651943993
1.0094523300997673
1.024136238785192
0.9964308575278034
0.9953761827260463
0.9963662557065461
0.9925922687706824
1.001072943379986
1.001615667038294
1.0016674435883444
1.0024118935924118
0.9998191841394913
0.9995697540545327
0.9995957412470416
0.9995644168413492
0.9990273746590027
0.9994142588340524
0.9992961423821268
0.999596978709189
1.0053102493464803
1.0063574077069017
1.002999868444389
1.0044490387300842
0.9758275161093556
0.9696340607410504
0.9837276148972292
0.9672685563022063
1.003988355740128
1.0042885711792437
1.0022163794853083
1.0017532733054213
0.9822424611154242
0.9861511621457381
0.9873751477343228
0.9790261416639139
1.0206376116479996
1.0123600114307263
1.0238810218095764
1.0239684358047896
0.9975796521676359
0.9982876783273532
0.99713106237227
0.996005098500414
0.9887913487007438
0.9864487751590449
0.9827583528763616
0.9791820074170317
1.0141219378987707
1.0155089737848522
1.0055404284589324
1.0059815131501924
0.9968608629597275
0.9969927383401891
0.9982693803842679
0.9987478365476965
0.9987515685988866
0.9950344807652234
0.996924248998145
0.9984178132834857
1.0004476728055767
1.0005342110447728
1.000476545667032
1.0005215638431555
0.9998790269319707
0.9998880438630063
0.9999114723236336
0.9999241791836444
1.0004286073019835
1.0003077451526607
1.0002188323364234
1.0002444115267004
0.9982762510248061
0.9986355661637832
0.9969177617588266
0.998020686240254
1.0063122479675546
1.0257329782384035
1.0192512510842648
1.007437076833657
1.008885919656145
1.0070157471218533
1.0155624655196962
1.0119445689513056
0.9984877248165844
0.9993667170145614
0.9985616663485334
0.9978716623240034
0.9976668782831778
0.9972237418767449
0.9976444097640381
0.9974651929185523
0.9979462258380372
0.998258828650103
0.9975222542176584
0.9989072422302704
1.0268482313422527
1.0234267709606157
1.0098114938321907
1.0268788706748615
0.9889706971068863
0.9918736845809558
0.9881754435285679
0.9747055227402277
1.0059340885628816
1.0058062924720423
1.0023087561493123
1.005330701428266
0.9981677258411276
0.9986607497604446
0.9978333473672357
0.9989977692061183
1.0054791250150177
1.0037178842066552
1.0027162898017736
1.004950688384402
0.9577655469652795
0.9496817126309677
0.9373223500227638
0.9771612185840913
1.0059860575373718
1.0099086707116853
1.0044485943599644
1.011689135844555
0.9958072409785351
0.9934143950423616
0.991978328771947
0.9928510435848289
1.0150072775134404
1.0305589551232948
1.0147415717503137
1.0107796285210788
0.9443204192031925
0.9412557882449923
0.9415090779247847
0.9474824810889555
1.0147004646845577
1.0114462927695875
1.0126100584778808
1.0062309274380017
0.9955150112772688
0.9976374013314007
0.9963206395080088
0.9969311757240321
1.0010946117632507
1.0009505456344896
1.0010533974769622
1.0010979134578657
0.9985514033990073
0.9980293901801292
0.9979196577557239
0.9988608154065316
1.0101701360435487
1.0059622655773837
1.0083833338081203
1.0099331193935024
1.0051138268428577
1.0060747239791799
1.004765210037131
1.0034295771910997
0.9580864899221667
0.9671808177500263
0.9514242334430256
0.9587876696636954
1.0100710604877674
1.0505389426654035
1.0303367843874711
1.0386234641728453
1.0102665608741026
1.0036355852837693
1.0034282205675673
1.0135689302451456
0.9818215061655157
0.9737963257427305
0.986741040378665
0.9765473950131558
1.0167591887770877
1.0094158480805207
1.0080219210700674
1.0150116303507994
0.985890127475208
0.9860627112098848
0.9680402164364126
0.9848232948847507
1.1084748937078932
1.07155624755196
1.150054842446566
1.1452042826073887
1.0017339725723329
1.0044734598868732
1.014521607436519
1.0255222864471922
0.9984728331236072
0.998433290540265
0.9961822143540076
0.9952531777240926
1.0019445216969505
1.0005090389954912
1.0011891100198855
1.0014837697576306
0.9996024268047683
0.9996455945619221
0.9992260555857174
0.9994008811258535
1.0004967126807474
1.0007412575670018
1.000623972499063
1.0007811826494608
0.9956553655966163
0.9920318326511091
0.9926911952297204
0.9942680266578768
1.023593133943197
1.0182443103147032
1.0228635780053517
1.0028784062910683
0.9982219519551117
0.9994980701258533
0.9990698269219838
0.9992636993369957
0.9997515585835034
0.9998665780165295
0.9997769481817812
0.9998214157494213
1.005150602728128
1.005116212279468
1.0032483372527952
1.0073363019375723
0.9982926426165601
0.9988150750371695
0.9986987766587619
0.9986558127382684
0.999368561745822
0.9987587804193477
0.9987656401306249
0.9986933090082711
1.006322514459411
1.0077757530559648
1.0113935888431893
1.0078062003417778
1.0019191571151496
1.0030138739887697
1.0019467810270475
1.0029146258430128
0.9866192429670255
0.9873085924021612
0.9946305636372936
0.988039777038391
1.0153582615052894
1.0144759754488875
1.010955605108261
1.00977887204546
0.9638642306119363
0.9480460169593752
0.9665925706474814
0.9406156440708793
1.0725611889457864
1.025235554034663
1.030954881248419
1.0555354294237569
0.9776957564243782
0.9831362480939226
0.9847392781066987
0.9894541378463648
1.04269012291112
1.0616178010154036
1.0416836882336393
1.0113215628367267
0.7534373079043988
0.7879963975426045
0.736598754301816
0.8762142149311956
1.0541351427231702
1.0227742161351505
1.0303113017334464
1.0432549061849006
0.9850313435793393
0.9859778455598327
0.990890170521361
0.9865700583385982
1.0022290184015328
1.0024709658395317
1.0019471551085593
1.0016738599286898
1.0094567996131598
1.0052739628082683
1.008338332228751
1.0087026273054136
0.9971969717996073
0.9971853628532803
0.9967743991584332
0.9977544173533036
1.0070005548716883
1.0063410048705095
1.004868789809212
1.0052914597813984
0.9713537593289133
0.9677328830509372
0.9806123666534893
0.9813404762384863
1.0053097965555635
1.00614834264204
1.0074758741302763
1.0037651618903065
0.9982328494789047
0.9970987993936824
0.9988232949164484
0.9973779710928125
1.0101066976416935
1.0072062882152835
1.00866436805382
1.0085148885270863
0.9831486445070484
0.9932117404435185
0.9910923318910456
0.9929839964447819
1.0020260065399575
1.0010124911263996
1.0015225409861332
1.0014549666592827
1.0037659942420112
1.0023828144657447
1.002436738643257
1.0044834400049938
0.995688370548012
0.9950701888898249
0.9940079992654598
0.9962258206984698
1.0366948445377338
1.01012595015795
1.0159289690742244
1.0181940998365733
0.9959393352327879
0.9917174902239555
0.9923139411268024
0.9936945221451474
0.9975499265370329
0.9956592507814545
0.9963112769893725
0.9972727995417975
1.0101990811161774
1.024910305993868
1.018137881985136
1.0319865332677398
0.9931928921058076
0.9956706673288654
0.9980740888526323
0.989882268825199
0.9947249773308026
0.9962181820067748
0.9962512807571317
0.9964830436964267
1.0581289264180607
1.0405972228368998
1.0793670350026805
1.0726395015695187
0.9821931195134593
0.9678798356726014
0.9770615373441677
0.9830169738414434
1.0283784050922558
1.0379899712143636
1.0407767973567938
1.0155278594741604
0.9929174246167182
0.9969218958531911
0.9969518181002681
0.9965957063483495
1.0008237986371247
1.0016447094304548
1.0015241978094316
1.0009434770376597
0.9979055968176668
0.9977830313822206
0.9979542532871626
0.9969180255476633
1.01287261188433
1.0059363715269478
1.0158338464550065
1.0072317814500966
1.0123883705001655
1.0078405657740725
1.0057187143164041
1.0138390276982414
0.9955088889756453
0.9950540951496036
0.9956856575692916
0.9836683771805259
0.9928346046044448
0.9961084697349611
0.9944831793485891
0.988670149310323
1.0009835405735996
1.0007577777838323
1.0004101062124275
1.00064340958483
1.0022439189658976
1.0033059296934328
1.003548154887081
1.0024082220167205
0.9862116002398873
0.9719428242741289
0.9939079880079333
0.9807786203772668
1.0225699151331635
1.018786432155384
1.0276275028862456
1.011217783878699
0.9976201607149363
0.9952922170523671
0.9982543842381753
0.998196989340751
1.0010872190767437
1.0004972934300018
1.0009079580040294
1.000645975245248
0.9990113872693773
0.9987073519856755
0.99893305052563
0.9988873143862927
1.0068881467135251
1.004698030073367
1.0056462892180744
1.0051414190814405
0.96536544438805
0.9777873173517362
0.9602440574306744
0.9713160191863158
1.002942086069745
1.0028227741644609
1.0031294810929448
1.0019588103629615
0.9998118909329413
1.0000460788116237
0.9999960107231256
1.0000375715030874
0.9955044760146662
0.9941369646281659
0.9922071951424963
0.9933820812197564
1.0183805086287894
1.0327988772541532
1.0319613332817712
1.0464798430800075
0.9875254382041452
0.9814799244640666
0.9830050240485886
0.9804940896847081
1.0253330067466113
1.0383860444650117
1.007408828347665
1.0284305101971634
0.9487683326982489
0.952754056430032
0.9521643442508223
0.9694184433375412
1.0120661615414057
1.013448831245705
1.0083111727931948
1.0113942937210707
0.9575948635368451
0.954624427398284
0.9654668126467124
0.947232990925805
1.0021315655541967
1.0047064697931674
1.0041863998174927
1.0047776384382225
1.0535426308137437
1.0470357769671836
1.028854895920061
1.0259609411144286
0.9685682069812118
0.9717606553541375
0.9548745960225409
0.9395311777231155
1.0721119406655037
1.0824605370990048
1.0461559513549987
1.0895143219368202
0.9689831091429827
0.9817896751778881
0.9742614412175199
0.9777469803189419
1.00718333684349
1.0072465572728757
1.009793708243826
1.0081976291364534
0.9905960758536272
0.9947411821115817
0.9816044897989736
0.9921996697947317
1.0119174631003789
1.0084963685136712
1.0092385194423612
1.0058271033978523
0.9582347478302194
0.9672580324856009
0.9120018852712487
0.9069529601854073
0.9981734548684875
1.000439801638011
0.9906024656890983
0.9938198103435234
1.0016605327888777
1.0012695951595323
1.0011655968681048
1.000810109058192
1.0020835775773131
1.0013429184846978
1.002025089694176
1.001723807882998
1.0006243901952407
1.000460965416788
1.0006522352834448
1.000463748643697
0.996199387239188
0.9941921826190318
0.9948791653839986
0.9976692324387665
1.026647028899469
1.0101495082471321
1.0389046432009916
1.0116924426473368
0.9886450816417071
0.9766800910636334
0.9764148184370511
0.9922694559625201
0.9924030125349306
0.9890833801917621
0.9925433765378745
0.9882464909139028
1.0422771192403548
1.0221593320492675
1.0910670386556887
1.081694632239488
0.9869097724713897
0.988781663511035
0.9877602252760551
0.9882823536867786
1.000176479070793
1.0001748955570986
1.0011647101216743
1.0008723905236818
0.9952865755535296
0.9904571334148219
0.9918315895688466
0.986012336773259
1.0475122285586915
1.040376064828541
1.029662472848477
1.0469613420845838
1.0069823644219507
1.0322358849771762
1.0596487619487707
1.0649817761858853
0.9806544377038289
0.9918841726392473
0.9967147479239622
0.9895520614908561
1.0028886639902213
1.0030117787817612
1.00301577618155
1.0024994451147182
0.9995129511722844
0.9996234419818898
0.9996376097551954
0.9995236468889187
0.9980070979289679
0.9984147926370639
0.9986889523172807
0.9994977194611774
1.0002621057144807
1.0000350830855806
1.0001622360145015
1.000364838936985
1.0011569253848724
1.0033689163395745
1.0011418113240458
1.0007035921008294
0.9978897320448551
0.9988214613475462
0.9987606505522147
0.999076091760651
1.0109836661482658
1.004883784752203
1.010757956995521
1.0116213338946227
1.013992061491391
1.0082225328597132
1.0087328529941684
1.0050764558437744
0.9309951298045573
0.9196887329898672
0.9149741898306915
0.9747902135320617
1.0331231411014732
1.021674549233388
1.0497821004516719
1.0248394103895748
0.9915190367569743
0.9936444191366854
0.9950560560866587
0.9969793878445316
1.0469295624802484
1.025517478738569
1.0527987220982742
1.0564691976580856
0.9871115529236547
0.9890312320595578
0.990055973709948
0.9888017897020632
1.0039422829278029
1.0034281873029953
1.0036971841721134
1.0042612661012789
0.971806361563127
0.9874315326084996
0.987340388626416
0.992601879268335
1.0034021032618532
1.0018780447089017
1.0028371033838932
1.0025750158341615
1.0028615475031601
1.0010245695066817
1.0080644072264757
1.0051640199449996
0.9993683657504311
0.9989787518963986
0.9987325040941435
0.9986337642169998
1.0007071449685117
1.0007843689157137
1.0012220512095815
1.0008636714824874
0.9970809293300172
0.995523883705508
0.9928642813142918
0.9934141892933852
1.0195945697171316
1.0695781975318173
1.038431251343539
1.0402649739148897
1.003836231028284
1.0011100189770097
1.0007058849344594
1.0074982613625043
1.0086079542300617
1.0082609461489
1.016996362231156
1.007386672777419
0.9979593368591801
0.9969054235833712
0.9960289299615365
0.9956163881920835
1.0011153048707866
1.000706617411341
1.0009881070653404
1.000631069039176
0.9998079757581112
0.9997319274427758
0.9999158260204504
0.999872135392166
1.000026257744784
1.0000167617235045
1.0000144333576562
1.000012423489046
1.0000511865904258
1.0000458614082803
1.0001141849762942
1.0000700424890694
0.9995189926256576
0.999425996978791
0.999722974057004
0.9994909583082118
1.0088080754860405
1.0052585906454734
1.005101494321314
0.9991756169816756
1.0133882002967918
1.010134940440622
1.0135472790941824
1.0066071933349012
0.9968313214280968
0.9991196338868537
0.999649104050918
0.9983431412733091
1.0004839261080605
1.0001210849917468
1.0002679074780827
1.0001560438219552
0.9999376928949302
0.999965455581572
0.9999260490027027
0.9999196558528776
0.9999693585598851
0.9999858135356722
0.999982728107116
0.9999836029864938
1.0004031951572756
1.0006109750607795
1.0005982829485522
1.0002686022370306
0.9983207651218027
0.995944026645097
0.9983066552208987
0.9959974914435235
1.0074861002807833
1.012258447784607
1.0073761652404771
1.0092033727032774
0.9803447658733233
0.9790742858659173
0.9830283115391111
0.9574947503260574
1.0134608396178526
1.0096976369554824
1.011971668643273
1.0062577590432202
0.9984178988923161
0.9960335812216607
0.9977776253337688
0.9971111996900074
1.0011085546427683
1.000666276330951
1.0007747846643806
1.0010415921552627
0.9987156201940354
0.9977816367944966
0.9982746857564441
0.9984125996809905
1.0103812002721289
1.0036033627854857
1.0125847944873763
1.0107947878226229
1.0002386724982184
1.0003248993135108
1.000136552448365
1.0000578683735004
0.9790837451099536
0.9864237319124638
0.994099224694924
0.9807453433449274
1.0028777428680002
1.0103102287313641
1.0051103338391982
1.0073245453574966
1.0051532050611216
0.9996703042179491
1.0079848343872506
1.0013333676335239
1.0173503109334243
1.0064847704964164
1.0195885593570806
1.0190262781337052
0.9965262436825363
0.9922982647405039
0.9958162824778074
0.9954331627398264
1.0000090627369447
1.0001856350757063
0.999860754992637
0.9997796567491434
1.0078997118726014
1.0074345940130052
1.0046587551408315
1.0074886082002195
0.9737769063189032
0.9129036137179117
0.9363719330598061
0.924986012163636
1.0393082622000276
1.097647441490491
1.0923972553264438
1.0628688615809752
0.9868434878266162
0.9892378959485121
0.9889062572022186
0.9776106944236406
1.0056714639334599
1.0059843187171225
1.0023723623111302
1.0025178940774775
0.9997575932147178
0.9997387120688196
0.9998536573376611
0.9999764211512265
0.9988694458530464
0.9981602387488404
0.9982265142532954
0.9976390653121706
1.0115892986020496
1.0200378072380898
1.0112585004231693
1.0162256206091569
0.9969807461771725
0.9946658045062041
0.9936996918031897
0.9921293613323154
1.0035747991773118
1.0042086112451698
1.002188058625194
1.0027619020973524
0.984624918789115
0.9945067775261077
0.9899470038688003
0.9867787613919979
0.9988280169786009
0.9989372704653787
0.9987637725328264
0.9973170707193373
1.0114588510095444
1.011798816694134
1.0122258155135067
1.0169930338576416
0.9964045221480305
0.9973549293893079
0.9980687946410829
0.9983911307563053
1.0040393766199827
1.004597376215498
1.001327899468101
1.0023181286071692
0.9503344688657077
0.9455224400462682
0.967751477731702
0.9539431807571032
0.9953370656731388
0.9996475443194025
0.9985814702595122
0.9957987143437036
1.0008359421828423
1.001085903814821
1.0006842890804963
1.000674138587746
0.9995039179878702
0.9997495240532471
0.9997159422960052
0.9995765759806785
1.0015109227721748
1.0012995632322303
1.0013358075271996
1.0008371761052897
0.9950391676659105
0.9909550528996369
0.9868193732578863
0.9861433439705793
1.0517649716562105
1.0798850807729408
1.0516968281097852
1.044617087500261
0.9792047360708845
0.9896583949760825
0.98927035181877
0.9784521801657483
1.0196863690277325
1.024072652761965
1.0148040281701087
1.00959194099987
0.917236855495859
0.9321310489844293
0.9434167157751244
0.9115666219442764
1.0147457214553899
1.032157558292201
1.0148393708564074
1.0198068702965226
0.9983353374027951
1.0061117851249473
1.0082750973932775
1.000839565173727
1.009359922675704
1.006334411757368
1.0088730697458128
1.0089912987381155
1.0034199896822293
1.002111705235118
1.0016340923610847
1.002480237561804
0.9790871727547353
0.9740693756697373
0.980965766764451
0.9803826822534711
1.003157191398145
1.0077285976101524
1.0096486869615109
1.0030008970192938
0.9986047133989662
0.9923537572189155
0.9953716228866063
0.9962418448431368
1.046814604404822
1.0013405933310753
1.0439549007301645
1.0198248626220343
0.9940385188943981
0.993430594157499
0.9959562319304442
0.9951366728911686
1.0107236434812292
1.011108401403507
1.0149409163539367
1.0090471639898184
0.9952034541941558
0.9959291357050558
0.9958377357454399
0.997119277002466
1.0165114871665422
1.0135518911752222
1.005834638648772
1.0091602273553142
0.9971374869674299
0.9954761505730981
0.9970127790294846
0.9964058122026774
1.0186077716025383
1.0123747588262915
1.0226857460095875
1.0205832748235268
1.0012303281842587
0.9996445774731397
0.9996843495610525
1.0006995453248522
0.9954712091566564
0.9917095073830617
0.9919274692761573
0.9933552447100927
1.0067420369404023
1.0073352467786647
1.0066758936904348
1.0028035288609878
0.970747813590257
0.9693428938750969
0.9725486681881967
0.9855982210398416
1.0045070477794402
1.00373078437737
1.0047080249193143
1.0049012093411258
0.9983477749746668
0.9978302915091724
0.9969603184505066
0.9972015457359686
1.0032468947882323
1.0074500536482909
1.0052365891166235
1.005894714236067
0.9944074032216933
0.9941217375920767
0.9961239024951176
0.99441705311765
1.0151265457595207
1.0250717677710504
1.0123348332903588
1.0173563469177584
0.9039669287042833
0.9458192236737046
0.8837374182817405
0.8674662539711051
1.04303992654332
1.0288875698672506
1.0333218942563975
1.060039632867873
0.9908969832576253
0.9816774236372608
0.9933934316978704
0.986752646974928
0.999547660057259
1.000102979764896
0.9988049184972736
0.998628588611229
1.0073625487829974
1.0261605813628256
1.042633198279235
1.0231160450516512
0.996661763940982
0.9950143850421368
0.9966830010642784
0.9959813646511705
1.0105694401443426
1.0094108682629532
1.005844414647354
1.0055662849356515
0.9463055046017353
0.9539100942933624
0.944287182981987
0.9436146186434333
1.0423217787898102
1.0408834526928004
1.0336927269178138
1.0220323904415307
0.9972505097878015
0.9947167319218402
0.9938695897876219
0.9914933220112859
1.0164312948062681
1.0049864243619238
1.0158521601463197
1.0126145525183787
0.993188132118251
0.9891916379313743
0.9918622502687365
0.9984609696363398
0.9882263730302543
0.9949538658104492
0.9880182618050909
0.987469334526087
1.0282884261770455
1.0914714650398443
1.0197363455965833
1.1104716404216464
0.9865117259743242
0.9880517236233873
0.9811856876539287
0.9835265695712193
1.0038184295808545
1.0033606979918854
1.0029398711664232
1.0023342969108953
1.0010703077513914
1.0003105743678802
1.00094595836121
1.0019500118231421
0.9997524129872557
0.9998180823836526
0.9996869755313417
0.9997762851026076
0.9975920336115208
0.9982956277194934
1.0013406808765535
0.998517722902561
1.0247490676684416
1.054934646941827
1.0533107801911086
1.0354105733567711
0.9888352591906341
0.9902685119467656
0.9946560661510238
0.9927255589382654
1.0036514475381875
1.0010822995901858
1.0022596485433757
1.0024816650376915
0.9996676318595339
0.9994582451719713
0.9994190816267502
0.9997013960391654
1.0000169733694415
0.9999725317349915
1.0000066171146116
0.9999693074636524
1.0003010142597157
1.0010543362342186
1.0012980671667266
1.000804810518913
0.9976286769383057
0.9949061149618648
0.9935632073779483
0.9921745399250067
1.0519402580524815
1.0257911726415456
1.0622406876873058
1.0193984739523274
0.9974978442688541
0.9906187484044972
0.9928597443044395
0.9951538781707431
1.0002975970501484
1.0011228297128156
1.0019456565359917
1.0014667685592664
1.0078585844403531
1.005814407272872
1.0056953650687492
1.0046877039663649
0.9758404687529783
0.9755641474248629
0.9508203216021319
0.9894744598266425
1.0020194955806885
1.00329722383267
1.0046747911528544
1.0026598198478807
0.9947510287594582
0.9911777312488228
0.9938965286541483
0.9910891222818269
1.0131763505579967
1.0061806511256464
1.0166046041390684
1.008734222722145
1.0158369186558198
1.0274620640439636
1.0024803164415934
1.0239146169705353
0.9905450864760635
0.9766100579792596
0.9922351968341229
0.9854003182550131
0.977869899903823
0.995141051208148
0.9789262169528891
0.9701545209097621
0.945755781976945
0.9740967373763765
0.931233522901992
0.9317264699597587
1.0255184348204593
1.029382409071537
1.0148001877059087
1.0152896260066386
0.9893251276582153
0.9632418739780909
0.984390636336624
0.9628059104632656
1.0066506571831642
1.0047621559659103
1.0081815177477154
1.0071255003096624
0.9987758675420173
0.9989284298755747
0.9988020423356901
0.9982459102574656
1.0001145180850943
1.0001025324492685
1.0001122891499035
1.0000020779557721
1.0014955700378168
1.0009098022229062
1.0011437094227067
1.0010364544741137
0.9980586294123109
0.9922687115736377
0.9963765872288772
0.9922006427279821
1.0006655049780508
1.0004071553820437
1.0002730872089813
1.000392708036897
1.0158278699469399
1.0072754055046278
1.0182134298958605
1.0079217276093606
0.8803385706313037
0.932067050796282
0.9405643948184894
0.9505620803243767
0.9965782433970731
0.9917298963568133
0.9973817998526642
0.9808042557561982
1.012772087512686
1.0091722305174486
1.0134592450049968
1.0121802642873716
0.9311720943741234
0.9619336377606768
0.9419079100188372
0.971494486151048
1.0104329555255527
1.0110323122899834
1.0103203744244738
1.009456239649525
0.9968055672150593
0.9972086636790473
0.9977597936276382
0.998573765311421
1.0005852170988312
1.0003540701958162
1.000355710584347
1.0003422828526818
0.9997461107101769
1.0005215317440366
1.0002502478430118
1.0008241604643995
0.9878508352178839
0.9877493183953834
0.9781999409104528
0.9729690582030884
1.0053706438540748
1.0046135505304514
1.00161461037405
1.0029485900530408
1.0140856501804103
1.009339570640969
1.0219287584829553
1.0082432072189302
1.0034407630730895
1.0044618491792916
1.004065897718574
1.0022247137786218
0.9961247824511952
0.99818061360404
0.9962140643286681
0.9960322946320758
1.0187066091688204
1.0205850719019367
1.0376759513930411
1.034774798153196
0.9994235624142903
1.010004790907901
1.018032475765223
1.005713750385713
0.9989710679149788
0.9975258263754991
0.9983110885944148
0.999019828248663
1.000630240536052
1.0001421112987987
1.0004184540965015
1.000241277916072
0.9999360640859968
0.9998924372212142
0.999917864116769
0.9999383737673688
0.9998187696988357
0.999893080393346
0.9998825501499714
0.999867898818391
1.0024969363325262
1.0024779201326948
1.0005639282770218
1.0015365226236477
0.9882742783394128
0.9837528435142596
0.9838079340222123
0.9858599633884781
1.0163402888571331
1.0125247656712462
1.0133580416686556
1.0363107331354533
0.9898300072711261
0.9796981071486283
0.98380968350664
0.9951480977763857
1.0738732011272174
1.059235843596102
1.0568685081438662
1.0491422533524237
0.9685022374185187
0.9784215915409201
0.9828972812793959
0.9605472634850515
1.0734869112738543
1.0895519168795371
1.2320070908318435
1.159963483870892
0.97107466406234
0.9496045834970179
0.9742647964791972
0.9829494671832144
1.0012722896547235
1.0022176873507154
1.000658651722004
1.001409787774629
0.9984312932764302
0.9979512546895731
0.9982359692251181
0.9967562207509182
1.018164004367078
1.0070227584516744
1.0172897351882277
1.0122985818806893
0.9964544812104141
0.9967953636144852
0.997756511522476
0.9979815440848605
1.047312015647029
1.0115547203091242
1.0431061242116964
1.052435797021602
0.9887573021373639
0.9911361265476698
0.9952621822334285
0.9887957847258204
1.0022908661266745
1.0023967462049104
1.0037625965227408
1.0028057803910702
0.9962544838836815
0.9951705447671843
0.9926394827779585
0.9954056383401336
1.0445671363143991
1.014334273559999
1.027243826551281
1.0494564922041356
0.9966089362338336
0.9898779241805079
0.9919563602462294
0.9938194225814271
1.0016230705530815
1.0017054961017562
1.0017662366342215
1.0015134977320976
0.997938733790159
0.9970727473887254
0.9981368691400475
0.9965912670130882
1.0185013275535342
1.0059062883872787
1.0269008444294798
1.015445954813473
0.9916429511461697
0.9953015876184321
0.9950299472540672
0.9915678174841654
1.0017238386702771
1.0009317370668036
1.001431422895685
1.0015618184538033
1.0109859604133171
1.0091497068063564
1.0257774102813597
1.006636465315823
1.007908028885229
1.0318163469334565
1.0260021721689139
1.0252469569755607
0.9948614614731776
0.9965308563732026
0.9946271038206114
0.9975227754645993
0.9922581668058138
0.9937877281545067
0.9965181608608635
0.9903000144868208
1.0036572497147598
1.0035638026883411
1.0091922543051774
1.009514789562917
0.997866066417939
0.9989513375341476
0.9982336830264579
0.9988798362214824
0.9976283567744796
0.9981058232069654
0.9964007118639584
0.996181466112893
1.0011659383406597
1.0022860908999816
1.0018251472857405
1.0007836141082547
0.9917548987757452
0.9957118108913121
0.9945255182613066
0.9940287978563684
1.0390144530515164
1.0100017278906566
1.023570351195902
1.0303925264851228
0.9897663382356306
0.990722059469886
0.9921241051025477
0.9955052086380536
1.0122039342570797
1.026413361302028
1.0167724356748755
1.037529343748954
0.997432690599012
0.9982709340961288
0.9978890772599069
0.9977981969880165
0.939379255535717
0.9411404959722203
0.9524484387149694
0.9779947524765622
0.9844433726816592
0.9536155962093104
0.9643233112165043
0.9533206860728398
1.0105947107668178
1.008934017981193
1.00823606830986
1.0039048747794777
1.0322920317501496
1.0139041024177935
1.0056047634400707
1.022582628600191
1.01353195922463
1.0085459231424372
1.01052089528101
1.0201247962281041
1.016734878813415
1.0024368486568207
1.0342082623974589
1.0202052116415357
1.0019950372054924
1.0077531572038905
1.0051193662098026
0.9992560711887517
0.9996775300203999
0.9989597904015046
1.000459353776576
0.9995388828362562
1.036205609626824
1.0213386602016283
1.057346581200123
1.0422638627569762
0.9830140263849283
0.9856347593944995
0.9930086120356867
0.9909281758160742
1.0042167309426975
1.0024226032179044
1.0024290975287442
1.0029327586065493
1.0007061568026039
1.0005550223431707
1.000333196493616
1.0006418499990846
0.9931494852230296
0.9958748267101282
0.9924789039572801
0.9807155868895515
1.0110161061640277
1.0101646802382367
1.0118663193390685
1.005795271538973
0.9994588290305136
0.9987334302673431
0.9991242673524625
0.9982220444607746
0.9972550818887214
0.9955198634654977
0.9934162770813068
0.9907489599982696
1.0385686295725145
1.0459778238422475
1.0452543471392397
1.0239700667935114
0.9989359077870434
0.9974099492345575
0.9975333212650781
0.9955809821800706
0.9950961162971537
0.9813189154298227
0.9809895668471718
0.9936511796522624
0.9890959722971208
0.9958540931946791
0.9948227061870131
0.9784161390646281
1.0893473994080032
1.093439118388729
1.0871993967560838
1.1255054401086118
0.9818462116993307
0.9743653491881865
0.9631594855330812
0.9709503114481325
1.0396524137479695
1.032651754051939
1.0258475430656107
1.0279005440753857
0.9901359824659794
0.9901740672390401
0.9935007180563774
0.9939536912582151
1.0013876008770313
1.0016316741105487
1.001310748700643
1.0010656731879741
0.9984402346557149
0.9986316376322982
0.9984646516568837
0.9986818024144626
1.013346619857765
1.009910332277736
1.0073010341305266
1.0116677076386829
0.9719224689358005
0.9351255797128902
0.9367443217258147
0.9402535953178197
1.0209868223053884
1.0125388021195731
1.0166232290751398
1.0096419182150531
0.9968083542717743
0.9968297795165182
0.9948700681572025
0.996993205679238
1.0229126717714045
1.0154158302353518
1.0285058189367917
1.0225546145852005
0.9932350663693155
0.9925806058324416
0.9932888240691302
0.9929673088717563
1.009808293819331
1.0076808511486113
1.0067589135782256
1.0079265510229238
0.9628440471960341
0.9548063188977266
0.9572386271914134
0.9723395884021913
1.010567470713153
1.0641298657550688
1.0574105422570192
1.0590044188393377
0.9776658400309968
0.9807241570413527
0.9865712053007741
0.9870871374104431
1.0593605478868846
1.0292779671336225
1.025963680555017
1.0680453606173232
0.9876231692219555
0.9887944650883481
0.9948236514848656
0.9852626518215418
1.0036759207234782
1.002206540660963
1.00350014252095
1.0018958021848143
1.0000086865763953
1.00004859510047
1.0000303841565024
0.9996381417564928
0.9937676650403446
0.9924960569219251
0.993055083298839
0.9987452303024587
1.0050972753352156
1.0110632156811912
1.023047820483542
1.0127751531034686
1.0117830077271974
1.028279747374114
1.0219067753795694
1.0304890063527514
0.99659607371889
0.9965654765278174
0.9971078471261274
0.9975971857743806
0.9999475641837642
0.999974363381476
0.9999781046322836
0.999891800484504
1.011439300945156
1.0097062103889838
1.0009673276738784
1.003581355415643
0.9974653557261134
0.9977082811924257
0.9979115464686469
0.9978851460295539
1.0122011998311018
1.0046991507236331
1.0127163232976961
1.0078865517330111
0.9987432436160509
0.9984359067673635
0.9983329634187887
0.9995024900538331
0.9991992425181367
0.998775057268931
0.9983926597026979
0.9991308436260979
1.0385966896172327
1.0197534421152727
1.017302767482668
1.0248676368469873
0.9598577072367386
0.9112334872586999
0.9284753731867591
0.909982570807746
1.0249766183422906
1.0328473956740774
1.0146055254517818
1.0367203712843547
0.9942442672197345
0.992271693016886
0.9923811048303904
0.993519581031158
1.0004704201403702
1.0004733937955406
1.0007519620816758
1.0006334183109753
0.999442903578691
0.9995881799182025
0.9993950831794827
0.9995467120764306
1.0028682348783042
1.0037351153022942
1.0051948139241493
1.0013673478202925
0.9986951748554745
0.9958479024731948
0.9967772095543104
0.9962484426234292
1.0278564928090799
1.018222290762292
1.0230911440432573
1.0201663818210978
0.9942680265775289
0.9958103032867384
0.9917799082397899
0.9960765308565541
0.9962671650494516
0.9942809082018743
0.9970727044504926
0.994748782502577
1.0173403194981585
1.0307586368036503
1.0395293874341023
1.0234688944260744
0.9652186270563055
0.9611266730926935
0.9808778675189007
0.9735656438992306
1.018933250365471
1.0115108676758442
1.0077251335439747
1.0098042893494097
0.9748925215772762
0.9761521090028171
0.9741809797352595
0.9842404399883093
0.9989604286942118
0.9991722707928203
1.000560805654228
0.9947311483833426
1.0006812936320213
1.0004335600071927
1.0004350711317342
1.0002720191698837
1.0014743380548705
1.001574207911397
1.0018536779304879
1.0015266964943663
0.9945728291634013
0.9924888834485721
0.9878515208588116
0.9898464786047328
1.0308883222847027
1.0442453629260144
1.022895491301074
1.0567404094626374
0.9797404907995941
0.9896105717743622
0.9889446474399001
0.9795296389813747
1.037186757828578
1.058794508939828
1.0594914965110298
1.0339002307245642
0.9961242780253202
0.995129233043411
0.9961644879858274
0.9989006173891047
1.0005330261649512
1.0005145135736828
1.000411484662115
1.0003678455078673
0.9999618803760524
0.9999613404911962
0.9999708384715953
0.9999832319790819
1.0000043199992712
1.0000054809300924
1.0000098232851227
1.0000041705886087
1.0000068352499873
1.000008873846968
1.0000055212480619
1.0000062961883576
0.9999170396078682
0.9999089987070586
0.999903964189043
0.9998444838110676
1.0001805129531836
1.0006059666102887
1.000743797065381
1.0004690642023033
0.9980661751986426
0.9965355203662078
0.99807982550106
0.9972084115086252
1.0078743388075866
1.0308622204162026
1.033204035576722
1.0176079124785744
0.9930025102509372
0.9889488138279806
0.9970123573097814
0.9883436888703689
1.0326428179061973
1.0334011901064577
1.0421900505092923
1.021709157329259
0.9873402986950004
0.9888937115199068
0.9958419165363637
0.9909606235493305
1.0041107074552842
1.0029919823732452
1.00503165690645
1.005327368779757
0.9975302720173901
0.9988209529039983
0.9972818373010565
0.9981244795469996
1.0023824087197846
1.0049729061711357
1.0032665307534996
1.0045991677369273
0.9802775919024689
0.9844017488478483
0.9871163363584334
0.9754254374788656
1.0625876783696322
1.0755040438701926
1.020755137741467
1.037864910228704
0.8766099929327172
0.5448416885702758
0.7943576532072513
0.4677853577762226
1.1551134618767986
1.1785838092898395
1.1857266332635317
1.1301715199429323
0.9791713202677356
0.9842113145400204
0.9867090014451284
0.9833301249209472
0.9802288275343776
0.9730528626025647
0.9850893120254356
0.9735378578800042
1.0253458885599358
1.0300651743086935
1.0132865571180751
1.020703183302517
0.9552032658595409
0.964998465541914
0.97093645539177
0.9855394711299015
1.0102049854642172
1.0109965547745428
1.0113056050612268
1.0056190606489708
0.928407872585891
0.963639506383217
0.9498016229102897
0.9403516741741857
1.0143758156169729
1.0183043116871087
1.0156707764087052
1.023315811112466
0.9945189178009963
0.9915044437450141
0.9906151944626326
0.9948309200909694
1.0024163744570405
1.0005196060762938
1.0019080730724723
1.0026280913716783
0.9996913629795638
0.9992837998140142
0.999226443590816
0.999246061891089
1.0023513895824028
1.0015025668261375
1.0025105515640267
1.0008380860439794
0.989205523679922
0.9969177449780944
0.9858843576072094
0.9883595493547598
1.018613940513383
1.0158933973622435
1.0104047232050053
1.0165635707226737
1.0020414809162514
1.0024189571177122
1.0018012773122194
1.0024543798673966
0.8958702352089757
0.9696129270124774
0.8750129176148076
0.9141296332497317
1.1042104116520377
1.1367551291972124
1.0714879240108102
1.0678206889957662
0.9712370912156867
0.9843746474608783
0.9900128485139584
0.9775446245182321
1.0058483011297787
1.0071743480040698
1.0084815788112431
1.0048448444543396
1.0016509548066683
1.0045295089705935
1.0030314109393652
1.001842145141965
0.9996941132174981
0.9991193248220229
0.9990712196522468
0.998924127574935
1.0002871001160072
1.0003964288935414
1.0003096101081406
1.0002668302695055
1.0000012984369402
1.0000448040541499
1.0000793848134826
1.0003910520505725
0.9934089939433474
0.9929628272296329
1.0013162464773366
0.9979517040032682
1.0524882706932157
1.0430098246297501
1.0650874469920655
1.0691741681784332
0.990848202455597
0.9878704390223108
0.9867962013155054
0.989551604181736
0.9996182718372139
0.9990193455231626
1.0006004257320418
0.9999356468309678
1.0618794435585361
1.042882734342192
1.0410291220273022
1.057121088774846
0.9865780329753298
0.9904881200487284
0.9774273059140864
0.986963388654047
0.9955551746051544
0.9959156991709025
0.994848499639381
0.9951971555227062
1.03197115133755
1.0301585442504775
1.0979923451022118
1.0369225682462198
0.994937325712011
0.9910715884856113
0.9947894836389545
0.989562844363531
1.0217680454593636
1.022651618674219
1.0136119767357676
1.0225797401540382
0.9962404152550323
0.9958650487115335
0.99793569114688
0.997772946582223
0.987709545075032
0.9804847517481928
0.9961606814027818
0.9868739041182046
0.9845166616837256
0.9810745568372186
0.9931662534013637
0.9841656059537427
0.9955000016467198
0.991409585431065
0.9869654422280557
0.9858583858795807
1.0040819671689787
1.0027240665057267
1.0027600579635416
1.0031035988681674
0.9970085647567734
0.9949054225052818
0.9962725824157799
0.9972671380903579
1.0091729514868633
1.0174928528448786
1.0007340917574243
1.0272036503120663
0.9882071019380517
0.9901801016442046
0.9806886464323105
0.9853168878949495
1.0072156503960616
1.0424841624339642
1.0556558075935571
1.0715999947134254
0.9843320686111139
0.9884358530275448
0.9917216546273578
0.9924785572300184
0.9952501820035158
0.9954964739119307
0.997438532361203
0.9908076430383821
1.0004978514111633
1.000202411385207
1.0000176648817725
1.0003144088752551
0.9997326251032874
0.9998394803172379
0.9998371875791731
0.9998669084251278
1.0016373036980202
1.0014243583310347
1.0017170239772735
1.00182947325091
0.9864902521963507
0.9931948610233164
0.9903538825750196
0.9888768424677591
1.0258156646884022
1.0649196891992796
1.060127949989505
1.0866770033440805
0.9655346230146256
0.9738666712281605
0.9663626812821525
0.9879084236910743
1.0386552742191852
1.017961035594585
1.0392118505735843
1.0426114743289128
0.986663778265487
0.9910232194672345
0.9904976704393004
0.9902719152389687
1.002687956465492
1.0014545192522086
1.0024872954949768
1.0017883187633487
0.9997344471144093
0.9995953915581592
0.9996098958478862
0.9995076044629485
1.000049669942588
1.0000548161103782
1.000080206672674
1.0000489035139937
0.9999864001628561
0.9999828484286472
0.9999914579773693
0.9999904839603205
1.000006846194229
1.0000092646961325
1.0000035029907433
1.0000118874684594
0.9999569593452686
0.9999280114080722
0.9999606751014415
0.9998228546951969
1.0000112117198925
1.000023892928539
1.0000182982454406
1.000027081325851
0.9999992050707672
0.9999992072901454
1.0000007803917754
0.9999984040650242
0.9999421220887281
0.9999504403135253
0.9999462593577739
0.9999664429833522
1.0002615337542138
1.0000770395626333
1.0003734754412594
1.0004340967379999
0.998370372886964
0.996784319195698
0.9981035574918612
0.9967334900082913
1.0153469512737017
1.0364893553670453
1.020199396281485
1.022914565903498
0.996343584078239
0.9941906722588231
0.9952247828854637
0.9946233887801179
0.9999859651753672
1.001007239812724
1.001051169220181
1.0010026974996227
1.0094719031855048
1.0085151002230779
1.0069129302730626
1.0066687068943214
0.9650289334456335
0.9593583657167815
0.9420769573747139
0.936812658895749
1.032582598832169
1.0259724393732175
1.0162086345154533
1.0215779953858817
0.9926313904087617
0.9870226571815097
0.9834101081435651
0.989243755262335
1.0647014963495454
1.0473919746078606
1.0550540927416927
1.0649651216176501
0.9867033623420991
0.9760458558735825
0.9759921518665167
0.9784690231310921
1.0038012023723215
1.004886647626341
1.004258154491384
1.0026696997175222
1.0376841656426554
1.0828764339842138
1.0819586745507235
1.02653448296738
0.9664055665285287
0.9652268016076547
0.9524350530929163
0.9645216101962348
1.004903015305962
1.0073185692104245
1.010961224514245
1.0070074131634668
1.0224451263270848
1.008710477233787
1.0294263057386237
1.0103447480860712
0.9960167217641119
0.9935289311855964
0.9952116720115806
0.9940071831775468
1.026730336533734
1.0461086819919188
1.0254106997485302
1.0457223405734302
0.9665119112163959
0.9625718635375287
0.9440613824427874
0.9572247685445513
1.0313107089231257
1.0278262297271197
1.024428569035364
1.0181940618209848
0.9387078460227584
0.9568735989287288
0.9634208650480894
0.9280685905593293
1.0195952596573465
1.0884517077675429
1.0653457015110965
1.0474792561083561
0.9462557509152537
0.9507674341840623
0.9554976002189061
0.9375466066182522
1.0174915491278798
1.0165667513492198
1.019871516788318
1.0098856780248953
0.9962864736491485
0.9957698610398289
0.9950730270211313
0.9945197645768658
1.0026976835880244
1.0008997912926105
1.0012504564711648
1.0015739447778487
0.999840439750918
0.9998885374064653
0.9998523729633618
0.9998405745060422
0.998803154462456
0.9987089560285003
0.9987801599393619
0.9990389777361821
1.0155867703493366
1.0045899567818826
1.015966773452687
1.014886638276248
0.9938457424092646
0.9967947443930352
0.9937111111392205
0.9999086746698865
0.9682645017270832
0.946515164624526
0.9357351619608526
0.9464914977252803
1.072965741113901
1.0642159895361296
1.0612162396058025
1.031315356753419
0.9935458562254403
0.9825309105259235
0.9873631108916727
0.9831972869270711
1.003310407680793
1.0024179888278926
1.002951841993512
1.002218213471138
0.9994939210188334
0.999354805799215
0.9996498162105102
0.9989529661583042
1.0002677732760565
1.0004667765737987
1.000279863130105
1.0004846572301864
0.9989734903431897
0.9991792844910227
0.999358878157079
0.9992061582069699
1.0029213101929533
1.0039425006814617
1.0039604766751093
1.0041960469799407
0.9837923789448276
0.9966329322055584
0.9706254260519459
0.9613159136269133
1.014435856698572
1.0084069414425123
1.0119960266760009
1.0091416521352647
0.9995721220357067
0.99801447477829
0.9989753175856774
0.9988890930002415
0.9955986192172346
0.9931566022859688
0.9899931866295044
0.9938044189789598
1.0580725065656171
1.0265141361614125
1.0283375464454012
1.0373119311780212
0.9715719251976047
0.9836291716230595
0.9649032669947445
0.9732649396240661
1.0047191863816392
1.0093242556896571
1.0037994137034794
1.0039762287644236
1.017539101938926
1.0201663370676648
1.036923916823247
1.0421424888940862
1.0242834540937689
1.0050179611679295
1.0020071372577957
1.031232297225002
0.9982635914675911
0.9949864574473745
0.9949865079956772
0.9946812581812153
1.0013043466264473
1.002015919132555
1.0010311631506994
1.0016523365098815
0.9991542193842363
0.9994156812070535
0.9995274873627044
0.9994253351772813
1.0034581858997564
1.004636717274744
1.0029348568397662
1.0030062069514696
0.9691012489620802
0.9701968127082163
0.9789428826097423
0.9607440473218435
1.0540663107993078
1.0164872586558302
1.054791499888336
1.0640874167978345
0.9924173117600188
0.9931846734930387
0.9892185167781358
0.9928891241300701
0.9685955894361442
0.9848241193473595
0.9744905286250208
0.9773466809900813
1.0064462468947353
1.0039930263790982
1.0085071892997617
1.0046360258716844
1.0028360305928072
1.0019172901726128
1.0025600226624536
1.0018063483761903
0.9991371245254912
0.9992214796616332
0.9995561494339247
0.9998153443173203
0.9994030679858664
0.9994901035808138
0.9993444681766163
0.9997715801613946
1.0016929898438909
1.0040097161778143
1.0049437597315816
1.0021583077530511
1.0021011068243766
1.0022560422448832
1.0084718982268408
1.0127567615911521
1.0004922640215885
1.0013177622453189
1.0063617800765867
0.9998229793059765
0.9972169007822217
0.9975023835592016
0.9963952834667663
0.9972417215809511
1.0048312412475764
1.0169026801981942
1.018589425730096
1.0162825290817565
0.9944831191581485
0.9920027684204474
0.9937685188782512
0.9916548636451838
1.0140687337790675
1.0162043378311447
1.023865704603933
1.0101104737181874
0.9936888504711191
0.9963346005862183
0.9974487930691588
0.9971266735738632
1.000348648527384
1.0010615296849095
1.0009549936726887
1.0008357572317657
0.9997886414376095
0.9997356032553281
0.9998626310878447
0.9997541497066802
1.0021317477964389
1.0016371753550697
1.001516484367518
1.001385046706052
0.9923943538053898
0.9931812723991872
0.9907131974550234
0.987334319198812
1.0582075276573366
1.024040642866645
1.0448630338603495
1.0491269255210327
0.9909899925593149
0.9965036026232873
0.9926846973166911
0.9895156948201942
0.9993379625297822
0.9988972198321712
0.9998333266127054
0.9973973179108651
1.0005078222161943
1.0003353475560721
1.0005924913775364
1.0001060546886735
1.0000277590872464
0.9999784686863658
1.0000065354069896
1.0000035648470287
0.9997821430155376
0.9996498386328828
0.9996010490773743
0.9996786417321941
1.003564597689181
1.006986057276948
1.0139272312198389
1.0033835519493413
1.0014810013352178
1.003710614376886
1.000910187769045
1.0041494471794141
1.0001251396946391
1.0004253608191764
1.0001779720529498
1.0004278246043723
0.998789952215644
0.9977389712212129
0.9971103273184152
0.9971524750767387
1.01483999684282
1.0260923829013437
1.0248410694105938
1.0233488570026945
0.9833635470193157
0.9886153750145665
0.976299064186354
0.9773791590446095
1.0226780664539052
1.0201261903487335
1.035103837122794
1.0480399814248833
1.00582223600476
1.0004886928189811
1.0087730596050073
1.0006175548939515
0.9985163434424726
0.9975909181865463
0.9975359402951907
0.9984573990567267
1.009397215318889
1.0075082491185376
1.0239326002816949
1.0006330866744306
1.0787773192147132
1.0732303288424256
1.0850335349524245
1.0654331549357599
0.990903687844489
0.9916718654732315
0.984594735889617
0.9864531850911423
0.9993970157883741
0.9995612578484316
0.999591180973122
0.9994265000359929
1.0327185422051246
1.0253800547582963
1.0085773942148135
1.0261284728160922
1.0027767806265848
1.0040470486657787
1.0012037796904854
1.0241215597494453
1.024774037043528
1.021715645677676
1.0160226810906925
1.004512446413814
0.9925645969304518
0.9899747742612475
0.9923281382659801
0.9943231716555133
1.0407304436931832
1.022380248992513
1.0249454481836888
1.0400942570495941
0.9917746295633588
0.9919096797523291
0.9959599951512877
0.9853304816164835
1.0036327802945897
1.0056689784485677
1.0043687903071734
1.003224811099213
0.983339733282
0.9785487298439987
0.9941965884100702
0.9822762265563719
0.9816884378657734
0.9732721909096456
0.984706134339498
0.9680365535795764
1.0097685050112837
1.0065972516126571
1.0033965069625497
1.0081160352892167
0.9975624267997661
0.9984180911117718
0.9981320022189755
0.9989109043434875
1.0003527023598036
1.0004388885407733
1.000293577792165
1.0002691087516542
0.9999218163912056
0.9998621268540671
0.9999469213251332
0.9998894703556747
1.0002398992252388
1.0002452729084073
1.0003458969853092
1.000365080173579
0.9987964434779478
0.9978448310361858
0.9986068536119483
0.9983242174509404
1.0212798103173095
1.0151471078793834
1.0062682452252225
1.023120503261807
1.0014226508297968
0.9992805606388546
1.0036857103788814
1.0005618030184533
1.0012835428814548
1.0002444762198612
1.0008666388080543
1.000903544455237
0.9902246922281958
0.996333025864893
0.9885096152123665
0.9954904336349962
0.9959477305830043
0.9869135456804632
0.988564080014326
0.9876710855309985
1.0043866048722936
1.0024759780513084
1.0017965576412848
1.0024938255564966
0.987252215200468
0.9913425414383301
0.9921205801024751
0.9974895172593219
1.0026165764417034
1.0018960799538623
1.003280472755172
1.0025006967592833
0.9964906543367291
0.9965029449091898
0.9960430614465049
0.9924775913515949
1.074964967612134
1.0754287062729362
1.0524544078456153
1.0850558360423226
0.9647914999691751
0.9846213100099374
0.9822606808893826
0.9734897078966825
0.9725125975682893
0.9715682441681222
0.9582482384959032
0.9677668675901471
1.006213656755387
1.006416909439893
1.0056323896887347
1.0087632617506717
0.9977052517530562
0.9971569890662161
0.9983971199943179
0.9971939130769529
1.0007179506311932
1.0011260769143429
1.0005497750239556
1.0008687287469915
0.9992689735316543
0.9994899288538482
0.9997812763096834
0.998795092001292
1.0030153374388988
1.0022681918336975
1.002025407705651
1.0033953612105684
0.9893417941965378
0.9935744169239022
0.9863205269465612
0.9822456033829023
1.0059680013907721
1.006201304723897
1.0036656239480695
1.0046241701617213
0.9919571170096415
0.9839545044508986
0.9971431016156782
0.9815691020249249
1.0008154919659702
1.0012513554534546
1.0018118475672815
1.0011940376386659
0.999807136916297
0.9998201350381776
0.9998184588774436
0.9997621471906274
1.0000598229028683
1.0000905586503848
1.0000772304571648
1.0000507294779335
1.0000015137296834
1.0000031144150456
0.9999967989901771
1.0000009647058563
0.9998793026699522
0.9998589727173461
0.9999190466487214
0.9998798909227659
1.0005410025380956
1.0006510642474808
1.0006089530829634
1.000910827464969
0.9905784689481539
0.9950591875565875
0.9885223888674264
0.9895545086495082
1.0014615961035511
1.0025593048374917
1.0009579325421614
1.0025246292021108
1.00309542210868
1.002531378935533
1.0031646090457587
1.0017662646991445
1.0021066916892702
1.0040391684837096
1.002453918502518
1.0014170565443388
0.963874413005274
0.9583763782863761
0.9683619070492875
0.9630026559584196
1.0092378405377809
1.0054683803683802
1.0126600577275071
1.0119907858171504
0.9975739004866973
0.9965566384182628
0.9973426942068623
0.9963173675575898
1.0065255446666106
1.003414354770627
1.003947924841141
1.0048720604297887
0.9614373027931802
0.9666848064112258
0.963752978665864
0.9766535685456137
1.0090658292578663
1.0062224049541948
1.0079589002665925
1.0070336784534588
1.0042558762495553
1.0113350016148213
1.0004199739985111
1.0073001864496025
0.8245959447291462
0.9202399340829258
0.9305137770799619
0.8282103603579511
0.9526835364270116
0.960184831480816
0.9890655064025641
0.9144371976119624
1.0160129183008093
1.0153294559922328
1.0209382025101847
1.0067749648193651
0.9995542771012197
0.9996641549398808
0.9994598544111523
1.0001404382674002
1.0056827956815577
1.0049248207931543
1.003954797137036
1.0027467572096649
0.962328377158494
0.9770868533638859
0.9778501398495049
0.9513893212434328
1.0198055900356184
1.0250450181947968
1.008304821041558
1.0200043972331199
0.9750481601192799
0.9914408751064488
0.9726734445034958
0.9884513248345799
1.0309340120746266
1.0356690945740896
1.038479898210535
1.0189308030431843
0.9975919006082659
0.997619797402235
0.9972999216156088
0.9983427705325705
1.0046021156014264
1.002465563663878
1.0034501918159722
1.0025850091372666
0.9776054033878702
0.9787207942096523
0.9974269458238381
0.9729702617550762
1.0038765583973144
1.003531566737053
1.0042764967230187
1.004898351200917
0.995835152308259
0.9954216408206895
0.9967845914606686
0.9967812801680986
1.0254002876473245
1.0111659718552357
1.0135484139941353
1.018395061061315
0.9699914634685374
0.9873576408996843
0.9749138699958878
0.9921591446652459
1.0052654717281198
1.0047226069203061
1.0027298585818503
1.004285634546586
1.0034068964138978
1.003265669052597
1.002786052951438
1.0033449266839036
0.9970897118058176
0.9886317354982176
0.9935435612604551
0.9927120715279403
1.0008210832907414
1.0012222540955193
1.0009173449701936
1.0016291860405784
0.9995885942252531
0.9997737861648474
0.9996462882477329
0.9998778202704957
1.0003394076490937
1.0005707350381716
1.0004665575604375
1.0005925231891175
0.9934886544658361
0.9951869767076512
0.9985376562988925
0.9950297927707827
1.0008314218923868
1.0009178334248954
1.0006385397094173
1.0007368272914068
1.0025945455893348
1.0022048493341522
1.0146993410554235
1.0086281650125044
0.9996014808579495
0.9994173319843913
0.999625038627153
0.9997736462457808
0.9977387546558837
0.996253303650895
0.996455469272164
0.9948185434863871
1.0027700946748597
1.002388364391244
1.001158605184083
1.0022232967082167
0.9953149655419506
0.9928129245530608
0.994552550680656
0.9981856985661818
1.057517969321188
1.0432437558382035
1.0154572315232882
1.029204616203231
0.698113803442011
0.8593800826735112
0.7678297945217814
0.6714952100139309
1.0849719650054257
1.074770742336784
1.0625318548692249
1.0623701427268386
0.9859787051990615
0.9665741631909711
0.9710807314394845
0.983548079587932
1.0033195391338183
1.0016480690169205
1.0039834550118303
1.003735575066591
0.9914451687119606
0.99165017349877
0.990824541640305
0.9950233861430745
1.0944369889694148
1.151682874382244
1.1251126921158672
1.0951509569808864
0.9783290179911555
0.9836037805150099
0.9808012345959225
0.9806136390160018
1.0076830224008084
1.0058120039095995
1.003156566408579
1.0069924084696922
0.970046960106491
0.9472638006878398
0.9552852923691688
0.9749673001190521
1.0075626330926806
1.0080416037775526
1.0110365163488253
1.0043450534949128
0.999176276092838
0.9986855103828604
0.9960728308446106
1.0012054127450876
0.9863020616296154
0.9777435460725681
0.9721319856870877
0.9828666665781602
1.016126904937331
1.0164221184983049
1.0283020875928697
1.0410886938458115
1.007668913428842
1.013093149750496
1.0094647642384393
1.004869371562209
0.9947607766805342
0.9927540004855467
0.9946814557147559
0.9963819092937727
1.0000447857772663
1.0005306765355104
1.0006888441723771
1.0008070740832908
1.0025957059428092
1.009750263087064
1.004039980805373
1.008634246005035
0.9933998930751624
0.9931932617901501
0.9942419026012481
0.9900199100401682
1.0529063753693884
1.016559671988369
1.043715085224614
1.0396606360939864
0.9880587330813803
0.9864160679546032
0.9848371139477177
0.9961723641075131
1.0244788150599786
1.021486145628349
1.010406349943914
1.0124043831730907
0.9333399834345472
0.9159939473584932
0.8901367453602361
0.9218872114808944
1.0202134277509658
1.028379256501007
1.011749118645571
1.0292394025173939
0.995706212633341
0.9881843657644311
0.9929390147824156
0.9904498706029599
1.0094392613393226
1.0065040779140053
1.0108519375006648
1.0065443934355092
0.969835112099437
0.9554616734535231
0.9291191792580885
0.937944366512245
1.020969232540054
1.011154382166211
1.006098299692155
1.0161722855042092
0.9945158672254093
0.9943449136394087
0.9888024545856222
0.991485044829887
1.0234237730022195
1.03368745852236
1.042097382895484
1.0302294087202184
1.0275913926607712
1.0204682562131029
1.0091921034570184
1.0164013065955726
0.9957676223575319
0.9954276873657211
0.9979656870640137
0.9966549548603804
1.0013075031652343
1.0018475998114753
1.0013103306528135
1.001643102906383
0.9938388960878998
0.9975776330143081
0.9955770429850119
0.9945471975990637
1.0206258866828766
1.0262997435788939
1.0376002232136547
1.0485013807497738
0.9897455918886491
0.9886880630768645
0.9885985886530485
0.9935448760622175
1.002261625853802
1.0026302011078754
1.0012758331005243
1.0020989542296985
0.9988252351258146
0.9994631107136858
0.9989989554614388
0.9991970457032596
1.001754140342658
1.0017628276773127
1.0028058783489644
1.0020939851002433
0.970384203844786
0.9903851053704721
0.9744478375781375
0.9962406801110623
1.0038328269934236
1.0033482157362656
1.0050174115918167
1.0056499767460312
0.9992213248176212
0.9992943841996491
0.9991828848625309
0.9980717090227955
1.0004413956352045
1.0006622759191133
1.0001985635630657
1.0006596813712219
0.9995036246019882
0.9988744349140402
0.9987934502914283
0.9992652534684419
1.009079099227019
1.006011910949652
1.0111475542998083
1.0105267613796503
0.996748562145941
0.9969406804696423
0.9960298370269756
0.996147603452641
1.0152464580876808
1.0555651958271082
1.031164686849412
1.0405327049863107
1.0025918471386168
1.006635897907678
1.0004945330433552
1.0135369195556196
0.997986376275266
0.9959800123294184
0.9974908151288733
0.9979507928675961
1.000532566610967
1.0005036224723372
1.0003179674299938
1.0006031125113815
0.9999345660030655
0.9999621429929925
0.9999454427983112
0.9999411854961789
0.9996472457868552
0.9996872914320126
0.9997698055489098
0.9996463797776479
1.0019301567012306
1.0013384323374144
1.0021533858461642
1.0016966995876357
0.9993066634906762
0.9996958303884
0.9995899198771996
0.9994767916836798
1.0001581249868359
1.000087606897919
1.0000870508986726
1.0001506531032422
0.9999177162255847
0.9999186879872587
0.9999554484353936
0.999918003533268
1.0005638035419555
1.0002584537281196
1.000327831729688
1.0003795848478536
0.9959915193291194
0.9964891300950205
0.9930000560816968
0.9979180956345124
0.986010193045789
0.9853244916380461
0.9777129961858348
0.9861951002492358
1.017021419519873
1.0609848585330106
1.0337087797992723
1.068295876342645
0.9848429502405515
0.9784376999843949
0.9861040006740452
0.992983316782218
1.0121787373689521
1.0074728036517333
1.005616831064643
1.010891629793905
0.9989060064073856
0.9979995622424698
0.9994490540661857
0.9973959184023218
1.0003207378471
1.0002167411443386
1.0002421207872998
1.0002132109070607
0.9999394297812005
0.9999070300982881
0.9999420121992096
0.999922241591382
1.0000069636246784
1.0000030318350313
1.0000091324452194
1.0000103633621389
1.0000297461965313
1.0000399954691053
1.00003453475121
1.000042968452701
0.9996549099482965
0.9996634308872556
0.9996316623563541
0.9996901242005282
1.0024350315366406
1.0040289326850704
1.0008683587432088
1.0030958262343748
0.9978255923276939
0.997577793949115
0.998798641887349
0.9978511325318575
1.0176262819484014
1.0021905285411465
1.0199857113732798
1.0083822529553226
1.0492223500095215
1.0568469840797536
1.041755833911456
1.0371173657316943
0.9882819281677117
0.99396345469579
0.9888383203728247
0.9891655966433583
1.0037141703433115
1.0074781230660725
1.0080251348029687
1.0063633867692308
0.999010843067359
0.9985469958186648
0.9985337370772285
0.9986122021510813
0.9876608183341136
0.988695678314032
0.9919445929118619
0.989226439497795
1.0310233979573742
1.026077685297679
1.0208734222985563
1.0137884096870564
0.9196899366937927
0.9421615513445953
0.9846679563241681
0.9504238994475263
0.9532725532358538
0.9598608455221959
0.9655989937703477
0.9618468017944714
1.0088209193477775
1.006796984164075
1.0074165594616167
1.015822184198895
0.9963759166783346
0.9968183582346426
0.9958728322586559
0.9980047122592368
1.0007746311621974
1.0009159125101013
1.0009656755346925
1.0007821588899002
1.00016807186745
1.0000033809770004
1.0001273960482948
1.0000805012016547
0.9963305068539513
0.9968175483801877
0.995434527841917
0.9959923143240718
1.0325665922132155
1.0188453212993285
1.0218095612661988
1.0269555347192836
0.9931619853636199
0.9918572058740431
0.9898434178687613
0.9923579097871253
1.0143358955442092
1.0126740672933499
1.01015399498354
1.0053628280575089
0.9984521581416348
0.9987820014717694
0.9990748365328085
0.9985722442506854
0.9935811935632979
0.9947084138311493
0.9961019843975066
0.9980545183473701
0.9954000188187181
0.9940982839336304
0.9972079808472811
0.9942800757098972
1.0568180935186766
1.0412330733605044
1.0853728767653517
1.0354773230492287
0.9921133251371658
0.9893195771410735
0.9925275676027759
0.9911529508302402
1.0022446736893607
1.003094456021867
1.002664462421489
1.0036745180398352
0.998806232225073
0.9985719222196093
0.9986467230838643
0.9981434598959739
1.0053303795205002
1.009019593315296
1.004093775155281
1.0049809652566704
0.9299159564639058
0.9358041367834871
0.9767167177561431
0.939050991675735
1.0308987840380879
1.0137735104772712
1.0462014164607158
1.0175930036873961
0.994901781244831
0.9919752330331641
0.9874081945880946
0.9935415522967249
1.0047546352373755
1.004584985142605
1.0039590650925085
1.0038051618253858
0.9990889526225686
0.9989583458722685
0.9992112051722173
0.9992452663422017
1.000078386200137
1.0002683005110165
1.0002686614730256
1.0002692618010345
1.000075870348816
1.0000837941311387
1.0000775841426677
1.000041921949582
0.999288019661576
0.9990583700400026
0.9992136823303271
0.9994438256433766
1.0047491189351876
1.0024365256907417
1.0073759024696398
1.0056408168608684
0.9912829566244266
0.991041488220831
0.9907720101112544
0.9918704728324892
1.0007751646690013
1.0009343844881557
1.0008283487754563
1.000933085424199
1.0188555863273845
1.007382782769136
1.0062996776890474
1.0142317617770744
0.994260680700724
0.9982131018913433
0.9973032828750954
0.9899459600346887
1.001357087794589
1.0025636166409488
1.0029784460218458
1.0015558737513683
0.9984549075240703
0.9983709520705148
0.9983738683275406
0.9984470997226416
1.0040434545218027
1.0082711489580687
1.0039226602910016
1.0137437158513702
0.9993287904642418
1.0003177486143464
0.9995989598205732
1.0016691936365405
1.0073140335578556
1.0051478133182126
1.010171965096208
1.0045863062397968
0.9987937494276388
0.9985240758338219
0.9990638613275417
0.9990460108413168
0.9984571621916783
0.999246739133192
1.0011414031820274
1.003341909173377
1.027225464657498
1.0488946611451841
1.0388785251447963
1.0084204374433636
0.9993446301015962
0.9973538841761472
0.9981875171840705
0.9982641387651979
0.9968534150558938
0.9930631910073996
0.9942266869908849
0.9895942434856428
1.0022919814666984
1.0019144987131725
1.0009229744124857
1.0034642174021398
1.0001852378551714
1.0000722499282633
1.0002637663156222
1.0002850795711253
0.9966566261975752
0.997052395823773
0.993950003685991
0.9946871372930794
1.010543791601229
1.0158057601829775
1.009205717053377
1.0423520653896523
0.9975275889377649
0.9981542927005975
0.9962951042132275
0.9980834687915313
1.0005807903708945
1.0004088343104631
1.0000658759498104
1.0006010660912088
0.9987003070126386
0.9989423936823421
0.9981855591863458
0.9988863863610618
1.010122005564837
1.0103489547210363
1.0039595676924515
1.012408175860612
0.9617267041842018
0.9698479590779342
0.9808384805611698
0.9949636302630336
0.9989315544363694
0.9963566951743641
0.9987847071971442
0.9975991230464403
1.0225835767663958
1.0264032919816466
1.0153671947260172
1.0342597950155201
0.9958350571913301
0.9935165962312378
0.9944751695846927
0.9970406368756098
0.9994951703681334
0.999669454387086
0.999550166273917
0.9994813215272746
1.0114779712587831
1.0116446667989272
1.0038643449663844
1.011191174056437
0.9970628739224068
0.9983789500841459
0.9974636580095501
0.9980028903833572
1.0016385470282378
1.0005032197052963
1.001626775689982
1.001840893360906
0.9964202585187678
0.9970037693807139
0.9971309508698188
0.9980548577573185
1.0090453085457307
1.0152734268131267
1.013950872084013
1.0131729292553657
0.9962508447554121
0.9971738863531526
0.9963221199016632
0.9961628739013151
1.0057867885254743
1.0027167717381407
1.0137820714106738
1.0154573833116152
1.0219145933852103
1.030116092470435
1.0409204156258893
1.0358998713042522
0.9882973995869455
0.9941905557424329
0.9921950490299525
0.9889510058144734
1.0034526040775882
1.0033066671284727
1.0019682918136512
1.0029440039426043
0.9992042922297402
0.9991068974430859
0.9988677263663318
0.9990399938559988
0.9999122108710156
0.9998350660653518
0.9998861728748681
0.9998480833138418
1.002241891217727
1.001141896398729
1.0022394733048172
1.0007507065691963
1.009591012689317
1.0093731570981095
1.0037200539950926
1.0096076563954235
0.9975945586448735
0.9967630726750217
0.996521053482392
0.9977748206020198
1.0017453343667457
1.001309579496076
0.9999903212772476
1.0022697835992558
0.968831482977849
0.9780475085960911
0.9778970562536942
0.9771857927305965
0.9977401407537887
0.9992936875680534
0.997196943077062
0.9961365472442482
1.0014634019958997
1.0010034897672038
1.0010163021953455
1.0008488449420994
0.9998877762835048
0.9995042816982216
0.999569669944001
0.9997940449505147
0.9997559861323867
0.999771902377444
0.9995770023656382
0.9996970935885109
1.0027605483348465
1.0030813423805696
1.003665661583908
1.001754783348675
0.9954538068806081
0.995102703957329
0.9964033575548467
0.9938214251111259
1.021081486254243
1.0291180155627493
1.049142948533453
1.0427727629916752
1.0084055727686254
1.0091610830492577
1.0334615207790345
1.0121842688330485
0.9957300290593847
0.9963113693805096
0.9967149000837907
0.9962899146478774
0.9990329361609942
0.9982743223139146
0.9975925265840137
0.9987417163567671
1.0621684379256366
1.0287117156713241
1.046308035958641
1.0315701174122776
0.9874132075924906
0.9945462745353165
0.9889544026134182
0.990705299584852
1.0071162500094204
1.0144527070694753
1.0089911474119246
1.0090998876306867
0.9666910622599387
0.9542698202618788
0.9412234128518624
0.8924031029700424
1.0101937300940442
1.0225465655215311
1.008183446812472
1.0207598531318567
1.0078143748288375
1.0181478953796017
1.0188339185265896
1.0048322983204834
0.9965299175212743
0.9969093249401141
0.9966138015272058
0.9974751969261295
1.0003984215062571
1.0006051816320216
1.0004874766335294
1.000475060309405
1.0011838489454372
1.0006621468222583
1.0008868877065882
1.0018545849305212
0.9914456423857883
0.9934178765442885
0.9888169459755213
0.9947668629446816
1.0408110182453651
1.0181016022907017
1.013781812529316
1.0578831828949937
0.9940644726046058
0.9928104839435815
0.9927544345884156
0.9952397763997632
1.0010983837089797
1.0006394920789925
1.0009370609896253
1.0011016794076166
1.0104855070926142
1.0099295375013209
1.0095233566114918
1.003989376189558
0.998723684438023
0.99808296321088
0.9991980644048643
0.9988816282044851
1.0016473747919385
1.0014494078222143
1.0014249858934618
1.0008812995550016
0.9971255077420538
0.9941415510667504
0.9944495467418174
0.9935833518302383
1.0282629055676111
1.0404868098984996
1.023356145864062
1.0432183987012509
0.9924291935901537
0.9925757890648569
0.9947545333753595
0.9926039976529384
0.992719564067306
0.9981092774767467
0.9921449008571531
0.9961108149360718
0.999422781748867
0.9978783502305848
0.9997663801578476
0.9983010372570281
1.012890136628742
1.0218957329342888
1.0187271682781114
1.0217087465748966
1.0003006627268476
1.0001337899933855
1.0002315223633753
0.9995979934225957
0.9999327014913895
0.9999560190233332
0.9999569007972748
0.9998893259772116
1.0005896642109746
1.000697150828914
1.0003984971620246
1.000525582325043
0.9984258765999763
0.9977362056179951
0.998124026371477
0.9964403975005384
1.0086576834430263
1.0142281564306679
1.0137976525613615
1.020347001304629
1.0298261547237453
1.0436254031170251
1.0380338959348476
1.0174671755973106
0.9808289375860778
0.9856343602227472
0.9833680483747623
0.9954028341108727
0.9976680308409207
0.9970489676294997
0.9990249975922413
0.9989909712638776
1.029259318528808
1.0278261276870688
1.0132939707011939
1.034626221414602
0.9844380959026457
0.9916201356857596
0.9869020931283943
0.9870935275751893
1.0079872114953332
1.0367302938453502
1.0326987402932157
1.0499145555628824
0.9859831840143048
0.9864400614052395
0.984183026534577
0.9883817953859442
1.0356748252039074
1.017747972094632
1.024967885211337
1.0536624671791754
0.9793825953584829
0.9853440383348555
0.9636783420877418
0.9728978462243086
1.0458100036378415
1.0933871387738883
1.1000357532006337
1.0986142775221774
0.9948794388439852
0.991652987073827
1.0045999265457173
0.988940870466443
1.0022123447389308
1.0011285387926223
1.0014658483357057
1.0018996611733781
0.9987821753812354
0.9989965981376864
0.9993125621768315
0.9990495415934852
1.006915508758818
1.0073059611478963
1.0047062799464828
1.0042177135560413
0.9481915111672724
0.9675343421533592
0.9798886819179592
0.9355292098258711
1.0132359414680772
1.0119214775835386
1.0086357399605121
1.0089476392008692
0.9921538701949155
0.9931642646416118
0.9954155928339729
0.9922188028693623
1.005954660782718
1.006106263816165
1.0025969861909363
1.0035738305909272
0.9903342535818833
0.9868258465118166
0.9804575130233759
0.9894462124607994
1.0437630305577479
1.0483654276868766
1.0172639041792335
1.0400673971001326
0.981960988516023
0.9789058929612899
0.9889940878148314
0.982175569330751
0.9829283310373634
0.9520027496931751
1.000035200403054
0.9287087070535501
1.0108368211337955
1.0103312641739755
1.0152139944891083
1.0162260571099493
0.9989776944467149
1.0001563650778655
0.9997590373748214
0.9993899923296139
1.0029345212706426
1.0012759821352386
1.0023785903645561
1.0012031655899774
0.9872299324869147
0.9896673222372309
0.988973158986563
0.9916991215718683
1.0535590794995358
1.072793614151228
1.084228063191724
1.0548278071865465
0.9958142185083027
0.9984335058208097
0.9975973312599947
0.9988101683958654
1.00081296807474
1.0004771515247057
1.001924555640546
1.0015226463924756
0.9999776623713824
0.9998897967267986
1.0000200290215249
1.0000363426039798
0.9973079465449931
0.9973446131322865
0.9960261000828041
0.9982105346625825
1.000351525251848
1.0003591119888304
1.0006462501648712
1.000308442407539
0.9994307191009008
0.9994477414669757
0.9994816113446575
0.9995795651031698
1.0019035456241288
1.0024838670548797
1.0006236324960331
1.0029449105149466
0.9912058868479167
0.9835455396006824
0.9875803432375881
0.9906741384452475
1.0161262246629836
1.0217389129582242
1.0126280380077841
1.013523452101691
0.9865655080326156
0.9859659745848423
0.9706324294785076
0.9796321504406821
1.113911008412117
1.173489774526698
1.1011839745115157
1.1345145416311917
0.9470425186981686
0.9751156775297285
0.9753619523421975
0.9635315322889787
1.0263754916705359
1.0184187642032139
1.0102022799259478
1.0299755252252407
0.99015342722207
0.9919338073464125
0.9942006621532841
0.993705621429049
1.0010441737570124
1.0011378513429097
1.0009576799245827
1.000987330211182
1.008126663852528
1.0082257114997129
1.0065770343968394
1.0099761713210684
0.9928871901155855
0.994565668914562
0.9917180778016388
0.9931902266098208
1.0239665971423773
1.0415962317620027
1.0433728308001848
1.0458067128600457
0.9922310114599591
0.9864954114163988
0.9850159303118035
0.9813697056097549
1.022577410492145
1.0293057068456206
1.0151571469981335
1.0345684053838253
0.9907277146602419
0.9966414059670783
0.9995457769427943
0.9996085800556939
1.057905386524393
1.0455269575556037
1.0567087508616166
1.059841896675192
0.9864276658857655
0.985240684954759
1.001404049576485
0.9909206465472353
0.9203480752010159
0.9491448813006097
0.9820682906028633
0.91626191928091
1.0106378354474694
1.0337307842105676
1.020637622680484
1.0226306152880609
0.9958656108183878
0.99799873558438
0.9947700116343353
0.9908599467938449
1.0008749217158792
1.0019403907032165
1.0014727504901972
1.0023219288182739
0.9967421514348748
0.989332469770938
0.9964826244584333
0.9910276474607443
1.0530485958856106
1.0265711314014163
1.0502927901352286
1.0280731075845542
0.9647974678247279
0.9577330547240329
0.9258417767079057
0.9417203654014977
1.0103669402509086
1.012481808203797
1.0135914129742314
1.0072224400286272
0.9942191030296789
0.992469624832284
0.991866063667958
0.9906758874468131
1.0555412354359088
1.0572963549993477
1.0169833942974742
1.0543889346681017
1.0049876671760454
1.0010230243207732
1.0010657848154139
1.0066370456265064
0.9985052305181786
0.9975633666686174
0.998485381490455
0.9984295493071114
1.0047248521116479
1.0059692909906848
1.0045164365726513
1.0044083695982304
0.9921314721861625
0.9952858019622282
0.9981007879149821
0.9965334768280898
1.0010543640638012
1.0010920281516695
1.0007670380178986
1.0011689811844462
0.999437420915908
0.9992937955561747
0.9997082791578401
0.999232835782136
1.0013569103911188
1.0040835865179638
1.0018089844158922
1.0019696156409643
0.9995918168116571
0.9994715656996108
0.9994389576804208
0.999528490380997
1.0008960991444562
1.0005262017733552
1.0006101628103063
1.0004582999951985
0.9964024526816473
0.9956126945136142
0.9973259559402167
0.9974969865102413
1.0160443759194604
1.0310611245082641
1.0335780636636984
1.0201754855257295
0.9883211393715253
0.9887971552498852
0.9902959407066887
0.9915645451711899
1.0308309850432067
1.0187825023968806
1.0170416403113134
1.0381824978552197
1.0148736454108922
1.0152308129864722
1.0198744027341102
1.022329762403993
0.9935733064569342
0.996239030601017
0.994317630471001
0.9970583029924712
1.0027015344617174
1.0013276713437322
1.001049321104138
1.0012066559690471
0.9938146422196115
0.9951996811593864
0.9909837053113283
0.9985548314314401
1.0023773014769553
1.002562149688579
1.0023432356406712
1.002346820481083
0.9921765616425006
0.9862832261542029
0.9825133047742745
0.9876562976549861
1.0009257906947027
1.0025994037112695
1.001814898931075
1.0027780678249156
1.013011343796311
1.0115877130353939
1.0096924509798606
1.015166344204664
0.9974065086195766
0.9988269681146493
0.9968721405590228
0.9989625606548017
0.9980417443695349
0.9966580533810276
0.9984371581578193
0.9968591722592527
1.0131505950550068
1.0517644354234479
1.0298612226043822
1.0673717204161202
1.0199891557592495
1.020270346624629
1.0249300288634402
1.0333335965367063
0.9871482830060627
0.9940575775718559
0.9886297614662012
0.9886138223120692
1.0046505307891607
1.0040160959461708
1.004952291732358
1.0023938110422537
0.994662870119626
0.9877327495696642
0.9870513549715653
0.993791474191046
1.0283735209758387
1.0308062198310588
1.041155548354948
1.026331611864465
0.9914316662671729
0.9956137173314952
0.9954695089735102
0.9932766371479064
1.000563395227699
1.0004857286573927
1.0005428046519076
1.0007228932404246
1.0088717455806502
1.0057043702424768
1.0085509008530007
1.0038112323081678
0.9985502703081937
0.9985629003829594
0.9989591327751689
0.9984266448813629
1.0007627187202763
1.0006776146266734
1.00077186921499
1.0007718729069714
0.9984176154186583
0.9967047697386091
0.9976813183297558
0.9980808039479157
1.0162447332230709
1.0173879782474302
1.0106027104923543
1.0236052547806975
0.9835281498108757
0.986081304019502
0.9877938174663163
0.9823700453110675
1.0382096908574447
1.0630923501115503
1.0547833181703543
1.0525782960148369
0.9807598661993333
0.9846251320489825
0.9803966260418175
0.9894150984598421
1.00320495580722
1.0013048047247746
1.002780468226268
1.0008561984905147
1.002949041782343
1.0018873703412017
1.0019645120373575
1.001350115884504
0.9831403520606201
0.9564810215999984
0.9889011171003402
0.9599312756623527
1.0081954057765676
1.012242109001838
1.007266910522033
1.003898399433623
1.039216015363686
1.02361185027563
1.0119991879380068
1.0266649324541877
0.9618205340556507
0.9962868030426182
0.9725485895066764
0.9864321411402059
0.9971530402713938
0.9246860519597896
0.9187456677908056
0.9484434067757737
1.0690486991365296
1.0354153426675639
1.047644464524746
1.068536000291496
0.9806705338138174
0.9762182111832043
0.9791666834134701
0.9813309387634699
1.0021952658040465
1.0016720155763423
1.0018083607638442
1.001234603485744
1.0249147889498138
1.0248651817179928
1.0136664064607726
1.008747052121481
0.9618349402607866
0.9764412879210878
0.9715134022059551
0.9693632860701415
1.008389062138939
1.009109797953763
1.0078310844850724
1.0110405134120175
0.9981419803777034
0.998513459234013
0.9996701343845826
0.9987279425062063
0.9999559211101705
0.9999503398797513
0.9999450405584617
0.9999460116565293
1.0016872123418201
1.0012210706301305
1.0012103647985282
1.0011876715850252
0.9940269272472116
0.996809273368724
0.9873418428463236
0.9958523741924525
1.0014706960220094
1.001207186514275
1.0014432341194295
1.0010325601755055
1.0037428806172521
1.0030905013720894
1.0053219813010565
1.002776071607965
0.9977002254990371
0.9956595860899404
0.9970465314778872
0.9972455869369754
1.0206279797885138
1.0183074470762583
1.007983870898766
1.023951416250276
0.8769122019676714
0.9092758152402124
0.8374998096404136
0.9461270413548922
1.0168088679666996
1.0119162621591675
1.0091506407055668
1.0132353087730457
1.0034505425913354
1.0006478167874517
1.002233831668313
1.0011440212769078
0.9723711554206369
0.9775569027906785
0.9802639272086545
0.9718374775426163
1.0507586787260976
1.0502130581445266
1.0442346095068213
1.101069831179171
0.9808194516033816
0.9911967791554832
0.9863744139344164
0.9786321457403298
1.0060997191626753
1.01307625890257
1.0091792792768872
1.009132694058675
1.000241016211672
1.000560561509975
1.000911025400163
1.0009134970952058
0.9856098076155236
0.9848476021659684
0.987753246516798
0.9761532171437819
1.0146738039793488
1.0091231183250324
1.007872929815827
1.0145306120807418
0.9934392406853576
0.9749557315574279
0.9744201006721926
0.9566253082341678
1.008360498591781
1.006660539294426
1.003538282332704
1.003247281693912
0.9985843791137728
0.999399782465361
0.9993895895565943
0.9990249509451761
1.0003018328319173
1.0002533194622976
1.0001775459313869
1.0002430943470086
0.9999577175459476
0.9999271145883083
0.9999497744025101
0.9999476275913206
1.000015426185033
1.0000060880272934
1.0000133414404873
1.0000079118130003
0.9999982574421848
0.9999983065464647
0.9999987403027476
0.9999982538388357
1.0000018295784017
1.0000019288791113
1.0000010126453767
1.0000012654648887
0.9999882774065495
0.9999946307605794
0.9999878323502995
0.9999899842111616
1.0000569019087717
1.000031767494431
1.0000930464866882
1.000058907640278
0.9997759295766493
0.9996174687451542
0.999611539588255
0.9996056708585673
1.0028184398131386
1.0048963386564076
1.0026908284514149
1.0055189940956413
0.9984108706780042
0.9992930196633255
0.9985079924679736
0.9983828077842699
0.9998417697967047
0.9999859249623863
0.999978762367696
0.999961651297573
0.9999432809004845
1.0024025262033665
1.0042836818344867
1.002876305563312
1.0191901688598017
1.0169127562244709
1.0197097010352778
1.014457156972759
0.9894096865410406
0.9776810966555706
0.9793888911285463
0.9779467627444108
1.0797298205414165
1.0893787608662309
1.0540971361231095
1.0372207632398827
0.9308645233738252
0.9538550919353754
0.9884918122568446
0.9265999250429887
1.0144700269591203
1.0094716095737113
1.0113688832473213
1.0086168585888626
1.0174127850873826
1.0918213181545176
1.0596481279131755
1.0677382574450192
0.9993299926963225
0.9982879088758176
1.0051325355949785
1.0045343443091521
0.9994680084752001
0.9997882736240726
0.9999608740122469
0.9995682845698178
0.9983578703154999
0.9967339027732266
0.9961754872816465
0.995891607673634
1.000363909312395
1.000162394083545
1.0004478064408167
1.0003317128086222
1.0018707300601328
1.0010823170627303
1.0014152205595046
1.0015639930507327
0.9870548449897196
0.9912128988661233
0.9869880619730819
0.9964937569829716
0.9896430188440751
0.9752063510864499
0.9629944418395289
0.9808793290726534
1.0170106415251001
1.0138225853104268
1.0223028199438506
1.0289775684854572
1.0388630677718658
1.0378621675799082
1.0397877958411454
1.0282264828646288
0.9909680711027972
0.9873143189284587
0.9908280144817755
0.9922524935092198
1.0053716900884355
1.0019510949512531
1.0055910441958438
1.0051522821790855
0.9999886430217687
1.0000728484299357
0.9999655816735954
0.9997644858193881
0.9986577028577379
0.9983120707912705
0.9986594029502072
0.9984198716289471
1.0032423026313404
1.016749015804986
1.0166325946447132
1.0154593419989446
1.0065348825930942
1.001901471736979
1.0055610749881678
0.9939030592582042
1.0331718653844246
1.0492124879422005
1.0739653663787236
1.0872570268670003
0.966021564412955
0.9808176808371565
0.9839208732174909
0.9741255331737647
1.0105839783056514
1.0106153335537584
1.017135887742849
1.014601568304233
0.9970420856542295
0.997400497686702
0.997273115412505
0.9986842652151988
0.9891152595670104
0.9888255899499534
0.9916492652678842
0.9861382663778843
1.0046102386808542
1.0040741374924278
1.0007996708538998
1.0024964743217943
0.9997436258041016
0.9999851408488594
0.9998928042530247
0.999759609151998
0.9973357062629138
0.9937686023871675
0.9980936630174423
0.9965242924898856
1.0295010161842542
1.0156596260906083
1.0210131236943905
1.0280513756197365
0.9807938481899825
0.9916109231279062
0.9811014345580027
0.9815231206585422
1.0394990426005892
1.0482101929972298
1.0578845432099404
1.0388518012426677
0.9922916791446493
0.9797486677133805
0.9811075302945237
0.9792904424860369
1.0010501541067691
1.005256794526277
1.0063823220556238
1.003089595623106
1.005360937943512
1.0065141776799575
1.0013277526835358
1.0091161276178882
0.9901498514620239
0.9877991891016094
0.9863662627549756
0.9969250354173411
1.01196935361549
1.0128723992368855
1.025299547563673
1.0379333070574381
0.9965058676869075
0.9938923542172732
0.9908618439790258
0.9978366050541994
1.0032879039779345
1.0029054748515402
1.0016164104084
1.002798641719057
0.9956012393853927
0.9912648781879675
0.9893698997996365
0.9948996630025415
1.0291508366682176
1.0250115022488036
1.0182215906026475
1.0331852613612325
0.9752069528534467
0.9887573695857359
0.961980210167151
0.9722411864177354
1.1245715491231887
1.1048638459904987
1.083721344345176
1.0401808633756537
0.9889753223971854
0.9778945916656663
0.9731275457334959
0.9738515026676868
1.02296470687151
1.0111020930932895
1.02045811486141
1.009724035221685
0.992527452991138
0.9855942287378338
0.9874777818414262
0.9748669588982143
1.0409022233748024
1.0451804821472273
1.0423979601356694
1.0246164524419825
0.9860962435227076
0.9841077954915101
0.9958143690224245
0.9939196702552886
1.0013552856270718
1.0012788335654499
1.00149440226812
1.0017239708628058
0.9992531008117743
0.9994986883100465
0.9989107335059206
0.9992867349788757
1.0065789982997757
1.0059501877333143
1.013757478660012
1.0050012534575041
0.9905184382632796
0.9948065689281287
0.9912142417536752
0.9906504653152711
1.0477409415413916
1.0220612875415596
1.0320234033421567
1.0590499486946718
0.972029054847284
0.9591306022830681
0.9838156244344288
0.9799313780761705
1.0024291489860053
1.0104726072283685
1.0067389106796825
1.0040536805660953
1.0179941681479232
1.0074710216500469
1.0150982649242228
1.006119096850694
1.004349905391956
1.0014510266986876
1.0052712163918216
0.9990093969974178
0.921270287098718
0.9138783224163994
0.950163688299194
0.8878387455047492
1.0255269806553788
1.0336238371058846
1.026979930764421
1.0239184426707049
0.9914682803424263
0.9964573339341285
0.98811951144984
0.9922119114734338
1.0414325985134496
1.0289880077004132
1.0221308235819626
1.0297863620421548
0.9942114113424586
0.995086539404398
0.9938560738555964
0.993022125606788
0.9921195870149936
0.9907920268205624
0.9978816608910359
0.9889720254799981
0.9967593477249176
0.9972361820229251
0.996144652391933
0.9985646380879115
1.038885359462607
1.0229285281169216
1.0385013522341133
1.0201106713762675
0.9788542239742763
0.9918229463225279
0.9797697820648023
0.989807175184612
1.0031287800944406
1.003336509169871
1.003461911441654
1.0031596962084135
0.9987787205868975
0.9991249337356026
0.9995375056940059
0.9990474920442146
1.0010375719105309
1.0019838033107114
1.001164310935769
1.0014173231510353
0.9904675945276608
0.9915366192592928
0.9926643800483054
0.9945192203940827
0.9921729558021802
0.9873021370269455
0.994808684930714
0.9932035271701415
1.0019833768726905
1.002123897014505
1.0020574513398584
1.0016888062095153
0.9992559330822133
0.9995383921399178
0.9996339402075168
0.9992610871724116
1.0005659928108046
1.0003789750388483
1.0005804686889737
1.000560581057013
0.9991912512710805
0.9986508960324558
0.9984336663975233
0.9963266537988795
1.001189082023418
1.0010844602792686
1.0007663436199887
1.0007718953764597
0.9997221727707235
0.999854505162329
0.9998434294197339
0.9998768234403973
0.9999956295601733
0.9999754438357497
1.0000040260832432
0.9999946415596543
1.0004497774298056
1.0002299087529463
1.000357019531516
1.0002426565567764
0.9977007590184044
0.9973887296053366
0.9954297034828504
0.9951656627114812
1.02448772835056
1.0111122876402114
1.0127474531456597
1.0243273700168354
0.9968508660779409
0.9958027682836992
0.9978219425254982
0.9980460332942259
0.9940776474926847
0.9956982090071808
0.9950465915070622
0.9940816909636064
0.9987056377126813
0.9988290806634924
0.9987156767044977
0.9965002132025286
1.0003590542548446
1.0007490214440395
1.00053113739162
1.0008528663405518
1.0002777704376256
1.00022165888236
1.000259900985944
1.0005241163238885
0.9969774145545244
0.9958120132948556
0.9941301458963853
0.9962736070942438
1.0235962656362676
1.0185281764296317
1.0141349756874134
1.0340164909507743
1.0193231645140646
1.0102451637964511
1.0184080956961141
1.0240033990556716
1.0281285970210385
1.0479430129923641
1.0618564380547024
1.0593398616927752
0.9813436746866211
0.9876293005232218
0.9839752414524243
0.9908597736511638
1.000646252319489
1.0011775956635658
1.0008691316042224
1.002145190426535
0.9992935352819647
0.9995460286443697
0.9995863581194822
0.9996546761227075
1.0005848493395804
1.0004777392631916
1.0006066868636647
1.0005679819886326
0.9953889327473409
0.9947283888794759
0.9967428674607431
0.9944430218979848
1.0107486206016987
1.0160466132066237
1.0360788940997847
1.0343457510410627
0.9961718722467939
0.9940799679357172
0.99624320295108
0.9954242417250942
1.005294474884797
1.007482751744333
1.0038198497086417
1.003559697581486
0.9575839243620228
0.9824639328895366
0.965768322117331
0.9846541752115038
0.9621946057371769
0.9385804100983582
0.954177125566963
0.9887879174495665
1.0251656052709424
1.0355923247041054
1.009998638673815
1.0168882129610113
0.8209601649129326
0.9010136415420102
0.9040244323465738
0.9414680051018166
1.025851858919605
1.0257248533829812
1.0256643091782578
1.0292910264878146
0.9881744930386469
0.9317811141510902
0.9372271323342426
0.9273749474716589
1.0355971372283663
1.025628451195908
1.0696298826783766
1.0517983207426869
1.0143593267832858
0.9980370912865539
1.0032374312533718
0.9943537128463174
0.9997299104490359
0.9990421687195801
0.9993067397969514
1.0007096267076399
0.9991699570362784
0.9987654570549682
0.9987486053943736
0.9994305065852603
1.0055590565614267
1.0006947754500188
1.01036130648093
1.004558749338504
0.9991353967971816
0.9984680991288617
0.9985615562693966
0.9986989789058441
1.0058941930607057
0.9976407919521191
0.9972563585806891
0.996310346606815
1.052035779555501
1.054305773085084
1.0444117434334252
1.1003193537750255
0.9951255270471888
0.994575322987909
0.9962747984463021
0.9957283807635177
0.9997847376318909
0.9989533481948726
0.9992364052383245
0.9998001325544984
1.014835462896228
1.017009871181328
1.0171230837217713
1.0166136710530398
0.9943408207130685
0.9957036518041203
0.996027463938947
0.9937101432835438
1.0104018033604947
1.0113143801753501
1.0148141582638708
1.0159193400101934
1.0076799734623272
1.0303593315314294
1.0277876228447218
1.028678638902002
0.9945618212548357
0.9956609171023151
0.9957198558839456
0.9939913128186436
1.0038284589510906
1.0113387431575145
1.0077255694774998
1.0099082074340304
1.028031734563646
1.0261591089175326
1.0211985768879543
1.014792957185758
0.9839596966451694
0.9493063918391913
0.9637036020760631
0.9427554824144848
1.0493436804037684
1.0632039490356537
1.053988953984576
1.031762635367515
0.993065571827393
0.9938919450133924
0.993929382435556
0.9926642593872901
1.002240025540605
1.0018146309914575
1.001328268394476
1.0022872766335582
0.9898501203291741
0.9907097191197659
0.993153855007289
0.9991449176000154
1.0011309940659316
1.0013640442370133
1.000708891826884
1.0005863100596648
0.99981643882682
0.9996913423394457
0.9997603103504339
0.9997149944474444
0.9999911165638427
0.9999641195240905
0.9999773890370872
1.000011940278372
1.0005944680498746
1.0004195955832236
1.0007641533961205
1.0008092837548486
0.9942422128858606
0.9903047828040705
0.9945940824665964
0.9941442033225443
1.0611605039524308
1.0421352919085787
1.0412258429723544
1.014766336772104
0.9724913544747581
0.958217959446211
0.9433234580893234
0.9050730867822346
1.01260422746394
1.0164682974289145
1.0095796142728302
1.0155614557268138
1.0033806007318384
1.0078725127340193
1.0072131931825665
1.0142147956211331
0.9931492396825636
0.9942508037808948
0.9928685018595906
0.9919958731655271
1.0214998713653667
1.047117451926787
1.021505981844949
1.0508443680429904
0.9876112108541393
0.9869328334801162
0.985264000747303
0.989350854286308
1.0022431092654172
1.001545576094413
1.000887251371479
1.003045671368242
1.0009532473226872
1.0006967348277664
1.0009206451575623
1.0010750232128245
0.9820331013922456
0.9921047650543072
0.9957248623837003
0.9862763441336535
0.9999647167345792
1.0005763785211192
1.0003810120476817
0.9999255408661161
1.0330607780274934
1.0271170568028307
1.0201847682974423
1.0050422762324045
0.7521464804245266
0.7899759094974275
0.9294770557911831
0.7964080360682537
1.061541398628651
1.0642842924736016
1.0812894189917615
1.0475356953935426
0.9957990870269275
1.0000910439966573
0.9976018715933821
1.0025840389024328
0.9152101493423997
0.9688462272028165
0.8945426224267454
0.9030285588434912
1.0138368692966608
1.0090385281624454
1.0171304522957474
1.0236365400084044
1.0144207467880557
1.046385637440968
1.0621382906208825
1.0338933458815425
0.9945863386541951
0.9924494051720673
0.9872367753424085
0.988109258816377
1.006745252442046
1.0048127207611053
1.0059731890103907
1.0065734583098145
0.9835931036635875
0.9839094702382429
0.9720647939162839
0.9787939070570609
1.0686998131678815
1.0500118296235452
1.0330011250297797
1.0576475237731737
0.973627152614025
0.9663407452575453
0.9848606855648108
0.9807144727907751
1.0066753433392843
1.0015451075113946
1.0060628315687763
1.0064524997028685
1.0016789548443141
1.009232714174092
1.007632988118914
1.0171226375929658
0.9959917353655959
0.9947997879852868
0.9975574647929718
0.9959446604660588
1.0013185462570469
1.0029077493073493
1.000704734173618
1.002961552591603
1.0124682107570822
1.0135458156679669
1.0212340315466493
1.022736870275764
0.9958001468589301
0.9941997122860666
0.9949508281591254
0.9941991630340238
1.0017914012178797
1.0013354464704092
1.0012523609454747
1.0010810011582323
0.9999647508041157
0.9999182247061336
1.000078969655787
1.0000050188364478
0.9988451447154346
0.9984882854065381
0.9977327651281523
0.998307072753666
1.0081614540962722
1.0286780386406789
1.0200590081971044
1.020167260878901
0.9952620735319723
0.9968119715858577
0.9994019367142222
0.9975944230654905
0.9671586249815739
0.9458739265762363
0.9599808994746013
0.9806247185042396
1.0053549189055122
1.0028172099352595
1.0083285385688112
1.0029598374170772
1.0132460237122436
1.0065114613039243
1.015149497426744
1.0202770753637531
0.9972879383101054
0.9989959362533914
0.9971354247471872
0.9971360440390963
1.0007381373655724
1.000749338065576
1.000459992129917
1.0002893646516757
1.0000083428746975
0.9999852886871176
1.0000022138793363
1.0000062889762709
0.9997409473873977
0.9995380755207899
0.9995790716958596
0.9994827089394915
1.0046506819671803
1.0021420264813738
1.0063341801328016
1.0029012023860504
1.0008412989524513
1.0005239622118045
1.0019832341321742
1.001490571881963
1.013253284305119
1.011465418113657
1.0145111995374798
1.0075525195247712
0.9919443934592487
0.9926816516118526
0.9864207421256327
0.9868131675037035
1.0367892601035174
1.0501959904168903
1.0461780227817554
1.0638104892106774
1.0026471870415736
1.002318589998221
1.0053371803871545
1.0086552534356625
0.9979841328772104
0.9975909192591345
0.9986535914763218
0.9978311674786539
1.000526640182118
1.000392211287624
1.000445137866779
1.0005583350981444
0.9998872193803122
0.9996873403923865
0.9998793080567636
0.9997950237464285
1.0016178445631934
1.0001270001588225
1.0001307009153375
1.0019304528331074
1.0014622777446933
1.0005046717493769
1.0010092302295728
1.0020607298026598
1.0000798865707634
0.9999993644666694
1.0000895020401854
0.999978712683899
0.996904101996262
0.9949071196978734
0.9961118830748379
0.9878999799306766
1.002999721211166
1.001547352907401
1.0025755238166765
1.002124131380482
0.9979906803423266
0.9991990535864405
0.9979380749659365
0.9974766760666981
1.0076566536978393
1.009084606439015
1.0046627732903715
1.0049297346163824
0.9481438554703736
0.9755759680285705
0.9500677342437966
0.9506735148779503
0.9899792600340251
0.9911546831656911
0.9906277471919829
0.9965788255577075
1.0010074833814084
1.0019209533941258
1.001093608417464
1.0017768711293635
0.9992226482889638
0.9993820816047942
0.9994793965017644
0.9997033891584689
1.0003847297706425
1.000372548870215
1.0004884943639232
1.0004700385551293
0.9984969730666401
0.998285766115756
0.9979275422989445
0.9982166066859901
1.0100516104944803
1.014360611716676
1.019241398069545
1.0040493487807185
1.0289451080926428
1.0180326939056292
1.0302495045251168
1.02155358250999
0.9964289558222007
0.9961858468121259
0.9962945699545077
0.9978909859281584
0.9746972101536698
0.9586473735035429
0.9863760659216616
0.9688127230799337
1.0094278516136643
1.0091999526906978
1.006079136172012
1.0072628231539
1.0019963922905755
1.003761712459023
1.012277645548117
1.0181398552530434
1.0586425457902549
1.079511896734034
1.065962887901503
1.0719959141245865
0.9850394874299104
0.9773744084293715
0.9874324141022095
0.9852526117589078
1.0016566607452941
1.002945467761149
1.0068092523901164
1.003893333664223
0.9970218059976422
0.996393382828437
0.9944538187152031
0.9966501767664038
1.0290269962539182
1.035112999025466
1.0180017281426421
1.043041748040555
0.9961810535339523
0.9911299963345115
0.991460197764697
0.9910188083875451
1.0020200197429028
1.0023683754603352
1.0008122729822473
1.0014006642043904
0.9995627148737528
0.9997670094971414
0.999682381696933
0.9997685622093228
1.0000138925226554
1.0000358276729138
1.0000477397372634
1.0000070700144876
0.9999980634169165
0.9999989255871219
0.9999957729009351
0.9999963683269129
1.0000010695932022
1.0000011475075998
1.0000011270073064
1.0000008702362195
0.9999995973647571
0.9999991174930852
0.9999993628101846
0.9999992883134368
1.0000014781399
1.000002569656358
1.0000006686679863
1.0000025617002979
0.9999933121921077
0.9999862490038416
0.9999859779314537
0.9999854551787455
1.0001080389667756
1.0001784265113252
1.000090048666335
1.000322609695579
0.9991959108013225
0.9989403425882967
0.998421757892602
0.9985910825997562
1.0063902432230563
1.007571819722256
1.0106640135122542
1.010771208681335
1.0031984780322412
1.0012548836458617
1.0039269478606947
1.0016337222274332
0.9997299337053749
0.9997061801631442
0.9995887925463134
0.9995675872158095
1.0000879524566357
1.000109793247511
1.0000532406060414
1.0001178465925753
0.9997764854719837
0.999842916414928
0.9998827439283184
0.9997624656592015
1.0006811815381336
1.0010961378244991
1.0005771510514925
1.0011299273192933
0.9919717059816081
0.9861745344806084
0.9846195166675664
0.9935941883669295
1.0024005504054352
1.001708123883921
1.00151573913728
1.004018043098044
0.9991007016748759
0.9991039959534959
0.9993518918299432
0.9994712366411753
1.0001460708313787
1.0001382147144313
1.0001243378186335
1.0002393854214429
0.9999542944780478
0.9999826684587907
0.9999682700810066
0.999958987989427
0.9998702806451778
0.9998835133617885
0.9998886923190763
0.9999386698754302
0.9999163091501678
1.000953722819849
1.0016808206647214
1.0001521751180051
0.9797132302652651
0.9766884554922125
0.9804875924073654
0.974682176111355
1.006248049328139
1.0104982569494616
1.0046256188388414
1.0058184234294159
0.9847350475998815
0.9899700981384552
0.9919206190360197
0.9852362699300338
1.0001154409053823
0.9986947783304982
0.9982790583622648
0.998512690842862
1.0007338262281593
1.0008302104315667
1.0002981828550699
1.0004709126132802
0.9981267786555033
0.9968405357855599
0.9977896379462614
0.9974375738688489
1.0236544891243993
1.0168836057041295
1.0090862062107389
1.015855135626214
0.9141845311576553
0.9459293557182055
0.8848998682862084
0.8910774501004746
1.0031285971014494
1.0123838893357056
1.0176461723844508
1.0214372016218805
1.0015797244849354
1.0113872513980848
0.9987497420249994
1.0115467348133957
1.0409076666344383
1.038931807156777
1.0312799593244022
1.038791561402054
0.9712198257404411
0.9912919748256823
0.9814084496331715
0.9774632340110511
0.9874858836525704
0.9916659011699142
0.9964384876816857
0.9869788461081064
1.0186093653958848
1.011649559934561
1.0062244094572694
1.009722259829839
0.9986005684555287
0.9964370364256036
0.9959831336682454
0.9978201923746091
1.000513469092824
1.0007096360027052
1.000586904687412
1.0003139436988153
0.999977412166417
0.9999823744641213
0.9999968753596014
0.9999832695733718
0.9997599875204289
0.9998018827984405
0.9997311264192509
0.9996444384947658
1.0016937712185086
1.0012522996658466
1.0013036377223812
1.0006229384379062
0.9925851100975942
0.9958993853936577
0.9927024620626348
0.9922803445940236
1.0299566640490592
1.0334599626280485
1.0217266792055586
1.0302988684876926
0.9886404484772155
0.9909173788796654
0.9923572580344486
0.988369401258775
1.0019797797402334
1.0011092916147195
1.0024853071956632
1.0023344387950395
0.997906206706186
0.9992294815210405
0.9974567061767253
1.00091862113769
0.9720158495795922
0.9632117952735753
0.9648466786105957
0.9739613018526683
1.0043277338133934
1.0018490836239229
1.0025065587959765
1.0029963988210684
1.0262318548788583
1.0280662164979861
1.01331942004472
1.0217566312125526
0.9938625053733473
0.9966261744367343
0.9934075124126901
0.9956752426769013
1.0007604687261409
1.000702095114169
1.0016607043328685
1.0014531692641397
0.9997018396462711
0.9997731229326908
0.9997035264006133
0.999681669434103
1.0001091941347484
1.0001929213499618
1.0001293728886356
1.0001279013054767
0.9994393658413775
0.9995445442868256
0.9998852537750348
0.9984629815189878
0.9809828097932419
0.9937924086803593
0.9755892029998858
0.9845853353156484
1.0123199409839934
1.0207336358869512
1.0269207458180898
1.0364748404587054
1.0011036958452082
1.0065745283545815
1.0160193981981864
1.0087055220558045
0.9979947129179639
0.9983304253235371
0.9984503827532405
0.9978544488675432
1.000342960710393
1.0005270941311237
1.0007740566523193
1.0004556225141747
1.0003003721255563
1.0002684569674785
1.0003495137063527
1.0001763860606934
0.9980484620421136
0.9984097265660231
0.9978050522330284
0.9976526611847886
1.0051837571217699
1.0181850884166845
1.0233820297451417
1.0050844756670398
0.9983637337492585
0.9978113792859132
0.9981136539338954
0.9976041805580633
0.9998547217953456
0.9999683852509093
0.9999071298981046
0.9998493293434875
1.0048573201930266
1.0025491984813435
1.001949049084294
1.0049793805407767
0.9983610029635469
0.9980032777160245
0.9956116061018097
0.9966719108408125
1.0025943718565153
1.0038975279650113
1.0130787754940214
1.0061783674466285
1.0160341429337854
1.0447733942272164
1.0209209052580899
1.0434222955669328
0.9942110580683607
0.9919792956382398
0.9945865706699937
0.9965017167533928
0.989107006970283
0.9915000351942682
0.9901573193501191
0.9761163818835011
1.0057267263735934
1.003135737390281
1.0050889847392548
1.005129575917526
1.026260288485681
1.0063871704558454
1.0220716897219655
1.0266397397640212
0.9753211443071621
0.9593021429250367
0.9768749351653687
0.9627781487230151
1.006052204492292
1.0085554574987783
1.0045077882043774
1.0086937072235838
0.995494919283002
0.9946285010218535
0.9952445554189647
0.9955186421835494
1.0115027839609745
1.0231774426015348
1.0305087707907372
1.0084422571936822
0.994929972929846
0.995823882712835
0.9951615239467523
0.9953824948112122
1.0011347232348788
1.0014699608719828
1.0006847197687077
1.002179257148669
0.9939217584416361
0.9965561002832362
0.9934966295830603
0.9954802718685866
1.0157902308730804
1.0475081343448132
1.0261966070726187
1.0465483232514878
0.9886834613191238
0.9812974471313652
0.9881859933731172
0.9958449236336829
1.0000672438443126
0.9996319931888227
1.0003555257544785
0.999721256003804
1.0000901771763029
1.0001087491862184
1.0000679671901627
1.0001127185034495
0.9996745716420591
0.9994793602405164
0.9996324146882251
0.9996081110939656
1.0032087825534495
1.0024663399516578
1.001673877326174
1.001723598824971
0.9879013957611179
0.9816926785695335
0.9788569693005043
0.996535631109289
1.0022081278206116
1.00230356556575
1.0004647211955395
1.0014696764735076
0.9995479164451133
0.9995555757437634
0.999517361952837
0.999634885924736
1.0008534887664144
1.0004637358879425
1.0008846991854359
1.0004401100434077
0.9994790617646727
0.9994182251456152
0.9995781683780757
0.9988941225423328
1.0106540471997578
1.0109237420922204
1.0083575089504522
1.012940478254422
0.9984484778586785
0.9971438088555986
0.9987905241839831
0.9975814974346378
1.001746819924161
1.0027689595967264
1.0023203716506228
1.0030300778707963
0.9913270380218725
0.9911491277303193
0.9839722188901904
0.9906747166852465
1.0541199989419365
1.0456495764839342
1.0666484755354104
1.0272317894292042
0.9890330433389933
0.9867694012921608
0.9847824826707042
0.9930674149326192
1.0003575713465382
1.0006291347628222
1.0003745018126804
1.000477694964304
1.0070691550524493
1.0027689915477864
1.0041927219193096
1.0061488483688779
0.983595573493554
0.9899719441772709
0.9534354335244312
0.9603119794459768
1.0046531776329817
1.0038350161351333
0.9972031638492088
1.001518303911888
1.113258445454274
1.0926412541420298
1.0692574150497023
1.1117421576194317
0.9593486944744963
0.9815401438858757
0.9824101406815069
0.969995665362833
1.0051367226872077
1.004700002255977
1.003181846941421
1.0036636233480574
0.9812262462308232
0.9837556732647936
0.9914648857090406
0.9858570175611551
0.9881820637041393
0.9940845823420931
0.9934186470254898
0.9970880594473961
0.9950816889826488
0.9963151072965337
0.9970619534592406
0.9968799954993778
1.0764106990272837
1.0259910514362833
1.0414345907037157
1.0805427072708247
0.9839567798270724
0.981657951425152
0.9763812629222869
0.9824174782233125
1.0347787380995006
1.0244164787798737
1.0417738634234401
1.04666752092935
0.9896397438055307
0.9901490255513734
0.9856307647801323
0.978874169342195
0.9998872984534005
1.0012528530763196
1.0003441764651213
1.0043344635524356
0.9751829279204676
0.9905454657634807
0.9683334040691682
0.9668416823066939
1.0208936091768208
1.0326017188226637
1.065002960210058
1.1042378094391674
0.96786344502686
0.9908308310519377
0.980204944612836
0.9718654213521309
1.0186774008294985
1.0187250145130575
1.0230662933230457
1.0129905950031455
1.0347073467447838
1.0344315323081494
1.0292211399460565
1.0506887744111193
1.000624029616906
1.0054660790402374
1.008368740562981
1.0047206340749157
0.9988606427408028
0.9991332702390909
0.9991440709001949
0.9983723935980393
1.0001321677147734
1.0003008835142724
1.0001574536040958
1.0002524704966431
1.0011858129034141
1.000791618688641
1.0005233763687322
1.0012270121948146
0.9963687353492545
0.9940694438634132
0.9939980750074564
0.9963553859079591
1.0173191042628456
1.0415758235841797
1.0172960367211759
1.0260108205759144
1.0056881895917813
1.00283590207243
0.9996493665578701
1.0043278852122506
0.9970343801106255
0.9976268104685521
0.9960523070060978
0.9984228025847398
1.0100470908810268
1.0070493080022627
1.0126617377856082
1.0141466001738169
0.9978623298783739
0.997447316465594
0.9981010288405742
0.9989997503357544
0.9870556324794687
0.993274781765077
0.9861886488398837
0.9871984850638693
1.0057837611921556
1.002657767084874
1.0056757638183371
1.0052268936188438
0.9860809599642809
0.9939916274880135
0.987257386721307
0.9945968220716821
0.995074246444561
0.9920304710329301
0.9893919241876022
0.9967656224924408
0.9989440863772656
0.9987626251212636
0.9986653719579224
0.9996488614670048
1.0003172901044153
1.0002733913594302
1.0005824758770006
1.0004066539261072
0.9989422169086701
0.9988453312696589
0.998930159229631
0.9987685655396361
1.003867181068611
1.0052922513122085
1.0044447526721896
1.0052033025006388
0.9959135309313352
0.9936837951658756
0.9897384420567988
0.9911293108588356
1.0543643587348563
1.0336331123070874
1.0759050943346429
1.0971459892316069
0.9842214600142671
0.9704056819884663
0.9753374712078644
0.9771049014181529
1.0017055881494588
1.0011432423175515
1.0000790016855465
1.001690382256917
1.0173941605624444
1.0187220945022166
1.0261881092333809
1.0098922496709144
0.9987138563192034
0.9991236950660157
0.998511908281884
0.9987747117504118
1.0004641068718096
1.0004653967800765
1.0003925561108014
1.000443901417725
1.0005902293346456
1.0002723150855686
1.0002691926205522
1.0004823195259118
0.995008465445769
0.9938125345263157
0.9954854056092638
0.9973202325903143
1.0008417774095735
1.0017130445228684
1.001685301299036
1.0023912419001635
0.9936296338334527
0.9951246329239819
0.9827280042835077
1.007375617865508
1.0725963605104374
1.0962241423916006
1.1167246502261285
1.0994576719154092
0.9876822776886717
0.9919398439221513
0.996217756483511
0.9948216093208833
1.0005387182079255
1.0026552590637583
1.0023013341756528
1.0012452524630204
0.9957666694972027
0.9966614719946295
0.9982842805855963
0.9976832926818147
1.0250355323909424
1.0060919626954787
1.0172739319435729
1.0093169337497003
0.9673899675393577
0.9036325338062057
0.8977938509574657
0.9408311026652144
1.0476505318305571
1.044374672355013
1.0310638300469535
1.0643015771869635
0.9952540394412291
0.9955725064449321
0.9907592078459038
0.9925325522079637
0.966559541483709
0.9699483349609459
0.9603523361502999
0.9520152016274025
1.0161853116537216
1.006420667503162
1.0076870528133457
1.00997391515346
0.997630349708872
0.9983094181861443
0.998425050057857
0.9981104495162683
1.000244647022513
1.0004368311744274
1.000575621591872
1.0005708593922364
0.9998422856258479
0.9999304901507906
0.9998913110589024
0.9998480094556407
0.9998501280473322
0.9998178926766575
0.9999070672239893
0.9996835391201447
0.9990464955125349
1.0036180743965486
1.0014285129482727
1.0048498517120394
1.0346253202983648
1.0207320591873246
1.0523530446514513
1.0629806414484453
0.9832064316688742
0.9901710018877231
0.9820034960892357
0.9891090521716576
1.0055814600576212
1.0049142099047816
1.0048197373216459
1.005690757450144
0.9802410132491033
0.9866309462508115
0.9891062731953378
0.9835879425004066
1.0390620371001593
1.0182213630545327
1.031615621235087
1.0456321242131243
0.9888775762487
0.9910200405632126
0.99140063853601
0.9953001644710556
1.000985470839649
1.0017299410820106
1.00192600231456
1.0011276427387048
0.9997858539064722
0.9994312441341004
0.9994127201294842
0.9994359418466149
1.0001798351027833
1.0001507286562783
1.0002206076245608
1.0001577394491339
0.999955535554948
0.9999163562208324
0.999901253555323
0.9998584400309342
1.0002309145573962
1.0002215050277685
1.00013913166799
1.000227405426355
0.9985034008242964
0.9978027061968089
0.9980711905440287
0.9979761689422016
1.0235976502614919
1.0119785936758623
1.0338498606011628
1.0328605440988567
0.9902259272126069
0.9831591821595871
0.9860713805843241
0.992818518971162
1.0369725777340413
1.0231394849258326
1.0400121576316133
1.0420230471473748
0.9874728228751745
0.990028131604037
0.9883416804542424
0.9841704933672957
0.9982526636277957
0.9942534702572126
0.9963567323797626
0.9942322052562101
1.0024084948613319
1.0020698297604176
1.0029596293977874
1.001948472874104
0.9961677837991527
0.9984788068231937
0.9992391633115523
0.9969408077084619
1.0170476401724773
1.0187044456780456
1.0254108942643625
1.017376795067957
0.9927307778620029
0.9888583231013228
0.990580632733861
0.9800638684214579
1.0064063704711634
1.011938391365674
1.0078311418677497
1.0075246064777257
0.9977673891001301
0.9950578684652733
0.9943830895116575
0.9944609430778536
1.0317134562372297
1.034902855113619
1.015576534334638
1.0270407714472787
0.9916687384813445
0.9927337657076927
0.992486308785048
0.9903382955829025
1.022850342195996
1.0155715814485635
1.0222243248014877
1.0232169118552001
0.9996414801587803
0.9994256644707576
0.9996007004944317
0.9997629312069033
0.997339399468597
0.9973960027819907
0.9978027219779202
0.9969299217455007
1.0353229528619776
1.0300746711306994
1.0089312170419755
1.016108518897136
0.8983388268350715
0.9273682742641793
0.9406814775427059
0.8754741129936559
1.025334513119054
1.0328783289577168
1.0181523796432341
1.0290461311615442
0.9923708525704268
0.9939694105337589
0.9948011705946511
0.9911239314392045
1.004732525148044
1.0032934064679568
1.0039467145651617
1.0018738787946893
0.9983603001629149
0.9972792335198969
0.9975466022088485
0.9966179726813882
1.0273872472133492
1.0245552481530893
1.0052613334219633
1.02239447383816
0.995429757831328
0.9942644548687795
0.9887368173906308
0.9967399982456274
1.0005143305313198
1.002350550640036
1.0021779529573176
1.0015011424312343
0.9997158062495674
0.9996456457283247
0.9997403002765637
0.9998604049616715
0.9998113714006999
0.9998042376429035
0.9998279401010742
0.9999241181811518
1.0009484978698857
1.0015363357926692
1.0013560632148173
1.0017025654081577
0.985941225163551
0.9764999141837905
0.9812503798403674
0.9717483063688572
1.007664993356999
1.002824718945096
1.0087601550475158
1.0067028557428688
0.9982669587362465
0.996930554316548
0.9960614570061656
0.9960969113762898
1.014568877510296
1.0107327300429858
1.0199027763795687
1.022610746938839
1.0113246854858824
1.0133942813335577
1.0096941689440784
1.0056500796337002
0.9893177513951176
0.9976010165644438
0.988777353212144
1.000008865859278
0.9859677006258595
0.9835073140399283
0.9762997325509611
0.9610069466338802
1.0324764994224038
1.066019374868452
1.0393982644338797
1.0549169771955182
1.030872109221804
1.036276702466835
1.0305462118786797
1.0113047287702186
0.9884660447188975
0.96958611439224
0.9568346290214506
0.9889625519286602
1.0028830511564077
1.0037010784485867
1.0050472612416805
1.0047711059041948
1.0002779007339546
1.0004354105661775
1.000356127680851
1.0002431620967267
0.9913255231500243
0.9949718506307087
0.9961866648774516
0.9896920329920064
1.0573541117530545
1.1115906193228333
1.0626431153806852
1.1154836910625079
0.9561450130850186
0.9764031797311389
0.9648131195547682
0.9869892411909235
1.0060468111482705
1.0054049731282195
1.0097493223565654
1.0066646664217753
0.9907007208956652
0.9843554323127592
0.986200664658826
0.9770982790130393
1.0944143994119193
1.04188212311819
1.0555977204174678
1.0927451519790785
0.9969433542140407
0.9851890117487526
0.9874683881871017
0.985726626325042
1.003046409519896
1.002715691788096
1.002060047612871
1.003022301767144
0.9991498936943902
0.9971064856539184
0.9972034690699046
0.9965351113098454
1.0131705518798062
1.0088523760832149
1.010130561026617
1.0095874633571695
0.9874325798151017
0.9967592950024127
0.9803181405180288
0.9762852724482942
1.0999162362168966
1.0729217173492862
1.0451419666835955
1.09745656228776
0.9825129849514274
0.9817700725330696
0.9849421881612664
0.9821168567404045
1.0034873426069597
1.0058474268588764
1.00413510240534
1.0067530225954733
1.0059621980169096
1.0051661648956578
1.0034264183072685
1.003399302151581
0.974192848297734
0.9584432705669688
0.9688366157127217
0.9508618387553733
1.0120032889783788
1.006176683215087
1.00981480806369
1.0128168426160165
0.9972288696378362
0.9969519440525568
0.9966129663794946
0.996826730435678
1.0005457404623912
1.0008134769245605
1.000482150545444
1.0002767245965825
0.999788898378363
0.9997853909719256
0.9998567534469287
0.9998507660701573
1.0002908849658172
1.0003046285014439
1.0002991430288724
1.000193831015619
0.9990056887916353
0.9986634499975652
0.9972752500351177
0.9981314416540602
1.0052669415991211
1.009385853398325
1.0063989570137868
1.0106062137400107
0.9540065113719539
0.9042953885420565
0.9256690741956245
0.91424779767264
1.020567928937114
1.0131247289355918
1.0249855537694013
1.0208604468609108
0.993451695767513
0.993706713853607
0.9972142346693939
0.9971618609929391
1.0021772438716796
1.0056119159498984
1.0098075492845704
1.0067071043941829
1.0018477831710817
1.0019087333308248
1.0042085629628963
1.0015489157344273
0.9990502194452618
0.9991232270436182
0.9994658495742768
0.9987517600580458
1.0011403186629313
1.0011985988841965
1.001627915285963
1.0021033421147454
1.0032166791538744
1.0031867431482
1.0029759133492122
1.0033195825302006
0.9874542368382898
0.9927079223037222
0.9813435079271804
0.9796347528765129
1.002632342864243
1.002155393662425
1.0018895829301593
1.0012343289005732
0.999762257820685
0.9998720895425448
0.9997858775279721
0.9998835658498659
0.9994908730827058
0.9994374097017528
0.9995166696033962
0.9993151038506174
1.0001258842344263
1.0070194191575526
1.001259577767072
1.0057661492814653
0.9913256971160114
0.996486608218365
1.0128866881843288
1.013606193178064
1.0209346388932445
1.0979918582734396
1.070275196444249
1.0210945550604376
0.9885460575671863
0.986149363551628
0.985981235488921
0.9919529108555769
1.002671590195832
1.0006516148850304
1.0025083748326615
0.9981744545707699
1.1026222378293455
1.056953813822299
1.0261710059605822
1.0968108361539963
0.9137976971353227
0.9143952703029871
0.9365457688146245
0.953979578302356
1.014370349896368
1.008235455006303
1.0136301378429344
1.0099587154647691
1.0355642643535892
1.084368295824172
1.0646660513514392
1.101755007371394
0.9815630095892893
0.9913493122254352
0.9811380369239973
0.9801696399137855
0.9704968240593682
0.9497111156554014
0.9377644309458096
0.9474937277258537
1.0116121423271314
1.0206280336299507
1.0169583558386661
1.0101427688462763
0.9860602891696583
0.9916320627082795
0.9815227519413002
0.9973561659089972
1.0692070752930167
1.0880185015265065
1.0790864483221796
1.1004424698838557
0.988347895815564
0.9820153956947363
0.991686286636523
0.9823099966559139
1.0025338294829527
1.0031276497361257
1.0048573702590826
1.0047949535653506
0.9986546472494738
0.9987962006665052
0.9974562433042171
0.9989614127548452
1.000121894863079
1.0000861626700908
1.0002157309683235
1.0002352450088086
1.0000776854530637
1.000100799780824
1.0001240717371187
1.0000511588337493
0.9997267563288504
0.9993052549175518
0.9998035838489353
0.9991791385076889
1.0046443964018517
1.0041341294381332
1.00274313253373
1.0019193880130897
0.9781974779377852
0.9711880019624434
0.98053509904396
0.989725926298149
1.11267439298214
1.1645693636178733
1.1393299847973006
1.0594293544873858
0.9835264808908315
0.9866165832594505
0.9772285033120104
0.991525287267698
0.9962028642107797
0.9871463151641653
0.9949365721977245
0.9906667407700608
1.0002266682757044
0.9987724424795656
0.9993481248539577
0.999509674014686
1.020592306846259
1.04368453338013
1.033045955396356
1.0440940529546348
0.9935218959640839
0.9963245982529139
0.9915369731460789
0.9924431141797218
1.0166956406762753
1.0154064674122039
1.0166593537225466
1.0043330114815359
0.9987996593151743
0.9995660220314906
0.99742549468117
0.9985284933621905
0.99068901293572
0.9962891761439817
0.9888372665990883
0.9867389370789835
1.025392296185034
1.0901156646986603
1.0765652420413752
1.061173027369329
1.0282705772586227
1.0066102611869672
1.030121445905634
1.0004708511268083
1.0062782687116156
1.0068039787735508
1.0058110129974207
1.0021789203075633
0.9170996823103789
0.909590854581207
0.9362868306475789
0.9065743431593082
1.041889648144945
1.0182074032454904
1.0307141130745767
1.0248810547794476
0.9866296715385975
0.9655207871872702
0.9875771887946869
0.9689155921949644
1.0004046383342344
0.9999960056345708
0.9999025487845319
1.0010416184638378
1.0183098303540836
1.0216419506119288
1.0068762426170152
1.019448134018903
0.9936445161438963
0.992794966680495
0.9932742335459103
0.9942158229287081
1.007707760400413
1.001955072399285
1.0040523828930656
1.0040777651938593
0.9639059463420812
0.9616757555404433
0.9510518568631443
0.9582014777177359
1.00534652954756
1.0066301606521004
1.0034544465422632
1.0074683981305328
0.997498466202405
0.9960944528004257
0.9978177042972898
0.9969160627162569
1.007442225262758
1.0074436920399523
1.0152531824730244
1.0052571014992515
0.998138647690297
0.9994428127178345
0.9980659518893247
0.9981068739876465
1.0004482408309203
1.000154419823631
1.0003133887000966
1.0003412723993819
0.9998752604581662
0.9999253839538763
0.9998826375606841
0.9998716844622717
1.000702944389485
1.0004174294648456
1.000297610634839
1.0005141401820734
0.9930618653941913
0.994421563794873
0.9956282696673572
0.9875968032803303
1.001879225900258
1.0025560655518364
1.0020913000537848
1.0013135223683722
1.0036741840863799
1.0056371659835488
1.0046939638281243
1.002226708282532
0.997278720927715
0.9996156355844816
0.9990373691040277
0.9966950743871514
0.9990544904381422
0.9996025792006004
0.998035264276979
0.9985582026999321
0.9890189607025092
0.9913523414170519
0.9901091312331869
0.9959948508762035
1.0022852446596417
1.0034757036673887
1.0034083483395095
1.0030781161417657
0.9693963866273169
0.97325911068611
0.967933445348916
0.9767450951011083
1.014036306920358
1.0112684444802849
1.0050423306158205
1.010364370707831
0.9883502601422353
0.9874233680085526
0.9908071004858062
0.9805185963550699
1.05964047485605
1.0582223565937496
1.038716017952026
1.0705447820783835
0.9857263993374901
0.9812030764632454
0.98286428208135
0.9878733821246881
1.0006394911758525
1.000926146074371
0.9997574374320871
0.9999899240580874
1.0307233022983369
1.0338845898588656
1.02641819990698
1.0198522371449137
0.9933301504837367
0.9908033611086569
0.9863697023881016
0.9904287087590854
1.0116459763405563
1.032021864238611
1.0285931112573612
1.0295133786438673
1.0165402551680984
1.013309312521509
1.0125032087653716
1.0103035285181945
0.986975582247314
0.9934596737493704
0.9914530870288341
0.9897038138387212
1.046729184709547
1.016524389437851
1.0476893998346755
1.0572987519790458
0.9891406425158862
0.9911895775279008
0.9948018702829252
0.9948248417974458
0.9439545271020843
0.990704959647159
0.949198813042725
0.9765274228627088
1.0057827704172804
1.0055062885044108
1.0047491756657385
1.005608096504541
1.0007053732379816
1.0003116581292526
1.0000834668062035
1.0004712483949816
0.980766679247678
0.954636022806265
0.9712176498020767
0.9741992329885172
1.016699716578525
1.0281621468990354
1.027302910969027
1.0378259303688726
0.9902664018868742
0.9944472187845326
0.9929711527670083
0.9887101499132603
1.002236897703671
1.0024452269423472
1.0027788126984043
1.0035141388928774
1.0060162326213653
1.0065183781332838
1.0058286048539924
1.0034925601726796
0.933615423108792
0.9576103973138942
0.9606784559116719
0.9489889387180112
1.0009750294241695
0.9975449499860901
0.9949726978041408
1.0017549564928356
1.0176445674415953
1.0283530174190925
1.012965650980578
1.0177989140591828
0.9938040062647787
0.9920287320466649
0.9913263252646376
0.9944123635739809
1.0123663840837769
1.0111943911712806
1.0054552019203506
1.0071858672505487
0.9488051400101444
0.9601898884405055
0.9438999667713327
0.9608401665808379
1.0691475348279096
1.01641377877602
1.041213694745752
1.0522987399814945
0.9843593305535556
0.9830158225579417
0.9913607082219293
0.98481654283121
0.9904897668402831
0.9922434044991618
0.9944381656165051
0.9928135035283328
1.0066596771601075
1.003651140832827
1.0057195823804401
1.0050626863125278
0.9903359358680978
0.9874612702681925
0.9873137012819916
0.9667302505123507
1.0065856769920265
1.006172584311954
1.0046961516314408
1.0068159145626343
0.9975512743536409
0.9972228124640018
0.9958303708398568
0.9970202126614429
1.0152602048695047
1.0069782451973992
1.0097777982904628
1.014476960086301
0.9978916641017207
0.9987808614824862
0.998331291225835
0.9982968179696965
0.9997430274834469
0.9993475634571775
0.9994543733252048
0.9995796203735408
1.0095073777995325
1.0122147884831612
1.0119763581638002
1.007585430779291
0.9921092436842195
0.992109276904817
0.9903401392627842
0.9937220404027172
1.0384646847515961
1.0091235999727626
1.0283141256209514
1.0535810829412182
0.9412202154333401
0.9789746641689477
0.9870517684561039
0.9225423157259345
1.0029650092444407
1.0111687225804171
1.0137703293546085
1.010687633114877
1.0650147372776235
1.0624668567226447
1.0255657056127465
1.0562478432597644
0.984668760276939
0.982174932263038
0.9918361216661494
0.9920475299400912
1.0276829089149544
1.0600925367805634
1.0825649263954784
1.0546316107021019
1.0140934042642633
1.006613602028962
1.02168983399658
1.0062740407588562
0.988427173289272
0.9843964797381225
0.980415346022577
0.995291141488751
1.0052353531557099
1.0048885510696748
1.005196766564502
1.0031944017671492
0.9984408528745712
0.9988441957022081
0.9993221010200068
0.9993848898813537
1.0018344575011606
1.000967968970234
1.0008230217028737
1.001329425210351
0.9914726204502189
0.9969142247547176
0.9925051680552126
0.9897206997408359
1.002478783640198
1.0036350641421947
1.0018002785066595
1.0029178097410072
0.9979468892129825
0.9982458299873187
0.9981562343536948
0.9970780652556044
1.0134743200177088
1.0418486223234136
1.0100792363808706
1.0308229515171066
1.0226702345345493
1.0370484367683894
1.0634875524723169
1.0564824233517403
0.9913300338951918
0.9923230298779798
0.9904671264396225
0.9919414263435129
1.0002642991654103
0.9993348724514369
0.9992647760658211
0.9992783180874255
1.0110048543084496
1.018019026543228
1.012048517205581
1.018767134766515
0.9986869325656924
0.9995516589555088
0.9999981073768901
0.9999303469246545
0.9562922124995551
0.9680366711291568
0.9648555373925181
0.9794475149221654
1.0065473870820267
1.0034150972233375
1.0030788527805161
1.0048919443935984
0.9990671320979077
0.9988724670033422
0.9986595617934533
0.9991356906925364
1.0023979276277661
1.0015822773757568
1.0024476593499525
1.001758126520103
0.9874201346048681
0.9902501746876351
0.9880314157467861
0.9913879538137859
0.9891049024598378
0.9807992736011267
0.9865889265079372
0.9935262976579223
1.001123760148618
1.0019056729331206
1.0031673010184698
1.0019729611220232
1.0045193174676352
1.0030769433310047
1.0031494300065058
1.0049262400644512
0.999725917179208
0.9994680568935789
0.9989242535903469
0.9987572522144798
0.998796447282406
0.9965189696685642
0.9981462194387621
0.9963535796673668
1.0476521194941149
1.0571907370749771
1.0256855808782086
1.0503076405771306
0.996216432633321
0.9956198761587373
0.9944749674348373
0.9924676677076857
1.0422817671236755
1.0077945850417795
1.032122279934981
1.0370187357632892
0.9878205566029977
0.9913832900308656
0.9932546555480003
0.9915826559395707
1.0119003205063706
1.011759595147111
1.0095371541949862
1.0071480731344529
0.927873915549337
0.9624861320920713
0.9393223136850879
0.9731309441696975
1.0011361192297235
1.0026237255836603
1.0008757444564458
1.0013592185417957
0.9949813488406447
0.9972900658269976
0.9930216762350239
0.99490320981009
1.0014520246612197
1.0014524623078571
1.0007277614617478
1.0021268280523303
0.9978942943833693
0.999772675757956
0.9982429600915547
0.9982320975061847
1.0000914315758345
1.0003166720467662
1.0004142549933224
1.0004607916661918
1.000024328380296
1.0000580636076841
1.000040681258409
1.0000171948132135
0.9983946314130134
0.9981730042005984
0.9983365282952036
0.9987280367591839
1.0094589307935549
1.0085302847280464
1.0085820048158194
1.0042725476053833
0.9988708466118245
0.998470274822438
0.9976858633020526
0.9978197599988483
1.0005456418186185
1.0006823839370271
1.000281801553424
1.0005035211177489
1.0000474257033292
1.0001504723037589
1.0001018388552956
1.0001140445467767
0.9988342753168369
0.9990130271909801
0.9983296485078099
0.9986946756710892
1.0057685631232458
1.0102468111447653
1.0414866946277554
0.9991143383353094
1.0150456934227248
1.010719887134558
1.0151560679879117
1.0062356941757191
0.9976739044244818
0.9977269302667771
0.9983177430171397
0.9973879306909943
1.0008923228742421
1.0010029259117488
1.0003799956263142
1.0008370185024158
0.9985817803672806
0.99706605306281
0.998173269062434
0.9985541448932285
1.0189150048192537
1.009342815756525
1.0138555347455014
1.007949317265678
0.9598505600326414
0.9675875567693388
0.9843833043905575
0.9635587455833308
1.0129741702658055
1.012602134359689
1.004197620010782
1.0034748349038611
0.9846380591139196
0.983467343465072
0.9848685767645651
0.989646867461861
0.9990692786115922
0.9998725035884117
0.998069031547217
0.9992614901926371
1.0031235615355267
1.0041308598852645
1.0045497709649962
1.0029418872891829
0.9794608879534945
0.9773643378383693
0.9804088809810568
0.9845372290394054
1.0015368159097597
1.0152065957312175
1.0170085338537407
1.006484672845136
0.9571530906996543
0.9652596254137535
0.9578557291022748
0.9706639149536641
0.9996816555740301
1.0001253216961312
1.0031900903362856
1.0019365818468673
1.0410634342652427
1.0614465314510628
1.078647449818572
1.0259074952498992
0.9852675797456457
0.9827496462223907
0.9822781954503316
0.9835563056268171
1.0116852418992333
1.0352574723677428
1.039761073073238
1.017107129875167
1.0525201393575516
1.0212124903531394
1.0362154657922107
1.0316129252426234
0.9186369826862405
0.932586433058638
0.96905375418117
0.9312471600445684
1.0156262023144211
1.017181588068074
1.0165106249964853
1.0140353193221385
0.9955372461160809
0.9950117596121639
0.9960884120459003
0.9969451570064383
1.0007052969686854
1.0012036290402055
1.001338812108969
1.000909630015733
1.0003186357169607
1.0004924954645718
1.0002993666604876
0.9994169637265349
0.9901529310549789
0.984272536712505
0.9873974123327017
0.991630106875036
1.0066759419008124
1.008142785913771
1.0061989397660833
1.0063185685743508
0.9984531299170276
0.9984998037915341
0.9991205299220061
0.997807563658868
0.9997109373476379
0.9998218036832808
0.9996930187945103
0.9998454078508211
1.0022356143346476
1.0013505379527636
1.0021954972272564
1.0041072094611756
1.000296137756723
0.9997471972219152
0.9995119007538253
1.0004577763106806
0.9999437504768085
0.9999068888665205
0.9999634775753915
0.9999617076783621
1.000078710518124
1.0000152885091813
1.0000794055858773
1.000058298859288
0.9997373561428473
0.9999217853051292
0.9995044656288585
0.9998567019616983
0.9981105746251882
0.996760278972528
0.9942575496791662
0.9961992507581792
1.0342301660303872
1.0389026989715047
1.0369190386691745
1.0537545245654607
0.9818232297529255
0.9935825651979403
0.9793227093720854
0.983748269923816
1.0058142832129315
1.0088828903206761
1.0017412375222554
1.0051214223652256
0.9900151906966136
0.9867636678789928
0.9925663527076388
0.9922144655080174
1.0035950663773925
1.0053572499431747
1.005242198175217
1.002585732865425
0.9981336352270532
0.9895324482323904
0.9891402562004269
0.9888921013300058
1.0436534371849406
1.049349775098899
1.0591827439147081
1.0919889446081592
0.9996503918535881
1.0224286784566428
1.0192985405123636
1.0240929724416667
1.0100120504474939
1.0204196334084
1.008447461239692
1.0147867410231861
0.9070531152002521
0.9199801837552284
0.9390657431079792
0.9075376019162488
1.0110730895463838
1.0518858126008601
1.0206380522887941
1.0224242692925205
0.9054879601311184
0.9254325396533603
0.9154195711913551
0.8911000061023719
1.0209712790244687
1.0187100855297138
1.0435742958748375
1.0410938599178219
0.9822481396527688
0.9927673321168494
0.9906069844571918
0.9928466898173838
1.0000278237441977
1.0007994003438967
1.0003568398150986
1.0002449399396718
1.0104465586820452
1.0165336225492287
1.00842301227595
1.0173452102644107
0.9935548413057176
0.9955870395522876
0.9934925298462198
0.9952348542773293
1.0177924743361106
1.0055266051422758
1.0278464581930382
1.0298773612361687
0.9942114358950928
0.994293182235491
0.9939566735041224
0.9909821061368804
0.9939274552603997
0.9929814643738343
0.9934231002473346
0.9977052633303032
1.090944948827304
1.068554504209824
1.0322197673378952
1.0479091468985795
0.9910609692039257
0.9842835632647375
0.9799761337415801
0.9849645931440677
0.9981752504321622
0.9968592124401779
0.9987183899677073
0.9981460434218918
1.0135619034507808
1.0368586405570281
1.0296438414652107
1.0381137962495233
1.014823862553241
1.0287625384401367
1.0338635065782507
1.0263264143287867
0.994345079060611
0.9954685465640376
0.9963217866571907
0.9963156087048971
1.0000506938684526
1.0003013938394618
1.0003980720665941
1.000087997645567
1.0012250298837557
1.0010225809720037
1.0017680804886517
1.0015362957255443
0.9875537061002012
0.9912085643253685
0.9887307012761741
0.9887714776293305
1.0026813928074412
1.0025398434766746
1.0017275640482528
1.0037493851760606
0.9987954769579402
0.9994591429262303
0.9992485238355673
0.999132930834419
1.000497467255828
1.0005347194036192
1.0005048333293203
1.0005050501560597
0.9981635489969994
0.9987975510888584
0.9971767908740631
0.9967710041662791
1.0080256676287156
1.0046463581221015
1.0061354280311305
1.0040661580934445
0.9878002233920244
0.947989781750059
0.9761300377320873
0.9679586538081087
1.0247331941527351
1.032151612844753
1.0089330913598213
1.0223715014846022
0.9939439924106336
0.9923404850695408
0.9969542264294549
0.9945078816265854
1.000302713098402
1.0005436554582547
1.0002420054219854
1.0004881147924793
1.0171703848185787
1.0108320359015266
1.0108766350255833
1.0081099706646606
1.0111463717851892
1.0097659743069005
1.0087331315990733
1.0069765641256396
0.9509620989667255
0.9774229841385922
0.930483915218977
0.9451342287971689
1.0350267815856764
1.0369934500877802
1.0366556974114849
1.0300707322973046
0.9899995482892299
0.9910527147362937
0.9940597459078472
0.9855963480421265
0.9981651717400526
0.9935009623731034
0.9956794806915036
0.9931944713185088
1.0151673387678
1.0156707100317026
1.022182717007913
1.0133924298695327
0.9780292983987048
0.9616190005759417
0.9952275504817445
0.9702278858227266
0.9806643666860915
0.9828888644314081
0.99277679707751
0.9797259123152396
1.007554860739138
1.0079799309748714
1.0085223750968222
1.006392058037944
0.9936038340197217
0.9964157904604953
0.9956291528923609
0.9909015607135203
1.0115053929730906
1.0183924162553784
1.0212779229647786
1.0266412885711576
0.9901049200144779
0.992981710855522
0.9959374016644842
0.9927762178083053
1.0022301228960089
1.002129379155888
1.0020120277172706
1.0017954506855775
0.9993551825123657
0.9994216344214999
0.9991476299441111
0.999525973621795
0.9999956825878861
0.9999858577543662
0.9999964426860305
0.9999584789876272
1.0014397589861235
1.0013673479861296
1.0012523691312663
1.0012749748852412
0.9942288463765135
0.9965637933153959
0.9945063555438343
0.9925192039911896
1.001620646745017
1.002208863174265
1.0017922391465417
1.0014096057057744
1.001569698342721
1.0018235589021354
1.0014634204658301
0.9977377815301823
1.0225031114798087
1.0479958087110366
1.0370513432495638
1.040782865744104
0.9866883743650657
0.9912208652094094
0.9925842209459096
0.9877742202550823
0.9961646090215402
0.9934186257686918
0.9946714609867414
0.9914749599729534
1.0197196551678038
1.0103873055388697
1.0161042564152813
1.024138144438976
1.0197094312959518
1.0195559390965552
1.02912421684029
1.0113123733704652
0.9961797093947382
0.9960599114286881
0.99783722894446
0.9969047241012446
1.0006883862975753
1.0007797112318175
1.0005532058951376
1.0008325862841705
0.9999045627370055
0.9998033928285045
0.9998841047656228
0.9998099672589053
1.0000072088970797
1.0000099150394104
1.0000118320953315
1.0000255321377245
1.0002321554126061
1.0002155230503191
1.000237714855617
1.0001255204266755
0.9985684058968486
0.9989106334618187
0.9982072485268744
0.9988859112157289
1.0189346654598685
1.0075961635756499
1.0147737749385342
1.0119535723887931
0.8917231355201044
0.9383373422835283
0.885050184662206
0.9541245676351052
1.0098035794658162
1.0098899454272983
1.0138973547935943
1.0118226040331904
1.0093703775171192
1.0087443411387413
1.0238317881096255
1.0287936844495544
1.005223246963299
1.002611316140386
1.0085021573061843
1.0017901167315526
1.005934233040876
1.0120135538407633
1.0065150390808857
1.005870645877215
0.9971181985139449
0.9967867657764932
0.9972057318990698
0.9977454332365078
0.9973833032276895
0.9944587352205323
0.9953552107490347
0.9961083650732403
1.003341418421295
1.0031882873686626
1.0034453497101825
1.0049904282917925
1.0074647078009902
1.004579020104156
1.0025868426327287
1.0063581203208933
0.938856920262217
0.8933188613402283
0.882095944589622
0.9739643856690846
1.0398980840888106
1.059500874880036
1.0667035896354298
1.0180496378821557
0.9924884481788647
0.9894839760488929
0.9887614943051914
0.9874180477873292
0.9953828519466944
0.9940548024737568
0.9921533988854024
0.9894499675598575
1.0013397967205657
1.000875433009411
1.0005991926281104
1.0006744020949483
1.0038585528062274
1.0093511727603042
1.014300399765309
1.0059841594119432
0.9993360950632417
0.9994045445257264
1.0000599137511015
0.9999027889900168
0.9914150138191623
0.9883271972215198
0.9876354569077862
0.9900130665582715
1.0070663143209964
1.006014000502046
1.0134915784055527
1.0040955436906944
0.9925270254853166
0.9972486363352633
0.9920665594634096
0.995336418200482
1.001977274680403
1.0016765102984335
1.001861452052094
1.0026583503919573
0.9953762020726977
0.9922222047255634
0.9932576778036711
0.9948272847432679
1.0110442166234996
1.0107933961773257
1.0190872935819903
1.0167221262466526
0.9964191916765631
0.9927243047790381
0.9936330277357525
0.9958810417224712
0.9973252512698357
0.997651932893868
0.9956473813566208
0.9959492177356107
1.0278348137806128
1.0406635280552412
1.0923502131968479
1.0553270262709205
0.9811899161844895
0.9841023436657583
0.9859097263814796
0.9833190468453757
1.030627762828263
1.0317361484321528
1.012776010305621
1.036080612625765
0.9784720331746132
0.9803871077218973
0.9865906015016023
0.9836172821275686
1.0019766623037591
1.0050871988596244
1.0051784258495233
1.0037200849222272
1.0008181906483755
1.0038964752343609
1.0035257745463315
1.0022936507826872
0.9802584475067257
0.9838511805135145
0.9858505731137939
0.9720681605615433
1.174854334231785
1.0922938948142928
1.1421643821100225
1.17429402798907
0.947381825680686
0.9600923181985429
0.9761856173440512
0.9396515093553794
1.0024794354917832
0.9988422719397579
1.0010687967691208
1.001613738862172
1.0344877528349794
1.0748006449420004
1.0641532764713768
1.0268876929148967
0.982775845598192
0.9824340720352424
0.9896373836604803
0.9933287804291372
1.0018645534723043
1.004580079631477
1.0020035878304625
1.0010050286596852
0.9997513449790432
0.9997429808947428
0.9999151251920789
0.9998509738789126
0.999569806934261
0.9995456517653125
0.9995578528927889
0.9998270239627328
1.0043952931122127
1.002270529971535
1.001939562263655
1.0021774860468555
0.9738875912452626
0.9776102498710353
0.9961710277297621
0.9545127322843762
1.0087408467408443
1.0032428830373274
1.0158019656599964
1.0077267029392127
0.9982111585136785
0.9966988568717944
0.9986393445447016
0.9981681676830907
1.0005366262449369
1.0005827862586973
1.0001429234958006
1.0008131771157471
0.9994089418726454
0.999444929694879
0.9992934949590303
0.9994364053419171
1.0022967110192122
1.002422924078259
1.0017213450393778
1.002026287446468
0.9505357986504036
0.9694690644449319
0.9743540929210684
0.9884834562745971
1.0052069142063216
1.005557038683466
1.006835657469522
1.0031251144197864
0.9971122839700569
0.9973025401553508
0.9891219566205927
0.9960645784631164
0.9945049473459824
0.9855920495253817
0.9925053671859702
0.9879455715938202
1.1540713376610863
1.0264038431134557
1.0281755971760183
1.0654320987941635
0.9336152446631139
0.9310487874373227
0.9092153848301764
0.9305617728045267
1.0167204411870074
1.0093493873080812
1.031049780376785
1.0237404916083828
0.9946068043409849
0.9947271452333986
0.9914978346638256
0.9887940487814466
1.0153937618294522
1.0203615426706265
1.0323567098092163
1.019646682359147
0.9997072669667713
0.9996347090230965
1.000574501248072
0.9993745241132198
1.0000391969747964
1.0000313252225508
1.000034521449505
1.000018830798122
0.9999949800934526
0.999995836223193
0.9999949384463149
0.9999886392204979
0.9999940426050102
0.9999953542229617
0.9999947076504152
0.9999905822266955
1.000035409686781
1.0000422391873165
1.0000555491998746
1.0000482177517425
0.9989417712999566
0.9993562523958299
0.9988973093757549
0.999412825582881
1.010817024044981
1.0041411226692822
1.001945731527314
1.0072845270069573
0.9983438474911631
0.9984057992601052
0.9990427235569286
0.9988748523548394
0.9980143114677212
0.999338444435373
0.9990424636834389
0.9979059359555622
1.0380891431756452
1.0200432714807806
1.0215423448302936
1.050581008335383
0.9936926288410919
0.9950507722568454
0.9986176886197838
0.9895423764142676
1.0011070738151777
1.0009202448751384
1.0008801926692381
1.0016884377052275
0.9996526194830267
0.9999199434419989
0.999553844901965
0.9994916985672698
0.9999007159281011
0.9998531859076432
0.9997979732979329
0.9998641403921563
1.001651879648948
1.001415169112317
1.0009178802273415
1.0018306539304387
0.9995648985060149
0.9996921734767847
0.9996675525017144
0.9995202637380572
1.0001380880733957
1.0001201493153096
1.0000515919106305
1.0001401650014343
0.9999777934760045
0.9999760068473582
0.9999683675652973
0.9999800813166894
1.0000078362811655
1.0000054918316583
1.000008875789917
1.0000067923004745
0.999996335278532
0.9999957365502099
0.9999972143402963
0.9999973179286307
1.000011880240907
1.0000111529753102
1.0000206564925747
1.0000133009986283
0.9999513808983852
0.9999144688883952
0.999929142592848
0.9999589923345478
0.9996186133768501
1.0013190269650718
1.0000195885621472
1.0009746989806405
1.032447190169138
1.0349087661119434
1.014051949174359
1.006978780064013
0.840272405159357
0.6790087258518596
0.9511241964974616
0.733105886012678
1.051142109955857
1.060380589187399
1.0349866917922388
1.0275068553420152
0.9642964526894152
0.9752101723553257
0.9802798817341913
0.9680381616448179
1.0028021330472987
1.0082113480672674
1.0053389800871662
1.0074345375953184
1.0087938498992701
1.0033845255468476
1.007008643095965
1.0077704978666158
1.0017288517002514
1.00250571160393
1.002055524977684
1.001022670466928
0.9668215709725506
0.9595168095062523
0.9680128583359576
0.967793015733153
1.014167890109765
1.0194424206951906
1.0108580840102965
1.009023726687705
0.9860011467773568
0.984313706526785
0.9725999313323123
0.9761539008577451
1.0090667720341742
1.0102308487236615
1.0091069997639959
1.0085109897455833
0.9818934612958902
0.9845590282304557
0.9939889678188502
0.9881361151234506
1.0053482650847192
1.003444166415328
1.0039797212700654
1.0028408396551736
0.9971822660473453
0.9977230179462138
0.9971032414887272
0.9968211805753426
1.0164432363243676
1.0083670767234476
1.0110675104204732
1.0167400688258776
0.9952606525756695
0.9962674445815288
0.9905714510442359
0.9921483493008539
0.999962871317783
0.9996059620292093
0.99961189054627
1.0003254128260213
0.9999856400390496
0.9999547388089078
0.9999823698095395
0.99997497392036
1.0000128549331653
1.0000043902915159
1.0000057576759205
1.0000122060165308
0.9999933938260394
0.9999961234346608
0.9999948644991927
0.9999929767073141
1.0000173634710865
1.0000233650835813
1.0000190576882753
1.0000158649908937
0.9998610250936617
0.9998536080176221
0.999851314260389
0.9998701794872941
1.0020131606756602
1.002426601714432
1.0028432926552526
1.0010016327656934
0.9801064899392823
0.9834940829957745
0.9853770341794778
0.9957663221686163
1.0021057209380093
1.0018482160634272
1.0031190277132018
1.0038533033468295
0.9986623091336007
0.999260468408963
0.9990005603562863
0.9989890617362336
1.0001497897717773
1.0000984265709072
1.0001277937114244
1.0000922473781608
1.0030285230339806
1.0016179271594587
1.0014590676507595
1.0012345020877254
0.9873219533381341
0.9916329731650082
0.9910187632677655
0.9897289492568496
1.000177032239543
0.9987716804265492
1.0002982988508486
0.9988997688060097
0.9994418610719508
0.99956903188354
0.9992878886579009
0.9990073954637474
1.0128839794370164
1.0115390190202127
1.0211760190364905
1.0182435765451752
0.989036981946864
0.9962007917254135
0.9925762737410875
0.9928572064659459
1.0025192816674393
1.0034721970074745
1.002254147877831
1.0034147510075726
0.9952697805343749
0.9974853193631108
0.9947408815950924
0.9947594487313517
1.0011457452561265
1.0014770757559885
1.00170120544275
1.0010550081562473
0.9997092536491902
0.9995137906332826
0.9996628978527591
0.9997958781911335
1.0000430058988417
1.000066134140743
1.0000788255766657
1.0000558865896323
0.9999834900484927
0.9999874764860734
0.9999931421544199
0.9999862592092492
1.0000034587245563
1.0000013224325945
1.0000024646291028
1.0000024574930004
1.000000367713522
1.0000008363820352
1.0000005308430884
1.0000003086068476
0.9999883328391397
0.9999910640337119
0.9999924056446695
0.9999878418930791
1.0001620482775733
1.0001699539476896
1.0001464632344121
1.0001111929134245
0.9988938541109108
0.9987992961020921
0.9997156919080006
0.9989503540303372
0.9999734812709229
0.9999649222620733
0.9998429236191618
0.999962689397607
1.0007241478179356
1.0018650089349288
1.0023327806835503
1.0014581752738139
0.999819613906717
0.9997820019258835
0.9996773313164695
0.9998197952768435
0.9995482993792071
0.9997083453302237
0.9996997411719486
0.9996696189145082
1.007287832465422
1.0076352335347674
1.0063523314526868
1.0082222025260055
0.9992811398593193
0.9999458911975397
0.9998694813221233
0.9991407713003195
1.0021027160563016
1.0022458657499018
1.0016822160429013
1.0021589915362203
0.9859206788637
0.9909945605352963
0.9895403712250547
0.9840922236178985
1.0056025810788418
1.0026907482829595
1.0045772345482156
1.0038122741759228
0.9954309246399021
0.9935604485342173
0.9958366863927065
0.9954788341468497
1.017334547290278
1.0209824939378749
1.0046831724122793
1.0124023262287216
0.7847462391502388
0.9603242729574911
0.8758942826770603
0.8242115634111811
1.038733502125665
1.0335296466634725
1.0212161255511818
1.0205116083572532
1.007723022971896
1.0043890807605842
1.0176065468136812
1.019539134277221
1.0149227326353605
1.0190657817423485
1.010038233478723
1.0132070679362895
0.8363350121484052
0.890149243891072
0.8949011438515038
0.77433754424362
1.016213742617979
1.0399205838179342
1.054572502192184
1.0306316906805426
0.9940538917842894
0.9952116796921406
0.9951716674680485
0.9978523251281887
1.0035827219960674
1.002776132497629
1.0044276043458347
1.0062402406576012
0.9963762054970399
0.9948389659548759
0.9964853894970063
0.9960678575174441
1.0242377636013837
1.0279064497932324
1.029756271584211
1.0248529437449365
0.9949419922160413
0.9930858285173432
0.9949184046443175
0.9911456933650866
1.0030114175958982
1.0017979013244918
1.003216576734375
1.003099789640584
0.9968765375695571
0.9893421803957003
0.9884183910701552
0.990931297591733
1.0515639386142295
1.0596633193348584
1.0781214776070476
1.008032105437431
0.9935550479251934
0.9932681801895618
0.993382078503403
0.9918582839176963
1.0126523243613113
1.036436198336126
1.029923443478786
1.0453506245457589
0.9957654198362634
0.9955208081529859
0.9968165187172395
0.9943879237976535
0.9997454397891944
1.0001758628901347
1.0001335334412567
1.0000079745171218
1.010905390342264
1.008242138033313
1.0108991420819273
1.0024869596371904
0.9981486281219593
0.9982390675896293
0.9971243857430343
0.9988618865392045
1.0015411566023293
1.0009310442181982
1.0012050543022506
1.001494249806814
0.9949477583092801
0.9909005330266528
0.9936685755070085
0.9938049525692201
1.0615818104133838
1.0376534726720479
1.0593739765592751
1.0360952013984746
0.9783233278637388
0.9747366978901703
0.9747270446114418
0.9739526039918879
1.0067761498660093
1.009414566715384
1.0052208056803655
1.0040160829417444
0.9566588432110746
0.9595786379538751
0.9660376234570106
0.9626898863244508
1.0190295443322368
1.0109432584368
1.0147223995680081
1.0217098247026475
0.9971076400435043
0.9961892358968443
0.9884406557562351
0.9915505995485603
1.001817070483867
1.0017126570526766
1.0022326391974659
1.0016933218922761
0.9990900979129814
0.9992655613535419
0.9990148023827575
0.9986454455768604
1.0041271833117011
1.0005778082673
1.0005799771876425
1.0036965668786542
1.0141976133939024
1.005754990339584
1.0159615611856252
1.01339887701247
1.0004316451964979
1.0001377622821288
1.0007942243645345
1.0013216733689032
0.999699632263602
0.9995312992931549
0.9995421776232871
0.9997150812258573
1.000484088117482
1.0005963776605675
1.0004318760832185
1.0005424189511638
0.9976366362338871
0.996821084891933
0.9961217596802334
0.9978443268858945
1.0212685357933746
1.0175933116778433
1.0191078563285185
1.0052847878369648
0.9928612255875259
0.9948134601013382
0.9944545809437906
0.9972943561602327
1.0016543113719587
1.0020107404772962
1.001783579208273
1.0013232903645926
0.9939443309108943
0.9964941140212775
0.9947923893942282
0.9925159349819925
1.034640702730861
1.0590510286350778
1.0439034750682554
1.0532063941523404
0.998099130877108
0.9906700955523203
0.9850822731220068
0.9854325415021242
0.9952974489410746
0.9964810561610269
0.9963494499023678
0.9949833031356108
1.065439698516139
1.0238509322474272
1.0156366545085764
1.075056240475826
1.003759567340515
1.0005200522442008
0.9994379070113955
1.0045307599198554
0.9996521046368168
0.9998649508497329
0.9995266565559024
0.9996648045948229
0.9999604971218402
0.9999070700857317
0.9999161408759318
0.9999743508968
1.0015472533169267
1.0016737901496884
1.0015407649460364
1.0012449573077058
0.9708800145756706
0.9847414345025403
0.984497537672451
0.9839098125063453
0.9889671896748466
0.986684616547522
0.9895031826083153
0.9956379778609116
1.000894208645373
1.0016523856376751
1.0011338959254819
1.0006705722868918
1.0037018818814636
1.0008723683603875
1.0089603214768654
1.0093218877574732
1.0075359026994923
1.0073710861346534
1.029290943227149
1.0096877785731224
0.9952769536508707
0.9977860918051514
0.9944739581847742
0.9963279209489203
1.0008311035105872
1.0020660261883265
1.001725311920491
1.0012308753819492
0.9998634541220934
0.9996530654062836
0.9996898425109612
0.9997221305433491
1.0000345540827669
1.0000385445345126
1.000081380828591
1.0000926549204205
1.0000582932702564
1.0000437031433016
1.0000637903937697
1.0000627399697977
0.9995507858550545
0.9991150248372039
0.9992170427491317
0.9990954216360658
1.007722497137341
1.0076371964313313
1.0049740537077734
1.0039818031474688
0.952424167651786
0.9753004510689987
0.9606346269038909
0.949520198032026
1.0151345062607948
1.0131283671244822
1.0139152954744586
1.011528402607625
0.9929232117057936
0.9961644272360711
0.9928398999624992
0.9907720745537109
0.9910568045131931
0.9865545564663805
0.9885324965072775
0.9847948546957219
1.0039638946439957
1.0023824888266757
1.0022202498111854
1.0035798885846778
0.9950492091277732
0.996206382481046
0.9928619804107907
0.9953768597960155
1.038808058902728
1.0304028213023515
1.030371720072997
1.0107355155628248
0.9979743035690082
0.9983841162397371
0.9989425341748911
0.9980246685064107
0.9979776630974613
0.9980111454135898
0.9981791664385995
0.9972569850774066
1.0302029945348032
1.0169534328779135
1.033052473789078
1.0250370193111167
0.9910840156829188
0.9903615676445815
0.9872333411111667
0.9910871846793257
1.0084690662448337
1.0093100179134922
1.0043606437407142
1.0069560797599466
0.9744178421673891
0.9789496690503763
0.9851186860642296
0.9707640331899925
1.012179045922412
1.0100396117159887
1.0122026732640992
1.013636757307869
0.9966967297148408
0.9961976694394755
0.9978231625913085
0.9949276419042391
1.001264791368864
1.0021826535466154
1.0019361278994972
1.0021532015827048
0.9862004120005892
0.9900658267289737
0.9868625552477627
0.9867150006955512
1.057209453468505
1.042258173265608
1.0240274939832035
1.087751509374344
1.0076061217800412
0.9995631864886911
1.0070470306614467
0.9999162179202387
0.995839729010978
0.9939542034863644
0.9968832225439969
0.9933244250723944
1.0274733599305073
1.0412987552113535
1.013890491871882
1.0398029655418022
0.9768319650974223
0.9589183331788295
0.9859184868022223
0.9739753711134617
1.0045678844693293
1.006696451413443
1.0081013144029838
1.01025193030055
0.9978503563777497
0.9973504206515359
0.9977615623660941
0.9986508177760507
1.0006238388676818
1.0002636599156867
1.000758476832389
1.000314442505742
0.999940659504411
0.9999600500321867
0.9999539772307277
0.9999350966299096
0.9999896114870975
0.9999397799644983
0.999989504075056
0.9999889235887043
1.0026003867656827
1.0010460258278044
0.9985120858793358
1.0050127758546534
1.0235232655225153
1.0380473825948988
1.0144004301884224
1.0329978714254233
0.9966353081690427
0.9966900901037509
0.996233137918651
0.9976493978717887
0.9996728490957556
0.999510748157663
0.999712708783157
0.9996319556759099
1.0149563276948637
1.0082347329303911
1.0069222467411145
1.0185603048187228
0.9966104971610015
0.9961880292623672
0.9965851778052782
0.9964163887926715
1.0020066336943922
1.0020968259316196
1.0013480716671588
1.0022578518021448
0.9917742088084855
0.9922531028214702
0.9889684054761183
0.9966911968312446
0.9638694654608972
0.9578963700795159
0.9617084011203397
0.9845729908742921
1.0041527767038576
1.0034082257067394
1.0028977218078672
1.005671243494055
1.0060037796454722
1.0056087432579248
1.0058304389128458
1.0072452447881814
0.9983417693954352
0.9977963110171232
0.9976412924452498
0.9992946922898828
1.0019294416169917
1.0024485896494428
1.0012840177173976
1.0026634540418498
0.9924643559518822
0.990846275653123
0.9841132233153436
0.9812694679724623
0.998460921906974
0.9986468185063556
0.998431002029863
0.9976409803376589
1.0258476486111923
1.0302243668631443
1.0299542650228353
1.0336339174442715
1.0035014833610871
1.0050608632076636
1.001665792116095
1.0083624847816821
1.0031158289849544
1.0015596357426417
1.0026721744932325
1.001707634961893
0.9770242196428036
0.9779475273739242
0.9803449427569658
0.9824659964636326
0.9916757224916054
0.9872886472885273
0.9933197393193415
0.9865345825474896
1.0735223418121138
1.0604140196111238
1.0584562287527635
1.104018068321265
1.0151618380546377
1.0191825266068413
1.0060317551839362
1.0087694721800047
0.9149084490318898
0.8812285408374793
0.8831340491861596
0.8075187207364896
1.035339336360472
1.0406398218704453
1.0642847858387916
1.064486594613685
0.9842904293767064
0.9796160154027526
0.9776090010124631
0.9828099256869184
1.04258215550597
1.014790730422913
1.0345146207339708
1.0414606564282543
0.9907483785850538
0.9843718349411215
0.9927170317807495
0.9850705640624422
1.0107312247658324
1.0115667162546245
1.011790958915721
1.009974925756684
0.965688746773366
0.9584837312739183
0.9546585928868521
0.9408555513052744
1.0274884224770333
1.0269703544737583
1.0231807672336706
1.012158942037455
0.9703413148271842
0.9382349795494207
0.9327311104798792
0.9324975736025558
1.0134258783544474
1.010974337727777
1.0192507775766075
1.0069594779991524
1.0369342753251725
1.0118958806016647
1.0396524694612945
1.0168256251783625
0.9858838918512881
0.9855890879397449
0.9849823624274815
0.9902695264436635
1.0233339092677007
1.0272146535030255
1.0309204252053097
1.046579924546337
1.0481708143797388
1.0304509067742111
1.0198926083385822
1.0434496937531699
1.0057540519928099
0.9990859903848204
1.0017497493224041
1.0068215927007396
0.9898052798436382
0.996399978239287
0.995519808369169
0.9847247454542333
1.0050467168540467
1.003023942966965
1.002817993229101
1.0043067909694727
0.9989396526084134
0.9988125076695692
0.9990931094229477
0.999279794231404
1.000139692980463
1.0003699891240911
1.000264856245407
1.0003075394369405
0.9998148074676586
0.9998339630864823
0.999834033273686
0.9999383675546585
1.0008878300772204
1.0005389250332166
1.000688468141873
1.0009765140737716
0.9852916757375229
0.9806557092625159
0.9953393126473111
1.0037017285747636
1.0832223015937483
1.2000586656900825
1.0940487647071064
1.147264565731741
0.960444974150388
0.9547766754931731
0.9725197243986389
0.962681029737831
1.0105234600933628
1.008087946865721
1.0057863848736608
1.0069194620510917
0.9945344497786128
0.9921476427652411
0.9918264314216696
0.9958381805906683
1.0854982217246913
1.0257116564579776
1.0832101341227145
1.0561708451539502
0.9823578534345622
0.9750094286199433
0.9687728806511005
0.9817564427241203
1.0195922830450281
1.0467228356038545
1.0484689442631572
1.0100236722537421
0.9952462989729858
0.9977640509629727
0.9908034048210105
0.9954849839027972
1.0016901365274056
1.0006182890249105
1.0011595970085878
1.0011535155626445
0.9994528095144533
0.999713403242315
0.9994483912284475
0.9996205426003043
1.0005446948330303
1.0005151919589956
1.000685675859332
1.000595468156588
0.9923665595956807
0.9931727982917217
0.9958737135218982
0.9893984686817188
1.0021732971185964
1.0031902978908027
1.00185622603349
1.0034621938333195
1.006435050836563
1.0044729260463023
1.0031570191456225
1.0097327078068739
1.0016858964744833
1.0022749626521386
1.00109459545065
1.0008236570262465
0.9908007277052665
0.9769022931819058
0.9714549461434953
0.9673004371369502
1.0068494537687582
1.0084777181978841
1.0117600213689164
1.0028766538448937
0.9960303874170944
0.9934349039745485
0.9958153222954379
0.9951479486929747
1.0091726609492533
1.0173975648036002
1.0260934982509764
1.0253626178474196
1.002411112471651
1.0050390941078857
1.0050826299191589
1.0024145855621964
0.9991069651590201
0.9997662331374898
0.9991561602822266
0.9989838074662059
0.9997794648626397
0.9997583941697838
0.9997231763464011
0.9997801501350273
1.0032630993598903
1.0015300940584253
1.0030462158563147
1.0032510713787692
0.9945001192127135
0.9911123127298119
0.9882193705762177
0.9951295500182783
1.000714376586098
1.0016058836394788
1.0015507248022475
1.0015371738561165
0.9995398327009025
0.9997401440827658
0.9996620817644393
0.9995429422111056
1.0003353646548803
1.0002657357993523
1.000356089946571
1.0002101166962039
0.999236000010602
0.9991565698785667
0.999187051631766
0.9990796842807332
1.0050740197144954
1.0002958101780572
0.9993725360500506
1.008345584549761
1.057877134276572
1.0682085800495573
1.0268002423715528
1.06087631278139
0.9627483238998225
0.9588825225576885
0.9703860525506254
0.9426623600288394
1.0428880140551526
1.053322810360366
1.063460510951311
1.0675258274958266
0.9857315914477811
0.9803051510695459
0.9937756606421679
0.9792078094635619
1.0036592618710927
1.002260393663846
1.0029930121574728
1.0027424974801282
1.0114062684311416
1.0075361619316408
1.0037740726960207
1.006257315596809
0.9582532901592347
0.9691765687010298
0.9013016881366421
0.9676624454810379
1.014132752899382
1.006637978511641
1.0183810053434352
1.011730908478772
0.9975681296462053
0.9986974407061505
0.9964642596673107
0.9979961228558969
1.000519898439738
1.0004210937450575
1.0004292645350517
1.0005581616758594
1.000163455410074
1.0001700280912829
1.0002049433684042
1.000090448447302
0.9977357899088669
0.9974878661889631
0.9970265767844285
0.9965215796468039
1.0572208675446773
1.0196987541780662
1.0318221715811167
1.0455859183480818
0.9930617015569431
0.9931846143464034
0.9955207206083412
0.9964878313064086
0.9553321662545979
0.9670942779857901
0.9837189662301397
0.9589041294165168
1.0115972373217401
1.013412486804234
1.012802575399817
1.0167892587001335
0.9908559917123404
0.9901877248316844
0.9922162842467599
0.9924992729582889
1.0014861518417155
1.0027239518909106
1.004283507576076
1.002583462543196
0.9994407439739094
0.9994866459881743
0.9991531245621932
0.9992532546850842
0.9997353161358536
0.9996821661374389
0.9995345676872871
0.9996025475468188
1.0029315761654525
1.0044718706395441
1.000955661814068
1.004861962678874
1.0049788458557545
1.0024822181382758
1.0024138766702395
1.0010496788739343
0.9680590195091209
0.9723955670023551
0.9943194474099927
0.9570982592550461
1.0087236146404472
1.0072707712059432
1.0086884110853673
1.0102961056201616
0.9916473161614457
0.98996904923657
0.9815232661793803
0.9927211515450767
1.0057906679683941
1.0033074823103107
1.0041996229893384
1.0085022887330368
0.9970948709206225
0.9967642267513103
0.9968521071082612
0.9986014877478003
1.0003511896180193
1.0006445505819521
1.000447661862704
1.0007837995866469
0.9997910450978441
0.9997875431217279
0.9999060129583922
0.9999135770300933
1.0000158731018647
1.0000187359410815
1.0000099527603958
1.0000251881391098
1.0000074486679047
1.0000049486237672
1.000010423406674
1.0000082423215528
0.999919383932247
0.9998909058843325
0.9998692045585357
0.9999319403470913
1.0006082404731877
1.0004931009873608
1.0002955123692447
1.0005148766085157
0.9975753809934311
0.9960589039202176
0.9964982644944489
0.9992908439579133
0.9999624508024727
1.0002363845826128
1.000108724207926
0.9997761253480604
1.0037274675859527
1.0034871602261077
1.007940630551612
1.003304652361291
0.9996822605070207
0.9990652898166922
0.9993083092069981
0.9994905596653822
0.9966060977863217
0.9968027764955925
0.9977282670736716
0.9962313180600006
1.020654704132339
1.0143862526254124
1.0174604238793017
1.0087519455664529
0.9647756012887496
0.8972298690444057
0.9190505190455662
0.8807602699634032
1.0478362533554715
1.085070645992137
1.0905151463090181
1.0514270029557946
0.9912469855564825
0.9966377381031664
0.9980356557433386
0.9951991891716723
0.999360893756493
0.9990061933686596
0.9991140332307172
0.9992352966888259
1.0082146308747608
1.0179677103605194
1.0142849623348649
1.00899152632751
0.990300585380781
0.9937521720448456
0.9926553678543449
0.9829955599141094
1.063224394127748
1.0359300393975321
1.0476897771818947
1.0734612873459577
0.9788198684188641
0.9852274604185648
0.9919075080155083
0.9691515278409265
1.0224369822056845
1.0218195582174705
1.028010163388369
1.027282703824895
0.9940367693129615
0.9923782529127544
0.9947326093564489
0.9937164637666475
1.001378148368314
1.001537694659472
1.0006004883375033
1.0016705322675166
0.9979549691009085
1.0015119744368366
1.0038366027622772
1.0011506405655048
1.0142375984118452
1.0521546412265255
1.0424331321434266
1.0211712635299257
0.9934422717882262
0.9919789324473347
0.9894706777889154
0.9956467475957388
0.9948001553183117
0.9899687266165442
0.9901310741856668
0.9905498651827223
1.0105549414679342
1.008634390578792
1.0076850490752398
1.0039901788729673
0.9081612568365428
0.9280965925049621
0.9125052072307333
0.9633860665863084
1.0239394650385292
1.017649082176819
1.0240674969854637
1.0261944728636618
0.985946342052197
0.9932643860820382
0.9964376699758252
0.9882896875676378
1.0167853103548565
1.016608392703208
1.0207011096190102
1.0438124600452612
0.99611013683834
0.9878978264227494
0.9879262562239176
0.9897431237374889
1.0025999423491272
1.0034791248162584
1.0019762532874459
1.002969274551083
0.9974056626238407
0.9963305841992399
0.9974573699368897
0.9967648968097146
1.054250921522771
1.0052204840574546
1.0370623172488522
1.0420561887194648
0.9867668248441958
0.9862216904601168
0.9904654773448524
0.9870037328939825
0.9963764753192645
0.9958613965516308
0.9921712434102065
1.0001216371406727
1.040319639497777
1.0214513026865033
1.0336163232827467
1.01517493778869
0.981698385885222
0.9794469433092384
0.9816516833421614
0.9809464056141506
1.0041417017688055
1.0061370160528762
1.006046406562659
1.006415350995496
1.0027536538242603
1.007463855237577
1.0026897803079482
1.0051356736572215
0.997468889778067
0.9978434072621899
0.9970042974198576
0.9981921013213672
1.003543007354616
1.0073828783337326
1.0039747028928034
1.0044314163150643
0.9802437253753764
0.9645248684035415
0.9652279761870117
0.9661620030696224
1.0017047110178725
1.0027884322528209
1.0018690515979036
1.0029594015594545
1.0122075457190407
1.0163459349318285
1.012870930822119
1.012941824728078
0.9957633905050693
0.9951124058709473
0.9937991911823898
0.9907315730885505
1.0555179336097196
1.0182681538438003
1.0409074635991682
1.0393231596023713
0.992631156242734
0.9915037976969977
0.9917064833768525
0.9915779249346397
1.002246766021343
1.0009910233114507
1.0018022862641587
1.0018501139658373
0.9995334343550416
0.9997763967971478
0.9990199204603489
0.9990806276351949
1.0005229314486521
1.0007504843791215
1.0005348974206754
1.0005089501173547
0.9976209156271887
0.9970292632514647
0.9985884225689673
0.996808215896637
1.0439247923925359
1.0360689244560493
1.0159471045842474
1.0290433757993138
0.8867529136774245
0.895500568312873
0.7863474579938335
0.7977472866656349
1.0518753962257825
1.0513112988295297
1.0711113289928413
1.0386765319762858
0.9917264123854863
0.984524436643965
0.9882878574723981
0.9892500047966867
0.9884839742872342
0.9873902200644141
0.9924116262868251
0.9881640392757156
1.002498706324924
1.0062823664559741
1.0038964733480706
0.9982426980104541
0.9517324843391416
0.9267457639301286
0.9689545377851693
0.9320811917949031
1.0212153060667624
1.0159295369788741
1.021357238362925
1.0120637924159697
0.9875962127090364
0.9858552891579228
0.9832131237990104
0.9900729621800908
1.059632023272867
1.0456745305595379
1.026520710277785
1.0753499517404357
0.948113802062377
0.9638505841255919
0.9725918543705215
0.9444297692196182
1.0137591203567575
1.0128277073438536
1.0070904992695635
1.0106705729393797
0.9980925186420992
0.9986125407456248
0.9976957844109957
0.9990843738861941
0.993512744274295
0.9958198389722674
0.996269499845467
0.9899810434041791
1.0407174700002657
1.0066937869697572
1.0356775408597996
1.0167418616091028
0.9985336761990532
0.999564570292099
1.0021616592959273
0.9997253474169209
0.9999285237763873
0.9998731958344572
0.9999196396194933
0.9998397581506547
1.0004068687871523
1.0002607461753474
1.0004069592521658
1.00026510228217
0.9987359555648514
0.9987678497657841
0.9984207503826333
0.9988258404062721
1.001982503611387
1.0066547337436704
1.0078627333997277
1.012245807713478
0.9968646032210612
0.9959088191493985
0.9961225262631165
0.9948568963871097
1.0173538765576557
1.0335978777514458
1.0046942626310416
1.0377933237885186
0.9787423332724638
0.9855834697315574
0.9908185747843646
0.9687109345874575
0.9975442098600912
0.9997733447943031
0.9971932355607264
0.992960992039749
1.0011621579857886
1.0016173788944105
1.0015550506046544
1.0012243275609463
0.9987204824852972
0.9986605110629926
0.9979848325173956
0.9980994267163037
1.0138333428321833
1.0239291525820338
1.0124026714808483
1.0203587284682056
0.9958670755917897
0.999232179071435
0.9924625540501959
0.9962115772088769
0.998297182267446
0.9989620316242154
0.9978877165982754
0.9985702978679177
1.0037822725192704
1.0160630982392957
1.0140634318887731
1.0175790757936438
0.9960498335775925
0.9987315483455783
0.9982751259676093
0.9957090727923801
1.000552521548874
1.0004948447848165
1.0002703506710782
1.0004437741050303
1.0014790213414861
1.0010821968643242
1.0016730678888672
1.001981085687142
0.9949531543667317
0.9928881846778731
0.988579874650889
0.9932663756499951
1.0029844776322328
1.00517149044715
1.0108964498459336
1.0112444861840126
0.9983197456672248
0.9967205685577515
0.9955019050084235
0.9975204496987976
1.008647221430572
1.0075494417558748
1.0147368433946533
1.0145394387023692
0.997727978322656
0.9981595248010914
0.9971440533006061
0.9974937670778625
0.9901792986276461
0.9957267252635739
0.9919723510368024
0.9914113454031005
0.9769376418236532
0.9834170496468027
0.9796896161629628
0.9939850349385596
1.000467175005754
1.002327199760938
1.0014978285179905
1.0014213508740002
1.0061468214983178
1.0038370728821226
1.003368836548196
1.0106955457564275
0.9951655251335642
0.9904743503257626
0.9902981296753627
0.9898278529410058
1.0477744769242083
1.0436128251426682
1.026427092601461
1.0459467386357957
0.9628721118053242
0.9794725775165385
0.9776156511980001
0.9621127805279694
1.0078129383923964
1.0114714522296342
1.0146856632089505
1.012061287763589
0.9967060449086274
0.9986408077821292
0.9975945064024586
0.9970921380461452
1.0001651142479897
1.000429622627882
1.0002109919624544
1.0001251360158667
1.001593456148546
1.0054366475030139
1.0047701170132584
1.0033842395056483
0.9821351867880447
0.996504664106614
0.9862002475024243
0.991908076971752
1.0505674772291216
1.0767303667596306
1.0298556067594844
1.0827032736397533
0.9796966845934502
0.9739010674873995
0.986363500379942
0.9907492758203696
1.0054217161220453
1.0039004156011797
1.0064065023687212
1.0021644487843266
0.9991278455985522
0.9991436131548774
0.9991410072779576
0.999175426657423
1.0008426221932485
1.0013242640410178
1.0010377305197606
1.0006407872462133
0.9945928410119929
0.9973341355973274
0.9959404649162537
0.9933392347303956
1.0233489615241913
1.0344490860041946
1.0267909027004665
1.0251360592592016
0.993433562015374
0.9973160229339089
0.9926232651478175
0.9937363038519982
1.0013527593956295
1.001673603835203
1.0013315740953548
1.0023627777577615
0.99849038377948
0.9976199262023195
0.9970125376673903
0.9970960219652379
1.0158042143810644
1.0190395713974676
1.0152448255285462
1.0202567113068095
1.0315580812045073
1.0099951503281126
1.0058925869187716
1.024320738700388
1.0441989717246907
1.019885229248328
1.03409288166806
1.0381469102455292
0.9900263447011823
0.9789685071750908
0.9824783458458488
0.9962050860120623
0.944485022769691
0.9510847708764303
0.9754233917664156
0.9480836790814817
1.0148569248038737
1.0162687797600782
1.0152598632264478
1.0080806752110545
0.9974842593512855
0.9977020178008003
0.9970801278052509
0.9955894942863022
1.000360574718709
1.0006617959122568
1.0000596630360026
1.000613800441306
1.006262225627746
1.0076705762345595
1.0033507668390795
1.0074459794427404
0.9871022652284526
0.9556487121690196
0.9658444349851957
0.9551255953362033
1.0067499316133024
1.0056636624868764
1.0099090353337814
1.0085856322218338
1.007891578276596
1.0055994642211188
1.0068219349607452
1.003209505383391
0.9917907466150792
0.9926983010304236
0.9977901428629969
0.9933634425707668
1.02362463667349
1.0453859414014697
1.0369766140328665
1.051602197792047
0.9892263461909848
0.9874983043456215
0.986253834750855
0.994612839580715
1.0329680320026275
1.0451714950163349
1.025749768667434
1.0506633312952751
1.000012704957049
1.0050766577691548
1.000973060868001
0.9943755688966318
1.0228650851167052
1.014302374040483
1.0219134535128775
1.0137828040254162
0.9823870370200461
0.9912398133717505
0.9832193241476028
0.9830821689292399
1.0008602314086497
1.001053270609717
1.0009199304437313
1.0017347062298265
1.005727426533063
1.0085682851712372
1.0080354375728429
1.0071039619086923
0.9789912475854046
0.9799568116280221
0.9639916060855053
0.9515280520684406
1.018292683896062
1.009486444233593
1.0174051734167924
1.0095736130794069
0.9916393064506971
0.9919987805148709
0.9921484054514997
0.9908449207519162
1.0070339961486252
1.0054252080260344
1.0040718584133168
1.0055425689871371
0.988887143258069
0.9851257069351543
0.9823008946514109
0.9825437474041073
1.0229000351672335
1.0675189551798876
1.0677072806445798
1.035362195956564
0.9943720858283271
0.9925679682488942
0.9866306590188144
0.9924307770894119
1.0011568805562947
1.001590542346998
1.0007405673217826
1.0012924766759286
1.0017365242859364
1.0018638063241379
1.0005973294519768
1.0011387622377237
0.9928007365017154
0.9912907321663555
0.9853285725744544
0.9890533439781224
1.0170195918679148
1.0183751546595958
1.0227507103093396
1.0151254273878936
0.9944415889672966
0.997618715915876
0.9960397521335438
0.9978013850046359
0.9884910251851331
0.9881651896002285
0.9940257086193431
0.9836462468227299
0.9992570268261332
0.9995710257907525
0.9997998073454459
0.9958752954202975
1.001434680502192
1.001228323772504
1.0006664805304288
1.001074563759873
0.996545845014888
0.9983256201340647
0.9960998566262593
0.9960612414548302
0.9953710312249154
0.9973551533238041
0.9972022693130356
0.9965144731918004
1.053890567539579
1.03382136746036
1.0459820426913826
1.0154756560437461
0.9748260617637199
0.9904589205131001
0.9882778037754926
0.9818493285106449
1.0015199188074337
1.0030873598344976
1.0030829265801928
1.0033624874059293
1.0015201095224058
1.001566802246495
1.0013035923975115
1.0009464265946804
0.9940031586675169
0.9829221694641439
0.9845746161690018
0.9822826626719908
1.02518973524942
1.0231555956772653
1.0250118816818008
1.0141531268782076
0.9893455072172458
0.9927278795513685
0.9901860624123106
0.9890032722917732
1.0117653511503142
1.0082719298218221
1.0092197260306615
1.0110837497622145
0.9969055501449003
0.9987405609925737
0.998167647679719
0.9979000099492535
0.9901836707380783
0.9898587191052374
0.9799421714427259
0.9891608579263281
1.0010775769351055
1.0042009688909794
1.0039048219760207
1.002130512000965
1.000930979873342
0.9996858885876624
1.0035605146698723
1.0017609671556142
1.005254977077423
1.0093484856778059
1.0106406053041699
1.0059753743485376
0.9945000283561393
0.9912205142382371
0.9876095684483136
0.9939258316457324
1.0286251810826648
1.0217505730118022
1.0554158230049868
1.05781384962382
1.0055727977409306
0.9978366748299907
1.0042962169143599
0.9996453975241022
0.998266444683531
0.9970158618583931
0.9968572687700871
0.9979780691608997
1.0057772486510201
1.0067637262639049
1.0057026951013186
1.0095328101669923
0.9970828573118142
0.9965531365652782
0.9949325371951879
0.9985433499943981
1.0155042606641647
1.0057055417078407
1.016985694229119
1.0072068783770745
0.9970574971680217
0.9970086695249271
0.9976180764212663
0.9971562902661097
1.0017569010591119
1.0072137512113841
1.004140235697755
1.0088469766189583
0.9990796522906642
0.9981153965591326
0.9994227348558452
0.9985718129603072
0.9974391553162049
0.9941199053045124
0.9937993296250184
0.9925938405575394
1.021911462688016
1.036912359096747
1.0221556311486055
1.048070419274043
0.972389945054287
0.9330791098263495
0.9628203881130748
0.9805157537688817
1.1411831555214045
1.1546212654174
1.1724277143177342
1.1132049815763891
0.9655361657481424
0.9667120147440192
0.9741874887201887
0.9778604324779978
1.0035361672837948
1.0049416013369892
1.0061227699330275
1.0051225477494379
0.9996589626337248
0.9999156959264466
0.9998224749543201
0.9998607124547422
0.9942005973677691
0.9962966900240106
0.9936326291532637
0.9955858288397463
1.0380715657859847
1.033524457662727
1.0190479683076699
1.0262417368029852
0.9842004985068499
0.9873914365860542
0.9765137395770674
0.9892993071940018
0.9964456023594679
0.9986999642232866
0.9947126623934076
0.9922861558085301
1.0516565019845123
1.0454489350114715
1.0370930915883865
1.0781219500769879
0.9845676507194773
0.9787944338116458
0.9837580347611854
0.9833023563179168
1.0077517059291607
1.008513026177751
1.0066552568733917
1.008298395052243
0.9983141310752595
0.997824989102306
0.997378174707365
0.9979727750925054
1.0004094939525996
1.000198502792334
1.0003829227179541
1.0007282105211321
0.9997164984826556
0.9995268039636375
0.9997880139227731
0.9996804740728581
1.0005224717446686
1.0003981869434808
1.0006908850992329
1.0003323721628075
0.9998768987030195
0.9998998104031562
0.9998952317075368
0.9999058741488429
1.0000337719471957
1.0000248736395285
1.0000422858444704
1.0000306279688933
0.9999691383111299
0.9999749269784636
0.9999662846735259
0.9999704597631767
1.0001243728036875
1.0002677985310113
1.0002076275001055
1.0002453500456128
0.9994266760812789
0.9981178920588123
0.9993607454358292
0.9991536419963943
1.011210344997349
1.0100127420579559
1.0079536796406878
1.010925488430479
0.9984515282224681
0.9984172718255105
0.9983387970712143
0.9982925696221253
0.9986870459498715
0.9973087791278441
0.9957292562346627
0.9971231997004611
1.0124556479795768
1.0384393430086731
1.0089036626625754
1.0385841698212754
1.0123446057528749
1.023887345171427
1.0268412472079993
1.0079651126803628
0.9999517539833892
1.0005052422341525
1.0001908404847897
1.0008851463909911
0.9963635782330647
0.9955176527716311
0.9977476946608923
0.9970765750766075
1.0227593334143499
1.0124694393459468
1.029691061854712
1.0136551788285675
0.9930327348727521
0.9924165571525108
0.994272475896516
0.9954494093946683
1.022394580312066
1.019394209470893
1.013550632834999
1.0218738491508141
0.8742107762860579
0.9388565310943595
0.9262309410500966
0.8565901693488809
1.0394913086266067
1.0357706820178048
1.0299209117611012
1.0255634144710801
0.9908667825842176
0.9845773056344194
0.9844935134328694
0.9718321280157816
1.0247493463560007
1.0202676695180533
1.0320500686572414
1.028282759243663
1.0078594163529164
1.025612326197455
1.0291059955574366
1.0229972340596625
0.99475242953474
0.9952833436945365
0.9992356882370391
0.9939677629668633
1.0017145809921038
1.0015045258425024
1.0015900775727882
1.0021851601785523
0.9974913524888313
0.9981066462810048
0.9970298491345153
0.997871986195333
1.0158988070770254
1.0168332925554429
1.0083086699704575
1.0140825217473368
0.9863891578493817
0.988924582420535
1.001657165377
0.9912879125740859
0.9506377341778512
0.8642248529386256
0.9335215036311031
0.8799381878099835
1.045025159598796
1.0390336785116876
1.0345070156416536
1.0386743698937904
0.9914209713937396
0.99177276383384
0.994597296793237
0.9956734727980104
1.0016782877637018
1.0009025822174675
1.00211207959217
1.0014537489928041
0.9997862216315151
0.9997341643288711
0.9998232019420392
0.9998495608152649
0.9992378574150723
0.9994491322772571
0.9993034965577258
0.998762904202358
1.0053778963720694
1.0068913489978106
1.005797472503644
1.0018256133158001
1.0029909211513448
1.0006567479139108
1.0015610050723325
1.0015248402955104
0.9839723023310197
0.9883742733853391
0.9777530754163585
0.9763194808541328
1.0042427228241833
1.003518665736388
1.0037940742661773
1.0047284726878534
1.0036344157745767
1.0088003915897321
1.0020941107164527
1.0099573076119832
0.9971792958749288
0.9924542822420581
0.9863865155144312
0.9867305760344435
1.052669691722434
1.0589903501757418
1.0527617927785518
1.051005946741529
0.9915298526475644
0.9887739967324279
0.9953527752896646
0.9856200384478522
1.0039168013022866
1.0048423085976839
1.0019800748771666
1.004312385697855
1.0063035410944485
1.003300044780422
1.0047218508474047
1.0069856032748716
0.9584177348685442
0.9818940867795082
0.9774865847738641
0.9657844965821558
1.0844825358531263
1.0464346109473297
1.0527876502091438
1.0805557868315057
0.9833495306955103
0.9898949089317427
0.9889424055370911
0.9872224878810166
0.9928266502929641
0.9976129727581683
0.9881711362322483
0.991720527419086
1.0033916690361602
1.0051567176024463
1.0094121345473754
1.0085697597001793
0.9991863219186644
0.9975200535586017
0.9971931600747527
0.9983633828667579
1.0007517146066485
1.000737173148982
1.000548324958787
1.000272588161354
0.9988875897654671
0.9994542807881527
0.9992563206933811
0.9991073400598164
1.003640324960093
1.0045803071794575
1.00177706080442
1.0061197288269337
0.9903916884081396
0.9827949856810513
0.99553581969564
0.9799292093094975
1.0159954889031169
1.0301197506884296
1.0174324947692321
1.021283524812694
0.8484514338171064
0.9135543906124874
0.9754236611948569
0.9027703950332642
1.022911013770875
1.0219142379861434
1.0238772820935294
1.0345398804709043
1.0052651936873527
1.0049978213350996
1.0020963393199878
1.0083335004238139
0.9987163124238498
0.997071933459596
0.9979049540852188
0.997488899226444
1.0004212849659866
1.000341433817321
1.000503152994933
1.0003832254870804
0.9999171457842362
0.9999128822526877
0.9999077624908463
0.9999107334340028
1.0000408910392669
1.00004361473355
1.0000272122380882
1.0000446222966446
0.999994304252757
0.999992754684303
0.9999946299206058
0.999988223137275
1.0000005324093526
1.0000004505462896
0.9999995261861473
0.9999996275095395
1.0000172767144893
1.000013236664499
1.0000074846336937
1.0000149612888738
0.999847151343719
0.9998917140717495
0.9999581971438479
0.9998526363560474
1.0004774920193515
1.0006402353489285
1.0005788626561962
1.000553190979471
0.9912962915253608
0.9977015505755725
0.9945941177306195
0.9962999511901975
1.0028645485142849
1.0026882712460818
1.0054200964707496
1.005629323126883
1.010306134213468
1.003074089727422
1.0118224305464933
1.0041928046284845
1.0248848356287126
1.012382393701454
1.0309854843699606
1.0101401413785356
0.9973046090754099
0.9962081242226224
0.9958833582441481
0.9968962125925975
1.000745324261925
1.000784891645454
1.0009138136845432
1.0006611012095907
0.999848812292318
0.9993419858355795
0.9990445582360922
0.9999037964171476
1.0071473879348882
1.008352507561373
1.0091616241771248
1.0080324345396523
0.9959249134220188
0.9923775174243434
0.9923751722775229
0.9892847959798416
1.0389335541506706
1.022709070676856
1.0316186566557803
1.0164461537325238
0.9935987926937293
0.995070893397538
0.9931539451649997
0.9978028052778314
1.0007166400708347
1.0019879109904026
1.0004670353823568
1.0006839810842347
0.999687841861538
0.9998492202056417
0.9997650267044322
0.9997743802906526
1.000087876609007
1.0000792483828738
1.0000983691193956
1.0000628397506974
0.9998427590125744
0.9998367903570266
0.9998251478804508
0.9998987719996926
1.0010328379572033
1.001479965379382
1.0008587953520522
1.0016919585555513
0.9913211031692761
0.9928159628995784
0.989590703234178
0.9906829628576238
1.053113441393607
1.0611780409771765
1.038775842708299
1.0528672031291257
0.9829000521840887
0.9848388484288142
0.9880791540939625
0.9873765071423886
1.0070024983813446
1.0083889143028053
1.0082755194576405
1.0036173882602821
0.9960748942957641
0.9930271649880621
0.993769482537011
0.9926259400077954
1.0187736198328754
1.0341997219295305
1.0273651378329098
1.0344906445570095
1.0007143607871472
1.0002149716250368
1.0016696028685999
0.9997502571669661
0.9840005314105109
0.9949437462324139
0.9870776154184651
0.9921991502815481
1.0036687494617493
1.0013481325235352
1.003558316211758
1.002890835566478
0.9991814702299047
0.9994448341624749
0.9986839288594079
0.998997365524613
1.000226554625134
1.0002160026039806
1.0001817858519957
1.000216619172642
0.9999754792411667
0.9999859673098684
0.99996377309128
0.9999768567436961
0.9999687381836805
0.999959393592677
0.9999383547457164
0.9999545397654364
1.0003129014318095
1.0003277575268705
1.000268467004759
1.0003065576816996
0.9991390779047836
0.9985575610941695
0.9984002121241967
0.99756383528707
1.014602173902224
1.0118825238672755
1.0200592197624685
1.0229070851990494
0.9947724845605279
0.9932687813212658
0.9949658553668312
0.9978097488127375
1.0062305886928902
1.0061406966315627
1.0092687046258244
1.003743504148251
1.0187609465322782
1.0302235159693094
1.0067042124565435
1.0043172953722137
0.9495739168686328
0.877450896637713
0.9432540013205687
0.8645036323760885
1.1323132543680068
1.0767399070210828
1.1069406437697271
1.102817536729103
0.9462221663002325
0.9293008750607126
0.972516802487323
0.9312802615520093
1.0209889656357327
1.0245309727120764
1.0272418477231282
1.0162075990871275
0.9959768841284572
0.9930119203721061
0.9956600667857278
0.9962473699664327
1.0010126344872032
1.0012436306822794
1.0005047108415546
1.0004543583677468
1.0016603014114607
1.0013162206130344
1.0014896079473166
1.0017257939967625
0.9887359680116006
0.989903396057982
0.9846187338325113
0.990960562034768
1.0504330341358084
1.0476272835114708
1.0440577166881622
1.0415232892668909
0.9681446483439028
0.9704030972039065
0.9708638829765032
0.9770712121318158
1.0085373456215407
1.0078819501930258
1.0069330680317587
1.0085001028200404
0.9980152723522012
0.996777072019069
0.9971342390840492
0.9978326926147973
1.001089454200149
1.0001739452919298
1.000197677862915
1.0010152936194299
0.9996839744704105
0.9997819263736661
0.999711988261216
0.9997157829626615
1.0000311534481803
1.000031202410237
1.0000214373467664
1.0000270176090542
1.0003607130107164
1.0003117271512212
1.0001529240051785
1.000189041321229
0.99802422984434
0.9987016589495064
0.9989941693591065
0.9988585061248954
1.0173955367518153
1.0130551776660737
1.0153880368660326
1.0143305549783412
0.9941742099301467
0.9940663737823938
0.9943053333901494
0.9897532644553085
1.0018213113526269
1.001633293041061
1.001583144978387
1.0024867754540245
0.9937741634376119
0.9942022394591093
0.9935798870763072
0.9894576873898712
1.0085881395010041
1.0639611471139334
1.0402646889844187
1.0616402527564124
1.027903578415205
1.019417010647826
1.0255687000015483
1.025750909793039
0.9947550528442693
0.9931653961322453
0.9955538964068665
0.9971454985361865
1.0009560988793584
1.0008571287791916
1.0007439802524636
1.000306621767681
1.0011652709023533
1.0006914418312833
1.001085856773675
1.0008503426417308
0.9917912896708312
0.9897559363260925
0.9986680171149994
0.9911070860692165
0.9482049924409989
0.9925781724660887
0.9707662544955602
0.9494745688385132
0.9983317030412681
1.0000397215394352
0.9983104859661607
0.9978886474522708
1.0864068172209842
1.0801357357607166
1.0500921599257222
1.0962607405551026
0.9756815161564774
0.960614682655072
0.9600981803659149
0.9670588277749136
1.0049814850546754
1.0103811963851186
1.0115999340046342
1.0074517409031079
1.0001686793759708
1.0066558962039045
1.013271251362176
1.0055105112273708
1.0249664162947272
1.016550025204926
1.0215093330203926
1.0413202493190492
0.9926001183103591
0.9897568827941957
0.9927834358640216
0.9945771497533988
0.9986396657659488
0.9982181936579596
0.9994747852737728
0.9987691896781666
1.0120658637691884
1.0159556008356874
1.0202508244847444
1.0143536742860182
1.0222198906701432
1.0090015060020463
1.0172441688838476
1.0073360098655015
0.9913756023822448
0.9865723739107548
0.9903840027911369
0.9940932336024727
1.002289225364981
1.0029687138411951
1.0023191214400136
1.0013134519075209
0.9996967044638773
0.9997364026239648
0.9995171399001798
0.9997356763127053
1.0001011364869137
1.0000881064029659
1.0000157529170588
1.0000976506307186
0.9999727819599877
0.9999803418165684
0.999979926571314
0.9999834112998185
1.000015504702186
1.0000199999790478
1.0000277935035433
1.0000159024810342
0.9998379988784184
0.9997542726012341
0.9998136452851109
0.9997824652947017
1.0013245405289537
1.0026651046437995
1.002208424696712
1.0025072110775122
1.001868768512853
1.0014755458288658
1.0012861715605774
1.001504846825188
0.9798683043703446
0.9741127314861329
0.9720570117453887
0.9829504044174694
1.1177920815623787
1.0873797822380904
1.095769539466328
1.036006954851606
0.9751861183973569
0.9825837678704148
0.9904366614452406
0.9812562870805484
1.0033290634165002
1.0062328804166258
1.005475892775623
1.0051700332902596
0.9990626198715673
0.9995117927909009
0.9985954384243081
0.9982932970878622
1.0002989100860513
1.0003576774031453
1.0003831773048737
1.0004048776912742
0.9999180895124317
0.9999313900219875
0.9999270043009333
0.9999517344438827
1.0000178637711956
1.0000161834295938
1.0000242120254983
1.0000306515710078
0.9998522180805438
0.9998039153623887
0.9999545169505741
0.9997966244018683
1.0010928311213403
1.0013236888703518
1.0011358888035826
1.0010296989273053
0.9921916960975725
0.9950067473979513
0.9905466601671986
0.9912025037320759
1.0485696333426817
1.0484793081640855
1.0558757311860745
1.0594298961181943
0.9854260822801078
0.9807148825867145
0.9907801332757104
0.9907413037280381
1.003779543165639
1.0038147773357209
1.0016348176781467
1.0029194606815155
0.9990522481252812
0.9993984488723706
0.9989436742910661
0.9992821245923111
1.000624218033293
1.0008579307735015
1.0006267070391606
1.0001759360270726
0.9946234996966001
0.9982650923891923
0.9968670218647333
0.9972358799117281
1.000751967085506
1.0008293670401158
1.0008246537956351
1.0008215526976367
0.9997440519482389
0.9997530149057171
0.9995784264225475
0.9997338784498563
1.0001947890947696
1.0004155670134192
1.0004006045459675
1.0006024698903333
0.9982922974015724
0.9968234268347566
0.9975138160059316
0.9996499725662203
1.0191651310324492
1.0279356421645929
1.0336361200814466
1.006364583120203
0.9355807131792576
0.9643164449184198
0.9784695600285366
0.9251833484298171
1.022328341383106
1.0225640599770605
1.021512514696255
1.0214331695121228
0.9984264012118544
0.9970001567068754
0.9976999524500398
0.9968875689557386
0.9982273097939065
0.9976298587848201
0.9980250173771325
0.9972439155262438
1.0178640491811566
1.017132879682898
1.014636396119566
1.0151743393330426
0.9902641488487764
0.9931603413170307
0.9893716102027262
0.9897380609920116
1.0283891803381089
1.025165266024532
1.0271838219589027
1.0154156534148477
0.9929415457448857
0.9932596079784705
0.9917027021895347
0.9927763478157284
1.002292411764912
1.0019258792392467
1.0010994492025371
1.0017411445423516
1.0002206396058724
1.0002281594822326
1.0001342821848396
1.0003188311030997
0.9933318483716482
0.9953086121249873
0.9943052932750822
0.9940682040470442
1.0326353677101259
1.0086674094164847
1.0301377651640355
1.0471391162202572
1.0045194489300326
1.0064381323824738
1.0084374419872901
1.011795824286643
0.9988263733732975
0.9997654229617131
0.998801307417001
1.000005089580439
0.9967797425374758
0.9954852652023305
0.9993315865434578
0.9856613991332203
1.0225236748925288
1.0220855225461987
1.0287804159658842
1.0333683060039072
0.9974087802630918
0.9944442823425993
0.9962926220238038
0.9972966068699686
0.9988290487612921
0.9946566686038736
0.9986978207076647
0.9933047388754711
0.9996978982272416
0.9993421414065945
0.9993306650402344
0.9992601535403739
1.0082169097501064
1.0125206763249643
1.010454997729257
1.0095264845146181
0.9962841752897452
0.9930523825024534
0.9955780792680439
0.9960718450670627
1.0107590174830428
1.014052625537289
1.017832272582729
1.0084064894448574
0.9955593435901112
0.9941817829018998
0.991058770523389
0.988379543282972
1.0949004193169782
1.032405349808803
1.0509176551225625
1.0556687071029298
0.9911926403198856
0.9886341446128809
0.9860748197461645
0.9895729409061391
1.0032096926430687
1.0008594796241965
1.0030718844716662
1.0022492698844148
1.0071547958137517
1.005104044026964
1.0080426541359921
1.0046767435798347
0.9899725942900058
0.9934273602626907
0.9890139704908869
0.9931795828907046
1.0351169473088961
1.0362368569587297
1.0382487106016383
1.0228545633021515
0.992932885029492
0.9902470748075337
0.9933525530111044
0.9937188027387124
1.001680423877444
1.0007214373251512
1.00111873233088
1.0007566691918777
1.0048658655157363
1.0021422601658225
1.0018523964617008
1.0056806419875437
0.9716427287869617
0.9789500429941714
0.9761033711294663
0.9970965693313495
1.0020649033852027
1.0024690507408078
1.0007459144286937
1.0012597627565323
0.9996958981449781
0.9997735011351135
0.999592468066037
0.9997944508489296
0.9999973702682147
1.0000350755094387
1.0000272707366733
1.0000162304124562
1.0002049651448441
1.000403165715198
1.0002057653478478
1.0005166621001962
0.9978530752607104
0.9954041757966344
0.9972987873504054
0.9957267555899099
1.0340431155515302
1.0298175829757963
1.0392103923922325
1.0272060999895216
0.9857648796545736
0.9853132534751253
0.9762548133741097
0.9760191267447105
1.0886672493891052
1.1143691670406595
1.1421882718218186
1.1264695656253059
0.94160735111
0.959243139761498
0.93732916362397
0.9457429027868661
1.0842957936475732
1.1165033114052418
1.0707914305853707
1.1374558451414252
1.038034429026841
1.0238570609075355
1.030670334600097
1.034041456356709
0.9924701649727367
0.986345074218693
0.9937804973472443
0.9933672456951294
1.001986821705362
1.002652868072111
1.003710094566707
1.0025016246771419
0.9940352468474445
0.9965515681028335
0.9917644829026964
0.9925965979392662
1.0701784483220735
1.0514481754057996
1.0428341992510506
1.0680750632225238
0.9859579787787415
0.9868688710873275
0.9875396125595894
0.993844100142919
1.0026680399490255
1.0041850274008122
1.0035085574945628
1.0038583843454805
0.9947743246242382
0.9940674095619032
0.992340696414947
0.9897916657960018
1.032186857869073
1.0413007655316378
1.0298033350814957
1.0317331153354208
0.9914938664709849
0.9889924324643786
0.9937621329903031
0.9895704720525663
1.0039820002748774
1.003183832507707
1.0029450152356543
1.0034248717004712
0.9935282265853747
0.9939258571159305
0.9942466839320203
0.9945029464573611
1.0037609727206542
1.0026818543768143
1.0015374365534127
1.0032816934615512
0.9947633997655753
0.9934449733406392
0.9924917397658759
0.991365284088875
1.0175597054024468
1.0264702404987558
1.0533539641114786
1.08071002947154
0.993602400359289
0.9864880241141796
0.9881701516563716
0.9810939633283137
1.0055969555117603
1.0050155020137599
1.006472343294487
1.0037961221969272
0.9982286922800024
0.9983542039550519
0.9977276421933963
0.9982887729690417
1.0035930171030067
1.0036207917329933
1.005200542984788
1.0029816286355098
0.9998917467356864
0.9998547954296214
0.9999159189916211
0.9996977804048601
0.9955045918974129
0.9962448784698468
0.9954683809255976
0.9968453922605074
1.0107626876647235
1.0299532169505747
1.0163889192330373
1.0226540861115352
0.9964915894791146
0.9961131429226922
0.9942544225195183
0.9948502149411358
1.000112985422051
1.000270570435894
0.9999605508481401
1.0002581961244617
0.9977779885003539
0.9971371707480642
0.9977530102464596
0.9964248627022207
1.0187284674122048
1.011038565962713
1.0097112205374406
1.0323141941403238
0.9950975719775208
0.9925126047306577
0.9911476137912767
0.9939806034292844
1.0011756781693504
1.0008425625098447
1.0004481249062116
1.0013249006291276
0.9974207159275236
0.9981180237398438
0.9983312275464525
0.9984397712680445
1.0096432240171063
1.0067485074312643
1.0117208140304386
1.0021418844595729
0.9480151696383072
0.9617845894875315
0.9297113565084344
0.9768961856445286
1.0148301794724386
1.036680298618525
1.0508645268384196
1.0318512634607158
1.0586489778450103
1.0355013402674804
1.0229800223158598
1.0568064160086679
0.985700271630016
0.9919202320152057
0.985857229342204
0.9873212925144816
1.004458015447113
1.0027645787720474
1.001941521861831
1.0022439127220268
1.0003165038884019
1.0044760960536288
1.0011526964875401
1.0053730922717503
1.012534572882844
1.0115090032650593
1.0137570710290011
1.005402887997259
0.9964648168701635
0.9973185140891347
0.995800119934847
0.9989293681432233
0.9911487823649061
0.9755098704442481
0.9867381115645563
0.9962334653819692
0.9617864703228374
0.926740842671406
0.9000761163993345
0.907369179460523
1.0213024145381606
1.0287971542151626
1.0337356733240834
1.01683907326346
0.9907478668131108
0.9885341506281289
0.9902528928471962
0.9930969136363096
1.0398424620132838
1.0417454083304154
1.0182762405659191
1.0475920622738248
0.9654800920005997
0.9718152514207656
0.9807274952074686
0.9718261490598342
1.0084503321920364
1.0050810474998138
1.0016213570462738
1.0081779202403736
0.9912574289041265
0.9900683825462927
0.9824615684688779
0.9978117591277154
0.9834635734412721
0.9683805240749302
0.9746023255511285
0.981088749422692
1.0041526549087931
1.0039427365784857
1.0039511395946759
1.0063688247617055
1.0166688004616333
1.0132901919591473
1.0100958127198576
1.0053291701029798
0.9221452275202897
0.8885864881709109
0.9258626162716144
0.8394886355752057
1.0126318288993295
1.019839807383771
1.016600073189913
1.0306817138971665
1.0020728732147988
1.0031532595641903
1.004726096899361
1.0028814072700911
1.0000512592963666
1.000186421958645
1.000219564133874
1.0001245080121852
0.9936124450203629
0.9936065493063875
0.9930634797088213
0.998367030557088
1.0211951388994989
1.0098084598294017
1.0076215075000647
1.0150587965195907
0.9988074390089815
0.9985861600976492
0.9977068272288212
0.998502349380104
0.9883869860727691
0.9867811660488197
0.9927938214826166
0.9795197065497822
1.0053092533488999
1.0045442781513396
1.0033470462992429
1.0055089585050423
0.9983951278774705
0.9983438241068996
0.998428571983796
0.9992727613969875
1.0012154142740979
1.0009865736750672
1.0002736770928158
1.0008230519891321
0.9997546157990914
0.9998607035469952
0.9998867688192182
0.9997972785095123
1.0000885883337067
1.0000948531001965
1.0000258535322841
1.000034631292353
0.9997544321212577
0.9997729062526636
0.9996558326704377
0.9997935045020288
1.0018064470280088
1.0026487530931438
1.0030696032621411
1.0017533117596324
0.9910154949312607
0.9810372472691186
0.9780330503772589
0.9919472939006858
1.0721736493419882
1.0579562285879633
1.07001062104843
1.0886601690079243
0.9929376324790126
0.9892230322426196
0.9953324809776275
0.9942437427924975
1.0007565496182405
1.0008416043507427
1.0004709531007057
1.000391699255742
0.9999165925058274
0.9998115168613452
0.9999427918217145
0.999845199326727
0.999744391319145
0.9998465282388167
0.9998420065476096
0.9997405342171242
1.00107548851796
1.0009447262451812
1.0012972398042175
1.0014086636169846
0.9841465668167856
0.9882036133098182
0.9854754960817202
0.9945749541617531
1.00282547551971
1.001793712275454
1.0024283679138442
1.0027533409647014
1.0021409459336188
1.007941498667962
1.0063213935512676
1.0015420052953536
0.9968911866325774
0.9968721907391587
0.9963854173613034
0.9959490664060183
1.015311905933373
1.021374011134679
1.0097197607080157
1.0114151775686189
0.9935480666138341
0.9964174264030536
0.9967926425649601
0.9974762463167192
1.0005876876792212
1.000786483502674
1.0009842772503512
1.0008449599791105
1.0010097470365797
1.0002236052839795
1.0030323161093442
1.0023021941870143
1.0096946041514432
1.0093010307306398
1.002672352087291
1.013610240994745
1.0184903991114538
1.0076903389918295
1.0166845980727328
1.0150774541044456
1.0038638301388239
1.0045962610154924
1.0030357108530055
1.0031547447320184
0.953553090190757
0.9571458446875566
0.9865757905873737
0.950090066412628
1.0074713023985316
1.012211279014925
1.0058665592783578
1.0149530080587004
0.9970374399276659
0.9980995356742081
0.9983907922711274
0.9965420097723364
1.0014225664019034
1.0021830423393698
1.0021708794631756
1.0010641364629183
0.9896457921563792
0.985666126736362
0.9855729801365767
0.9824721136315145
1.005351350620308
1.0045785357280903
1.0047561605231679
1.0066664061072272
0.9988136852391625
0.997713807070931
0.997560298742869
0.9967805954990824
1.0054307439722705
1.002544235160397
1.0046441056661577
1.0030572131717226
0.9977549654630247
0.9986699461516565
0.9963827503292746
0.9982026804784687
1.000403835366968
1.0009388185309187
1.0004624403850861
1.0004698008314765
0.9998093224901241
0.9997338295075909
0.9998143398535579
0.9998594681419516
1.0014871803178598
0.9994483552678973
1.0003992336074723
1.0017761142490993
1.0154949122115782
1.007655862910334
1.0177214890152173
1.0036199272990602
0.9974971860585337
0.99853447303684
0.9987935860582888
0.9988681418643374
0.9997827649821507
0.9998924894713269
0.9997069823354994
0.9998867900193168
1.004906053145092
1.0076428982360606
1.005252689256581
1.0037234633046002
0.9809764462858672
0.959596389217061
0.9607534149960987
0.9468684493515871
1.021917807199935
1.0323598822740117
1.0190686680719396
1.0246122938740703
0.987634383861309
0.9813579307664339
0.9934802834260568
0.9827149284144807
1.0025159678367066
1.0028203662563582
1.0014583088264035
1.0025736336833386
0.9993976650914472
0.9994155649116908
0.9997883219976889
0.9994756203775541
0.9987569898774865
0.9987571249382569
0.9983829336263852
0.9988605257978488
1.0165607282815639
1.0050615294634386
1.0060175967625122
1.019174791146843
1.020135832015781
1.02096213493344
1.0236832029456644
1.006374177213582
0.9787571247789444
0.9864248244686347
0.9813357238886796
0.9925627980750532
0.9897552239702434
0.9946847943944802
0.9974082688244894
0.9907610630065662
1.0048506629717904
1.0071165385844243
1.006774022562118
1.0035431234184695
0.9949845417578274
0.9865110114140647
0.9972512260258523
0.98822313467145
0.9231882421197183
0.9154685733056954
0.970025457307843
0.9230793748342568
1.0195028881494859
1.0142106441027732
1.0165681942810834
1.014692505261896
0.9957114847315524
0.9970939368583915
0.9954982752963203
0.9980171760448243
1.0012848124337654
1.0006762228997605
1.0005006157920202
1.0006508010550172
0.9996395947784272
0.9997616898139667
0.9999002026564173
0.9997234511054475
1.0002193285613696
1.0001640106593737
1.0002087255621641
1.0003532655728031
0.9958681456244864
0.9973225840767252
0.9937974205494005
0.9958322978963479
1.0059934769169978
1.0045084205970232
1.0050258240731167
1.0114733737367747
0.9968913599627298
0.9975464634278314
0.9976483218713902
0.9982445314188686
0.9982597546046749
0.997410889769099
0.9969825616642155
0.9971065635003923
1.0171564602719645
1.0203235523820693
1.0170419080890107
1.0354779921713932
0.9882798225516352
0.984233996663439
0.9848738229084208
0.9785094497745686
1.0195763431700746
1.046980572312867
1.0179177458764497
1.0556640759773723
1.0527779394878336
1.0213841049997878
1.0696405003398655
1.0499491632161972
0.9263546116424642
0.8957969145515958
0.9028812313109614
0.9708013453251447
1.0127274225653444
1.0200543977286272
1.0223427928010003
1.0115230907530486
1.0224116455129746
1.0142733410361837
1.0077402089731298
1.0214779107499772
0.8636698402387784
0.8771422524483461
0.9630177827933809
0.8637268142673539
1.0363888156166214
1.0262225985017965
1.0186153544503815
1.01310096676702
0.9881860944579699
0.9869718646734966
0.9851450574491737
0.9936430020540686
0.9972855194248678
0.9959629862302973
0.9984818319388276
0.9974735135369791
1.0467835177966958
1.0420087557945379
1.021265185721402
1.0495011267994627
1.0137213542868133
1.0591993528831662
1.019672402897882
1.0369625365967319
0.985979348169065
0.9883156737202031
0.9904685529005219
0.9865606529102054
1.0034738578945808
1.0033310606833068
1.0045381706111265
1.000754966703154
1.0055948655163085
1.0102779733932488
1.0033105996984895
1.0127379667980845
0.9955520443149956
0.9944529707560014
0.9955909789047807
0.9923524329122139
0.9937803300906807
0.9962043244877502
0.9937226943784249
0.9940001526381821
1.0282173877872096
1.0319009235753376
1.0358033309222798
1.0263428328914908
0.9799315179505189
0.9911792493368659
0.9813153556121128
0.9821145737380524
1.0193801921843837
1.0543619456412632
1.0381270232492652
1.0511202022309396
0.9927058817379948
0.9837212686357235
0.9710188816690053
0.9768031832214131
1.022929351696432
1.0550313550303185
1.0145887173615422
1.0592260681806385
1.0888187914266763
1.028264093463294
1.0587036408818207
1.1040462892740013
0.9615033999856739
0.9757189012878299
0.9640383933915617
0.9931987276671967
1.006536700905247
1.0044655345954019
1.0064460224242824
1.0038162730424098
0.9981123480955969
0.9977766312968054
0.9981588809029756
0.9985496170471894
1.0063794509551205
1.00489977433606
1.0098408879329754
1.0061743270422818
0.9983757750618787
0.998600854354563
0.9988978521601101
0.9979094953947627
1.0003815300166226
1.000148729211365
1.0002327948049148
1.0002621950926411
0.9999551044942201
0.9999665386849924
0.9999258084187608
0.999950112806194
1.0000144083591498
1.0000088927713244
1.00001595054391
1.000020885338186
0.9999809225755518
0.9999828570115826
0.9999819237323448
0.999986154546019
1.0000598787403645
1.0000806674823413
1.0000749725626035
1.0000347351610073
0.9999750109253416
0.9996719761130127
0.9995336335917324
0.9999074241062463
0.9974240765074205
0.9964545090007293
0.9967224318243291
0.996309583776818
1.021716340290714
1.033223346373347
1.0161436520755591
1.0297507617584982
1.0157878370553053
1.0171567467971188
1.033692677044336
1.0190308421246614
0.9972438266523016
0.9971251259292904
0.9943238777313251
0.9952031458695184
1.0197631927637245
1.0186124145804587
1.019891340399163
1.0167453764746794
0.9957368926051661
0.997278856419473
0.9946531510575407
0.9944474173112782
1.0144153454096427
1.0154140276979693
1.011172247048082
1.010320440739489
0.9072066381173707
0.9666787221558699
0.9571676074984997
0.8397798801804303
1.1356508321203507
1.084490303594114
1.0537759735712904
1.135775382770893
0.9677606117093953
0.9598065607582011
0.9653182448288338
0.9871868388656726
1.0018440377942524
0.9998019898989443
0.99907407100127
0.9998684317585146
1.0347142985057567
1.0163777208939444
1.0265768325305928
1.0224575473490418
0.9631359664607053
0.9847966553503384
0.9879696716117803
0.9478556866517661
1.0009293742334973
0.9994397883323363
1.0009994147427892
1.0019082142857556
1.051537887399366
1.0236963913734143
1.0606694907920566
1.047542621008989
1.0235188665336201
1.0501528221365
1.011589198283336
1.033781142472015
0.992290437248622
0.9962386426950243
0.9896841632167102
0.9897385538144715
1.0453654990005108
1.0237389999120121
1.0366750165663623
1.018034592635613
0.9467374322159644
0.9449321092719379
0.9671098427913747
0.9456980199028243
1.0071948403868642
1.0095668558607662
1.0157543875910107
1.0133082109848528
1.0305900959291237
1.0240087712578763
1.0100603835856843
1.0269307857387557
0.7999217831556201
0.9042489181910711
0.8895424911878212
0.8618512000866252
1.0391567338191772
1.0745656288837884
1.0714193960872807
1.0476718933951001
0.9490323964273751
0.9558991403687331
0.9454877667798562
0.9670396550267337
0.983571733638347
0.9897998075149143
0.9975439470523428
0.9887430551807657
1.0018195822956393
1.0023940581505315
1.0017863867421073
1.0022297786492624
1.0000575781740033
1.000059440579218
1.0000499526706168
1.0001146611570235
0.9958237736541619
0.9963367905087572
0.9929594215016466
0.9943814602326866
1.037484812398976
1.0292146823116102
1.0447785985977336
1.0104344154590506
0.997745107162492
0.9971194524476085
0.9987894383920681
0.9973079777954726
1.008224805424032
1.0057704900829822
1.0076483524443058
1.004684520292794
0.956813179676774
0.965160891301469
0.9657730157515566
0.9763062325186129
1.005973296121698
1.0051750479338368
1.006130610121439
1.0038431486228252
1.0013219139661589
1.002998662068027
1.0044105767242257
1.0010380672331711
0.9977895038637702
0.9968451670339743
0.9963546961343166
0.9938574180037616
1.026756890019809
1.023589322880255
1.0472623250409139
1.0110962165356077
1.0335091157065122
1.0135722527973015
1.0238176549793956
1.0359294323930466
0.9756068585480394
0.9652884209820052
0.9855868876261834
0.9648069059575258
1.0468488699421523
1.0839526048251222
1.0733347424305155
1.0687657606651033
0.9884402961644893
0.9889438380037038
0.9892446211723985
0.9875205291657022
1.0023768749914423
1.0030494673604589
1.0034271467487004
1.002251371886613
0.9994755201060274
0.9995459415480152
0.9995576166203829
0.9998628964298982
0.9995250813855316
0.9994996199425956
0.9994972118261207
0.9994751540158235
1.0044464021332344
1.0054486554631346
1.0057177479638912
1.002077049442575
0.9991342382834638
0.997965359646036
0.9989690407313895
0.9988544536938957
1.0073310618299722
1.0034094780595537
1.0032800778221456
1.0042805402366273
0.9931686908330601
0.988622325664486
0.9944300231455604
0.9861673281862207
1.0075669613619644
1.0077047987661205
1.006411573309967
1.0046211149835262
0.989874658288973
0.9628603719420527
0.9581467556995531
0.9722077222565866
1.0052584771457018
1.0091511338130017
1.005687908568926
1.0065735491637493
0.9957282120661269
0.9952585270078864
0.9925406401291414
0.9950382126881978
1.0044501159305834
1.0298487758051398
1.0219652485344486
1.0368539790557905
0.9790021834107332
0.9628313550086368
0.9552020790576676
0.9754063124862454
1.098376864272879
1.1090422613620616
1.050399931356784
1.137719264636876
0.963647826728418
0.9662626040134862
0.978999751674698
0.9648142396426
1.0077224988713158
1.0076558696278215
1.0179226933167067
1.0096234974610532
0.9981419146590297
0.9992652400251775
0.9981607997070729
0.9975523379215591
0.9983039558366427
0.9985610083506038
0.9981537320196908
0.99633298248902
1.0107761346765205
1.0105771412320463
1.010150889668693
1.01310070070031
0.983964316654865
0.9717610051818629
0.968215706287551
0.9940266038659599
1.0330209639372014
1.0101116418925369
1.0187761193047373
1.0149577035787376
0.997384986681201
0.9951855254122405
0.9960754327170888
0.9969366012492605
0.9994748153254096
0.9990878518436158
0.9991597548787597
0.9993583257990277
1.0111419147312322
1.0046258495021034
1.0149896686465893
1.0132012076024342
0.9955386932769862
0.9926924669064018
0.9827957371647171
0.9877247077729744
1.0697761172180587
1.0633890743994796
1.0733201981881115
1.0939029284667452
0.9709828208808668
0.9697369975475418
0.9627640488494141
0.9767086550950467
1.009080365056173
1.0040133697727736
1.0090556608489505
1.0040943359224288
0.9867891958038159
0.9892133340775612
0.9894904135021692
0.9928278794125539
1.0004892448249776
1.0003829587531838
0.9996125103486082
1.0006597125683736
0.9999873005792911
0.9999995775813769
1.0000073674447931
1.0000113271064872
0.9997731875708248
0.9997211899144015
0.9996207110697679
0.9996935733292844
1.0020899182681684
1.0012960293661013
1.001861154873101
1.0011540990695575
0.9884266806688142
0.9930551770962711
0.9941050575453498
0.9893803026529245
1.0027094124639646
1.0027805002453072
1.0039743944211086
1.0026410136457147
1.000366707723608
1.0003438921990693
1.00005345756749
1.0001784607093043
0.9949370953809012
0.9830594162977232
0.988160842199423
0.9902740061723233
1.00276674347566
1.0026489973398454
1.0013827717138286
1.001199385784763
1.0045731379512717
1.005132863643037
1.0025341120075144
1.005109496144935
0.9553273340455146
0.9849329439272851
0.9641596724991521
0.9434416754499774
1.029094788737085
1.0308059630504038
1.0431377115673675
1.0223558885111628
0.9932888806429162
0.9936640644732887
0.9927033716706481
0.9950455258733804
1.0042794499330159
1.0013690866719362
1.0027837930195518
1.0033409267528406
0.9910032203400301
0.9747886023350526
0.9713038643506637
0.9789033206687405
1.0258322413855112
1.0171754585251378
1.03177791395761
1.0501865879569
0.993710644683491
0.9959566676541549
0.9954920630505022
0.9969046809264381
1.002112247393096
1.0019056244152913
1.0010566887199523
1.0024879552405719
0.9922151087895013
0.9948364887827186
0.9964187452842198
0.993010662211727
1.0368032374700378
1.1035557778210958
1.0462624620465795
1.1159969088052282
0.9994930352073973
0.999638389759983
0.992112020850005
1.0027472029350728
0.9957608547498558
0.9930658343274287
0.9943862447317717
0.993591293817876
1.0018245844235194
1.0020279518589024
1.0020058040760715
1.001923780842851
0.9957056245293834
0.9968002743065858
0.9912333539656685
0.9991417243727003
0.9980643233609237
0.9974331774381408
0.9968623122167378
0.9989853509305554
1.027118023187532
1.025489886364365
1.0253752605418107
1.0244219727042108
0.9968798343644912
0.9994127487577612
0.9987327334734661
0.9975327728334603
0.9777492450992061
0.9745470171023173
0.9674510998504693
0.9817274996378087
1.0464090730903928
1.0641570556669429
1.024259021013502
1.0746724070891194
0.9958024193863172
0.9977103530667655
0.99961358500172
0.9981809345706896
0.9829071628249427
0.9870190620944707
0.9875144908516396
0.9810703930188563
1.0053036489225184
1.0034584444916206
1.0031219175488284
1.005648362650309
0.9988667314923331
0.9983730682329612
0.9985546368848909
0.9995532457993649
1.0002148925672163
1.0003316836927025
1.0001947252841465
1.0001430874232597
0.9999678758233399
0.9999832641202064
0.9999730742363863
0.999963692590114
1.000014353014826
1.0000197403456055
1.0000268727190413
1.0000161886931287
1.0000150581959812
0.999762529574404
1.0002295272269806
0.999268063188506
1.0162558323137527
1.0115741344684588
1.0142275176103306
1.0193215968398002
0.9975885448555065
0.9965663630497219
0.9955065936939238
0.9985039258785945
1.0014032753508746
0.9997812608997898
1.003140119841821
1.001649556834556
1.0579536563816694
1.033818792843859
1.053166219570919
1.041563057495854
0.995640016306527
0.9939116625895167
0.9969675884635812
0.9954907227770616
1.0014230307294723
1.00145536029016
1.0010251809615267
1.000956773872995
0.9984723481523105
0.9992268419759822
0.9984323141720948
0.9986911952466996
1.016587294518379
1.0183281787537768
1.0020838032875545
1.0185736735585602
0.927510538497811
0.9595794825603153
0.9660367315537727
0.9470461719378437
1.0131288690180613
1.0145047975946713
1.0054269454327143
1.0130018397664093
0.998533976447041
0.9957735852992048
0.9969986620762529
0.9973510423494786
1.00054789898194
1.000475083133985
1.0005245949773882
1.000394462486232
1.0005310289996372
1.0005371804894614
1.0004602023810891
1.0004288559616668
0.9983669044443589
0.9963642953766293
0.9958930949658099
0.9983783652469274
1.0146550148234967
1.0238226040036855
1.0461832284564367
1.0341335330188062
0.9935205473851618
0.9950149307205653
0.9924928586046053
0.9944616336010337
1.0016276062239753
1.0016783819966608
1.0023527865560764
1.0009122012344436
0.9990648000151426
0.9992537451028222
0.9986625608203372
0.9988484587783101
1.0055310765805403
1.005119169002263
1.004086246851899
1.0141956587373686
0.996015801819892
0.9973373817999058
0.9976851278378376
0.9966574690130611
1.0011222884490283
1.0007857088318954
1.0003850485358226
1.0013193043788686
0.9982803781987541
0.9987402336417527
0.9989553607431919
0.9988968887598899
1.0085610639997298
1.0140626860383524
1.005836386072159
1.013493311084045
0.9944788011862928
0.9963874671204601
0.9962112591513207
0.9961711385489314
1.0009552464783653
1.001100651542955
1.0013361724877556
1.001180810871202
0.9994557862687747
0.9996003338264621
0.9994932681038786
0.9995978072193609
1.0010409345099747
1.00142130240943
1.0017524166461225
1.0010053039860245
0.9939370291714787
0.994877829698194
0.9893863841143682
0.9947197097946605
1.0486217074917215
1.0327465107709428
1.0472536640936976
1.0290758157889113
0.9985788144926482
1.0010134716013053
1.0024573731916846
1.011629975654093
1.0191814420422238
1.0189532573534181
1.0180125504909194
1.0450905753297388
0.9905555346103533
0.9901236333314738
0.9914112219165341
0.9916115577603438
1.0006217723147803
1.003572051797536
1.00216517419568
1.0028103880499764
1.0001023866298897
1.000097842676946
1.0000792802616492
1.0000909566619607
0.9966162324253337
0.9966339922158364
0.9985895614522411
0.9962357446631647
1.0102926929039928
1.0686435996772352
1.0502057232679514
1.0405020113408248
0.9805460537426877
0.9790562530393412
0.9606141103531052
0.9558816654571666
1.0073142247401696
1.0036951099555786
1.0096396953083364
1.009600907517048
1.0057451094234662
1.002438099615201
1.0045931762300362
1.0019773085979566
0.9403679539603514
0.9514471396139942
0.9393068127094333
0.9691045789906682
1.007815336319464
1.010078559786016
1.01170816322745
1.0086470996305257
0.9978854973742821
0.9984667544961857
0.9969422384731417
0.9972666271446305
1.0003150873212165
1.0001232478216544
1.0035217261274803
1.0023844441942762
1.0237817148996375
1.0295261785152474
1.0418686899122576
1.0141677693425208
0.9953987355375886
0.9945101941239693
0.9951888000044308
0.9962791037987954
1.0003249485815566
1.0000565543802
1.0002027577626038
1.0002817083219828
1.00597800101171
1.0037793332228078
1.0037829279293613
1.0057106506726594
0.96581749294712
0.972191102153427
0.9878201062545482
0.9520994645954733
1.0225444007492546
1.0163600880030275
1.0134568971356683
1.0236374958106083
1.006824702436079
1.0032924324211756
1.0088449824159456
1.0104551950332326
0.9963139527536895
0.9978740038452792
0.9964636344642812
0.9979312669899957
1.0024243302366591
1.0021262558173183
1.001830073605985
1.0026451617705765
0.9881679935494799
0.9945228484086178
0.9893598387136707
0.9930670831646895
1.0566148858781899
1.034473765954131
1.0363711589115285
1.048193923482774
0.9717363120001706
0.9806742267696623
0.9753618568011921
0.9762435938728274
0.9907002734456308
0.9866031208625109
0.9835184234275265
0.9963269913524704
1.026320666171114
1.0321402215989475
1.0175739116942728
1.0280615833260014
0.9386611040273523
0.9012984713058425
0.929535800707548
0.8522757959062089
1.0261994069127733
1.027095254922892
1.0359667817072178
1.0404095508252689
1.0040593914556766
1.0238056678282996
1.004135623708456
1.0163290898460917
0.9948542343337821
0.9964233623197201
0.9919419225540814
0.9948050869483978
1.0165583705742542
1.0062224537467552
1.0275858710714763
1.0132351206942003
1.0034971409661695
1.0052014410482983
1.007829827380377
1.0060976859799182
0.9985552990013151
0.9976385633944421
0.9990512182099747
0.9990741554871672
1.0004575780185672
1.0004529572654814
1.000316898550949
1.0007230000516663
0.9949628814836083
0.9977979295132071
0.9931129003007433
0.9958538978938802
1.0015155552663837
1.0014707689664581
1.0009165447089923
1.001372707570081
0.9989457100379585
0.998629651285102
0.997757875895623
0.9980221826842031
1.0071487367632679
1.0088548591622521
1.0073851380535737
1.0162947335708987
0.9985963163967854
0.998880356210889
0.997863190422988
0.9992949781978372
0.994101515443856
0.9942318486740601
0.9948421395446091
0.9946277843905564
1.0293450089546872
1.0349482867888529
1.0212104371057416
1.0361551142513163
0.9902027292634488
0.9925491622391156
0.9877773300259831
0.9887128071843576
1.002678037770192
1.0023508407107593
1.0009897762121467
1.0027369731869584
0.9994048696051209
0.9993429812095771
0.9994196833330952
0.9991068219588267
1.0004722285628969
1.0006647514546585
1.0005422786882074
1.000298111541688
0.9962857171711145
0.9960924088192689
0.9926942740821649
0.9970827356361106
1.0057550573297134
1.0016687669543114
1.00434916573128
1.002065177970163
0.9750774717819941
0.9874253131922964
0.9764334066668284
0.990354332713449
1.0013398575669483
1.0026580455303602
1.0033635813036887
1.0023743116001183
0.9996722764256267
0.9998925775630325
0.9997021898199466
0.9996993624092076
0.9990067164236899
0.9975423513197129
0.9991256764087578
0.9964616082396405
1.0000365936456617
0.9999278795147971
1.0000749619028697
1.0001236253370136
1.0013636547300049
1.003570437453175
1.0031666850268695
1.0021559961656603
0.9908481020016464
0.9869012977332106
0.9838919638650538
0.9949976629870374
1.0800814435626056
1.0795451693024853
1.0264936828443387
1.0508666291535438
0.9846244205799645
0.9922813323719177
0.9774818223163951
0.9805652109362297
1.0040429675927687
1.00481652666271
1.0027159641236552
1.001808606935883
0.9995392964027011
0.9996585129242409
0.9996267564387469
0.9992829379357855
0.9998331687414982
0.9998888556231095
0.9998738393605535
0.9998326491039806
1.0030209051863779
1.001661203201282
1.0020577239510982
1.0013992525004187
0.983571928903064
0.9816815303870441
0.9800055796926052
0.9567405803013647
1.017768067216207
1.0117560448174276
1.020621600553636
1.032502595955361
0.9912090148285803
0.9924516445516994
0.9898352138344074
0.9889290057166122
1.0012491264838452
1.0033670017445377
1.0013748624077459
1.0027631073547845
1.002665172339592
1.003657314059028
1.0006736037752955
1.0027730929732144
0.9939646119840441
0.9940918816507371
0.9930905198407723
0.9922021821049807
1.023863400245117
1.0462980524649441
1.0093083475072433
1.0427416124256796
0.9853603689696769
0.9918780321267461
0.992419842300056
0.9885802634042093
1.0037670409544297
1.002444178922214
1.0039621727734882
1.003822937580075
0.9987019751403282
0.999468642734254
0.9994180815217019
0.9988251631887316
1.0008958950792173
1.0008587239678395
1.0009976420572275
1.0006639502626884
0.9978127800606464
0.9974488787979838
0.9966284151553579
0.9947340025451691
1.018061256813812
1.0169214797431623
1.0127510362253733
1.0145434322412963
0.9476923743337822
0.9318123683266926
0.878782660107313
0.925786504197694
1.007986569246069
1.0076512429171944
1.0114010822390302
1.0067417047791565
1.0223803227558423
1.0226984798009786
1.012281652113424
1.0316925726925739
1.095580487847406
1.0870710450053096
1.0225402798324095
1.098491201326009
0.966499677243959
0.9652878479548606
0.9809396701691895
0.9594657769543062
1.0044995524735394
1.0208847457858676
1.0125899613265132
1.0164845244432306
1.000564514236798
1.0012639421378544
0.9995090596154035
1.0011670436441706
0.9801266486441373
0.953459584238276
0.9598675726429872
0.9566670244067655
1.005148410097492
1.0059163127247985
1.0063660391803944
1.0088693405092157
1.0210322006634531
1.006906199533144
1.010225432516696
1.0340230325148283
1.0044575659873036
0.9998776920846989
1.0057933932897178
1.0032445124474025
0.9967932301254782
0.9948002115176271
0.9947329004677264
0.9956009005699495
1.0339008607569484
1.0243388296069973
1.0140351418188738
1.0305835888073243
0.9744312847023581
0.970681039537172
0.9905551423337172
0.9737634614773153
1.0067457602241017
1.0082615856040802
1.008221452267548
1.0091937850907156
0.9880997152050968
0.9842379707639999
0.9892952210911056
0.9845940740252058
1.0427923674041322
1.069064278283089
1.0876819175612142
1.0848197411317597
0.9905915992691744
0.996466057875495
0.9876685622889108
0.978282729242494
0.9985122468759676
0.9985472426112437
0.9978134564098359
0.9969542261223845
1.0391686732429344
1.059788383680018
1.0254524424412603
1.0407755400423797
0.9403361692611588
0.9206120732607334
0.9183998115252833
0.906723690238123
1.0342802575446555
1.0463248512129966
1.056957153888289
1.0454066798745805
0.9883366737579882
0.9880584345943384
0.9850801626282598
0.9942819111744393
1.0022583148025428
1.001179638984344
1.0019160992726683
1.002392080409994
0.9997380768335533
0.9997049749814354
0.9994621336663083
0.9995944338252218
0.9968099921692443
0.9976482157716368
0.9995180915306686
0.9988776326885289
1.0406281565453617
1.0448414260528294
1.0181819169313826
1.0356198649432649
0.9890528780135528
0.9884626219884577
0.9952283531955948
0.991892755336911
1.0008799276729101
1.007041583005996
1.0069037249046604
1.0035206992378471
1.0003706412532198
1.0010759121274158
1.0005527189296288
1.0010515919919192
0.9846962508531406
0.9891726104056489
0.9939845332403724
0.9769778520821228
1.087144988483731
1.1132390629716717
1.1267065343209746
1.1186364851854917
0.962389674027875
0.9672221713740167
0.992758575123565
0.9878714422558422
1.0054560312970093
1.0069846335806534
1.0084943384933922
1.0055692811955026
0.9987029215052706
0.998019257981135
0.9982407895453124
0.9984888426886469
0.9993736188020153
0.9997226448908525
0.9993575873749146
0.999124517535243
1.0068111399758
1.004036527369364
1.0067152838051059
1.0042487816895516
0.9699175687701307
0.9732849093828253
0.9909516009867473
0.94775552216722
1.0098424544043756
1.0093535017069386
1.0079261551058538
1.0127582987980388
0.9970703244925736
0.9984040056051823
0.9959180612902669
0.9967786312969131
1.0003797229485265
1.000270405765926
1.000552110657695
1.0003198800121806
1.0018610253775333
1.0024687400934293
1.0029601442480782
1.0043503419874926
0.9915186672589653
0.9931993994517443
0.9945194610073598
0.9913190952825379
1.0008985949571494
1.000492965363295
1.0004886507830095
1.001016502292428
1.003634150812026
1.0020543406118407
1.0031985361241254
1.0006737320415917
0.9991020257971748
0.9986156469842887
0.9987644933959628
0.999202096938276
1.0099700658550756
1.009726574226201
1.0084628179921804
1.0047402169680297
0.948831241298477
0.969571732778797
0.9416044520859329
0.9274250069787519
1.0410272226573043
1.0073824575818129
1.024655196812898
1.0200915736843337
0.9535058807375401
0.9415189126892058
0.9713814415277858
0.9674411388350295
0.9395611798990083
0.9295107558781122
0.9367185434019598
0.9289123328729413
1.0243288829592052
1.0083027181959119
1.0246746542602763
1.0225787834679074
0.9861386902607575
0.9924841479945434
0.985819515503872
0.9828119737486746
1.059211417304416
1.0462067651230045
1.0410441783303335
1.0720406351851341
0.9770659529085995
0.9872444696803341
0.9845835478049787
0.9795961947599247
1.0142035054276874
1.0077249322657182
1.011762909484678
1.0053393011472094
0.991434583779267
0.9893799012949815
0.9729650084685371
0.9937477614176801
0.9943572693460374
0.9918860714012461
0.9882003000269023
0.9835996172410635
1.0028107089682494
1.0034857540603068
1.0037957759639584
1.0038168143787218
1.0005012714060926
1.0004326192215272
1.0002554445189278
1.0002975860895267
0.9956215440119963
0.9929217011574745
0.992071029786865
0.9934447043845102
0.998028157588577
0.9962593448144039
0.9963588193791584
0.9964176166049513
1.015101269995635
1.0274025939858942
1.02208045474223
1.0224441333274974
1.006489593267973
1.0188335588354087
1.0212723821517231
1.0105429271710331
1.0265817191717486
1.0604042873367594
1.0340398647363198
1.019293362037722
0.9207396410457284
0.9324105835520605
0.9745129906229932
0.9185646303038646
1.0087406862068846
1.0075216937368336
1.0084142002543552
1.0049421434315906
1.0011878848762594
1.0013609251261109
1.0008689055874518
1.00053317007939
0.9871895148531177
0.9977189338811956
0.9877429008149649
0.9780658005497579
0.9992232654261027
0.9999539958940983
1.0001604235577404
1.0009702558065139
1.0257662206932692
1.0478297250871076
1.030298130616385
1.018577844984472
0.8308472973617715
0.7780094263360396
0.8076219359935715
0.8248365140241448
1.057079661542415
1.0265657043540997
1.0479891328862483
1.0520249051903647
0.9856462934779933
0.9887550806574052
0.9870262860351543
0.9877780219771964
0.9886682571833699
0.9899887662567534
0.9942650319623809
0.9885919731524335
1.0014325040047052
1.0012677596934607
1.001397263586704
1.0013647609822236
1.0085442188559692
1.0096132687665613
1.0062904246403919
1.0002253932845084
0.9079613908996843
0.9308113360349592
0.9638263635326265
0.8722341406183411
1.0159040206831529
1.0196867474895421
1.0291722266531806
1.0235409679890481
1.00728768946053
1.010207257689485
1.0046058465118528
1.011093494422352
0.9993125734321954
0.9994613158621664
0.9995726705843379
0.9995858337772149
0.9943039947332637
0.9929889837670678
0.9899816767847809
0.9901088456619019
1.0424939454353932
1.0569193903420269
1.0276656893551988
1.0402232836023952
0.9731042615898701
0.9929555647504478
0.9791244915425101
0.9630800289114299
1.0066310833842316
1.0047681144922431
1.0093475965253402
1.0100723986752829
0.9987746355735877
1.0069131247702943
1.0099780583573303
1.0096246350409588
1.0136462522583345
1.0209771411015582
1.0086217824853796
1.0243717407079536
0.9952144442305249
0.993478086572073
0.9945527631175456
0.9950021691766725
1.0193297056821105
1.0184567296207794
1.0160681658969724
1.0037805404260067
0.8515425197310705
0.8590342268025577
0.8417389815003472
0.9484076558758673
1.0163567475855302
1.0071102193512862
1.0303868980929052
1.0168236910572355
0.9932406237761885
0.9933837659938692
0.9970001160339064
0.9933633929896077
0.9997408369862252
0.9996601787478946
0.999697671619499
0.9997746058411096
1.0088001932889128
1.009397420982412
1.011319400480386
1.0058646900621115
0.9984669704233599
0.9998823737420373
0.9990195137695235
0.9994093482080186
0.9975561669630544
0.9962072532669115
0.9974632060490691
0.996863532993983
1.0063042917140852
1.0096055160627158
1.0150716518681386
1.024880676537926
0.9947666465122412
0.9958569435670452
0.9914669700459421
0.993138726117075
1.0079994286397582
1.0039240281719912
1.0039564768119662
1.0077464544636001
0.9983666350875077
0.9989761832212286
0.9987223370403867
0.9977196812750164
1.0068270703732909
1.0032478061572
1.008908133000713
1.002156500318758
0.9997758662573409
0.9998391096298668
0.9998312406561913
1.000038792086715
0.9976599771313777
0.9979516681563553
0.9975096650146548
0.9969533015316437
1.0226484646290979
1.0104631282814878
1.0177626002264275
1.007941051030424
0.9916772188364882
0.9940801814324193
0.9978025474906145
0.993991454854436
1.0339569442030936
1.0352603293884182
1.016100011861631
1.0047382758817691
0.9847673776039684
0.9885735691013652
0.9914898884673041
0.9677340303444615
1.0052211107828655
1.006461910492103
1.0049242726932541
1.0046199865579348
0.9984970568881463
0.9984097846400461
0.9985874566293955
0.9987665713755746
1.0002924788248135
1.0002300717550303
1.0004198837939438
1.0005479851061003
0.9994684766919165
0.9992315605639677
0.9997698350093146
0.9991638316707364
1.0024799981272952
1.0017103706449528
1.0016301159886285
1.0020466307104698
0.9921052366701186
0.9930252760195866
0.986325215060468
0.9977081746460431
0.9980342929550449
0.9980597090377638
0.9967522703016253
0.998895657846571
1.0047749452669459
1.0045233523924628
1.0059218652194428
1.0021113525909557
0.9992778483989982
0.9988146074540388
0.9992105287022076
0.9994280589757855
0.9960537015705246
0.9981563096108949
0.99644450813046
0.9983502199291028
1.0171978647316786
1.016679668275495
1.0150977821902951
1.009048268203766
0.9968928731379817
0.9967382353445384
0.9942430603443415
0.9942436603752208
1.007577152401593
1.0101754789225723
1.0056669575621118
1.0124446273143768
0.9969257672936708
0.9952833189502457
0.9954587563690146
0.9967339667829969
1.0055976891679956
1.003941835783209
1.0025541968581149
1.0059342904816704
0.9742965304947836
0.9741131824280914
0.9729471797014945
0.9704144559554149
1.0043634865192905
1.003807160211767
1.005556473041704
1.007401528188116
1.0151048052647573
1.0253281700697396
1.0081912026763808
1.0208410374290489
0.9944237476131629
0.9963624892492627
0.995323722489908
0.9915740887537609
1.0055771503872841
1.003158265531176
1.0034797943004452
1.0045345182270295
0.970853229975495
0.9937903602917947
0.9755783806581688
0.9778467247771483
1.0101110011547108
1.009465498062368
1.0035350360162167
1.0110284017400952
0.9913048787318596
0.9924872422448424
0.9888462802862109
0.9930889207491965
1.0647297133329616
1.0549747930428905
1.083948644939535
1.070396153378072
0.9814525425828824
0.9615860070518972
0.9845843863622412
0.9679942281788924
1.107889081880029
1.1161781796907362
1.1002149160215988
1.083145975815013
0.9708816409099673
0.9682354749994256
0.9760090564060153
0.9908621637598038
0.9946219826353727
0.9994863484854707
0.9911902816135927
0.9889253240081656
1.002302519384932
1.002135611848105
1.003317646463045
1.001180732082461
1.0076854744274781
1.0014053899023296
1.0051731779859985
1.0030696172545703
0.9980180696722923
0.996532629508781
0.9960334187010882
0.9989879586786843
1.0070596297095749
1.022573573334513
1.0164024216630747
1.0173062945018707
0.9958272266817485
0.9949774800226553
0.9957895995479314
0.9976201849157522
1.0004012839341616
1.000526355202004
1.0004309562581957
1.0006246312228093
1.0004535268530674
1.0009184754637237
1.0010327717198864
1.0003569523048967
0.9957812408268955
0.9919045963004689
0.9981518246970478
0.9951402736708925
1.0537967158540855
1.0680627680555899
1.0546683429474277
1.0216869187644635
0.9867855985137894
0.9956382345654747
0.9844316472458834
0.995963808698413
0.9996541225521789
0.9993158393218318
0.9991868398164351
0.9991202500841881
1.0259954987570303
1.0363588025217076
1.0099336155460696
1.0310036571477645
0.9889803625768824
0.9911384152636573
0.9898627894490923
0.9906294069798286
1.0028618013828166
1.005439216492013
1.002805513437389
1.0031484205850807
0.9958915907126015
0.9918888533483855
0.9886181084232484
0.9920756473292588
1.0567496954368443
1.0382798315989348
1.0217258477107984
1.0584863392010906
0.9615286531903062
0.8904191032943631
0.9720943935649262
0.9146899964793526
1.0348625242327734
1.0383949969936739
1.0249186600323277
1.0179301211032328
0.9969848991026009
0.9855758234824957
0.9926299371285714
0.9941696501102901
1.0154763465020127
1.0225277390449061
1.0315665674267946
1.0443475151908836
0.987431305619088
0.9869474683784715
0.9961141854741092
0.9856582731854517
1.0054167890924015
1.0021017453257328
1.0019356425355892
1.0040036340879357
0.996132004249415
0.9963869131059654
0.9972824438211025
0.9954217830172947
1.0005509021712842
1.0008498260831056
1.0005237451723927
1.0006755487665673
0.9994778454250075
0.9990109204984771
0.9990352294865188
0.9989773490389166
1.0052159885986125
1.0036689546212958
1.002627495165178
1.0117666087235508
1.0195384596844292
1.0222968361293094
1.0263576302652972
1.0240129719442967
0.9886010989667547
0.9955173672532062
0.9952516162471204
0.9939901541974487
1.00437677905564
1.003115541726226
1.0034133926349305
1.0028268597714634
0.9945860012879837
0.9884884090412195
0.9903529429067683
0.9898380444970272
1.094306604102563
1.0436586784109925
1.0646401019165919
1.0353619915242958
0.9753027086997941
0.9710303780672104
0.983744577561352
0.9700431247296253
1.0136111551245288
1.0096291066918743
1.0091169871980576
1.0069112357621943
0.9861398632827058
0.9843995280421998
0.9849299251690814
0.9791264214403276
1.0752775383138786
1.0425303976864502
1.110602004975706
1.0806727264128069
0.9794196900637783
0.9793035083388637
0.9773585105070454
0.9713792474769908
1.0083424594650847
1.0086447730515864
1.0114220248023431
1.010848625398346
0.9962421175187345
0.9958006182584185
1.0017583884996195
0.9991951120716647
1.063970825435555
1.0433618508711962
1.065648072477061
1.0749808203870586
0.9949676240915015
0.995122071861469
0.9844308711228142
0.9909395404056691
1.0024640624609586
1.0023118105688582
1.0024543426074553
1.0027483201758158
0.9995163064806721
0.9993066517341002
0.9996294902787732
0.9992612265945794
1.0009058767858465
1.0007877101392229
1.0006527567116026
1.001204877935648
0.9964907741966398
0.9952402799798965
0.9972350078426478
0.9944779179136002
1.0011062281260674
1.0008348283344068
1.0009061659083656
1.0003334607329837
0.9998029361825465
0.999815786927143
0.9999946408599708
0.9999169843650325
1.0000678962631095
1.00005514974008
1.0001140495312482
1.0000880949380222
0.99955920305077
0.9996540162256823
0.9993771301706418
0.9996602751144666
0.99978531061647
1.004401553261983
1.003407185835491
1.0003952289099238
1.0100872499980331
1.01167594012222
1.0149584049812126
1.0474399147528415
1.0280870150300228
1.0231439294616045
1.0159130250882267
1.0342836998488687
0.9875380407610731
0.9936981221772887
0.9929790327023319
0.9875718922593676
1.0027355117226184
1.0014262793683806
1.0032862961439868
1.0028676202861655
0.9983185759931351
0.9981570178495117
0.9980023542155797
0.997629419218807
1.0227678377205247
1.0227055691105669
1.0079321192988486
1.0250650613178882
1.009636592891027
1.0046889278028655
1.0116013204100467
1.025247589660558
0.9922276141187512
0.9850064648558535
0.9922528535759828
0.9861014078505327
1.0611554032251924
1.0993064737281357
1.1291892633084641
1.1001162605673183
0.9964225164379361
0.9845542951648458
0.9948873807045283
0.9917167629658754
0.9730330422143456
0.9801748506443186
0.9979075851351935
0.9846322448822242
0.990677184379021
0.9730216942239339
0.9599498878902144
0.9932345544371396
1.002020105792006
1.0025132053568915
1.003209822464754
1.002210425512655
0.9965850025955469
0.9970017812865137
0.9962663917292269
0.9985148202289492
1.0175820284319825
1.0261763918620739
1.0110646239875005
1.0158882127921687
0.9739658775310521
0.8735061666307605
0.9304493971839201
0.8648986874217667
1.027122838729988
1.0199609081099705
1.024111778620743
1.027977227383553
0.9923988989942202
0.9956905220665819
0.9904845225440827
0.9927516227260949
1.0045644280081474
1.0036708507700332
1.001507398573775
1.0056595446111003
0.983231688359522
0.954251249851841
0.9618685387572259
0.9493705989472998
1.0482724250663413
1.035966439606747
1.050981532836018
1.0229868926721635
0.9959483166380095
0.9902207656027023
0.9993681482595379
0.9984019350510211
1.0398624759644455
1.0640476048487881
1.1409517137404288
1.196594315958008
0.9835331799113565
0.962583264843704
0.9757193375986898
0.9815150851339994
1.0064857689917652
1.0135418509742402
1.0133425737266306
1.0059422283432307
0.9901068114204357
0.9843927909399628
0.9961037804956994
0.977414752208833
0.9566401945784793
0.9606470992871179
0.9725688763129964
0.9290240175761721
1.0958810028455865
1.0193858503580513
1.065355812127864
1.1044429680416759
0.9766257890123479
0.9840131177114179
0.9751770175665877
0.9891383608693385
1.0016461588111636
1.0026253173259667
1.0015282081380041
1.0028339541555302
0.9997627274352096
0.9995166068378364
0.9995053134092853
0.9996827658700647
0.9991937073853776
0.997467606610164
0.9988753100500083
0.9993184525208048
1.0934086566002352
1.085222664497851
1.0683051692462417
1.0648965557482768
0.9708946947023513
0.9767236748392726
0.9813580054848009
0.9929421992568194
1.0315299471730586
1.0240846167436992
1.0335104522924805
1.01882999814368
0.9938219898704185
0.9784434679091875
0.9800844070592142
0.9781937630616668
1.0081060661077108
1.0052973607963684
1.0076615054554712
1.0069471154220064
0.9804064265003241
0.9756129999242527
0.9865525451442961
0.970012639006025
1.00339313150312
1.00761981119508
1.0057973164006333
1.0068617962470061
0.9986493722861456
0.9981681102969323
0.9976292862080395
0.9974960371263492
1.0282315348450053
1.0165454067692508
1.0185819300392334
1.0240475088944294
0.9942852015604847
0.9929472760149174
0.9875431296834098
0.9903809466152602
1.023730482929665
1.018048598780929
1.01343851416815
1.0270052223254125
0.987324325943538
0.9909990519113433
0.9820041836406376
0.9915999410256122
1.0253561712170165
1.0095341949126713
1.023621814609553
1.008755388520415
0.9872819459388742
0.9863005067307965
0.9895405266217027
0.9832876893264878
1.0078748008437988
1.0153919449489088
1.0078481957741725
1.0105498802284651
0.9722550419975502
0.9824578841955967
0.9780984068575402
0.9574752726924031
1.0085832061572597
1.006020705404194
1.0113140804091414
1.004047368119346
0.9995848546540982
0.9987298906122907
0.9984908325580119
0.9982408590428269
1.0020281938064188
1.0016640166144635
1.0020495994102556
1.0016352843591187
0.9896125439482182
0.9860938839791004
0.9930609664842706
0.9805418652276234
1.0036949435533946
1.0038609362900242
1.0028732118412633
1.0037216569192056
1.0007561341709916
1.0008407406151762
1.0018282154147022
1.0007731541101847
0.980205116526663
0.9761235544563187
0.9867662077102237
0.9713573729050416
1.0043449806750908
1.0023275901126254
1.0041637886910628
1.0042796714190394
1.0119086135289888
1.0092950150466533
1.009042380449056
1.0174993366948257
0.9882318625178206
0.979009630636462
0.9726324745699945
0.9856164132305707
1.0757208859771719
1.0835495324064526
1.0551023153962673
1.0519500979550083
0.9926004482790692
0.9830071386926715
0.9858866436255892
0.9826585940159094
1.0227429552803433
1.0104069663489361
1.020966678568273
1.0166626178307248
1.015622018426425
1.007514559157673
1.0035232621304624
1.0057180341228928
0.7754434859933781
0.9587991174272738
0.8193798450085523
0.8362646186613473
1.0452085123098922
1.065123783069285
1.0347071935408894
1.0346368881598795
0.9919163184264377
0.9929444446841694
0.9875440137568137
0.9900632074384178
0.9995815433272525
0.9995493886793221
0.9991335485914346
0.9985074132203838
1.0049480572702867
1.0051097868034213
1.0031521763211502
1.0041323077261979
0.998237128557961
0.9716132075608588
0.9618654232185955
0.9760470758712436
1.0048862730013213
1.008860796855552
1.0039953540070619
1.0066628500783439
1.0265414019416719
1.028278278382335
1.0181594575609805
1.0129417741137539
1.0028361722034789
1.0003289281533754
1.0027525896117546
1.0006008998636347
0.9991808012482516
0.9993197580533674
0.998987804001957
0.9990038867424834
1.0037730404290093
1.003834889629504
1.0119091226823895
1.0097631927865138
0.9978725723976215
0.9986142553283976
0.9975789844087335
0.9986024777082757
1.0000683873391731
0.9999741966469388
0.9999799454914993
1.0000875969629737
1.0032503545657028
1.0028655113805254
1.0048414441637752
1.0039132065632452
0.9675205499685954
0.9819018014046038
0.97100340665194
0.9791263049095177
1.0303779083663773
1.0414346492120028
1.0153311509176686
1.0288471539437674
1.000453354803894
1.000635117829792
1.0041869157296053
1.0028064367119687
1.0000082135898507
0.9999280401274725
1.0000156490993812
0.9999913599839031
0.99668129736572
0.9966569590108706
0.9952507398338273
0.9967626402191759
1.0201183170975352
1.0216378542241547
1.0082166078798414
1.0229276268295726
0.9946246570375133
0.994032520001294
0.9927920465682787
0.9980024353034801
0.9963325098855611
0.9958453815451364
0.9941896425147394
0.996448287152576
1.0395125737734445
1.0284465334893897
1.0350044290712435
1.0396933928223684
0.992984660273632
0.9791414225212366
0.9856546427641693
0.9903326931697213
1.0170459966811596
1.018531338956572
1.0077628779596222
1.011208261505021
0.9361801914490984
0.9276512996346474
0.972635334046615
0.9300294669056093
1.0260832670428621
1.0169482340720193
1.0113405749232918
1.0216267671514225
0.9953856147787902
0.9948541538881844
0.9950522834359283
0.9961074307088914
1.0006575537813753
1.0007243812574225
1.0010974879401355
1.0004156033838416
0.9998369861351185
0.9997489770208836
0.9998119813980343
0.9998098631257405
1.0002721709825895
1.0002561277753013
1.0002919573771754
1.0004325954897846
0.998238751303802
0.998600729801566
0.9976964492439924
0.9978037837923854
1.0128670251056155
1.0132267717438872
1.018328251346505
1.0116736886063
0.9929512143704753
0.9880292373661405
0.9924292023819399
0.9936221340744876
1.0356414755778496
1.0119818980458846
1.0332466213107396
1.0409920880437908
0.9848833041193733
0.9912432419254074
0.9953528708552887
0.9867194665552782
1.002883273282048
1.0030274493104345
1.0031601653533158
1.0037421116006344
1.000027946103089
0.9998283599732394
1.0000484020020435
1.0000819427665617
0.991938505178037
0.9931280121722053
0.9936752134076807
0.9961120282974413
1.0451613832969966
1.0376061043696398
1.0364481411650746
1.0375048236936502
0.9876847852262478
0.9889840695547497
0.987756476207333
0.9932325719048849
1.0030105859871299
1.0016670023534908
1.0027733554971294
1.0022506541181289
1.0002370007715884
1.0003780858231743
1.0008345324925885
1.0001862816225522
0.9999439055893226
0.9998810767375778
0.9999005030175575
0.999876232068565
0.9999174739604983
0.9998423585369584
0.9999016811178832
0.9998618050827874
1.0005257557441705
1.0005672119228772
1.0008632559584143
1.0007224297199961
0.9978953286867124
0.995622557997776
0.99377977399044
0.9969712369910213
1.0648688517025389
1.0394677707144075
1.0309254528501
1.0382096429762095
0.9872672013421714
0.9914908921931641
0.9865140476144411
0.9873757038909993
1.064080464482405
1.0276348364022054
1.0671857749944145
1.0643442876338611
0.9447735800587749
0.9698812919626808
0.9337456486438729
0.9653839440689451
1.0232866295111354
1.02350091356354
1.0385578897395673
1.0407899188955294
0.9888894059782295
0.9883083406072118
0.9919918711008374
0.9903039881685622
1.0018908387329832
1.0136446168076365
1.008408254753892
1.0037570018935507
0.9845340378716817
0.9908923300565885
0.9897790837256724
0.9917876498346769
1.0012606065076288
1.0014711187539187
1.0006721211572926
1.000581922243854
1.0020278163697915
1.0016998624422069
1.0019400702361658
1.0025535573818352
0.9850437261616205
0.9771104360874096
0.9706599429207624
0.97196061493006
1.082332479400183
1.0577139541224414
1.0610254789193583
1.0669296686145024
0.9493350749565994
0.9687719153122704
0.9468322894300713
0.9549766243801284
1.0327202601984322
1.0268232244661373
1.0173802923385546
1.0316393385604283
1.0444599113184816
1.045263476118397
1.0118458419423464
1.0798076058166601
0.9914336482631414
0.992401095962016
0.9877088465807855
0.9908389634855174
1.0034378625518876
1.0012585911811116
1.001571367853129
1.001274961613644
1.0010048745458187
1.0010878116460513
1.0019756777235962
1.0023037434620274
0.9994870059425033
0.9993345334906651
0.9994913232391452
0.9994302611506954
1.0002538154006275
1.000270635418585
1.000233066028407
1.0002893100141705
0.9997688602612329
0.9992576956833185
0.9987491149153426
0.9989506453934721
1.0071912700593328
1.015299723826762
1.004819441385173
1.015839591463065
0.9975070609727253
0.9982876681125641
0.9988553818094649
0.9974267206298388
1.0007417883027534
1.000859288375115
1.0004582474936976
1.0004183159546773
0.9995856578949552
0.9979763185379169
1.0026359911578901
0.996506400610563
1.103067539989011
1.0415995617544707
1.0354579845943692
1.06800074930484
0.9225122781008074
0.9655354086162046
0.976498317520584
0.9226268999828618
1.007673647725104
1.0138880304106732
1.01485892119733
1.0082585862236066
1.0456947552246567
1.0267781791592183
1.022689973088515
1.028956100765766
0.9922783882639226
0.9942006161142941
0.9911372215363405
0.989266326540289
1.0140099560635631
1.0204675119354814
1.0082167833908722
1.017690258809873
0.9748168824395025
0.9324660512485646
0.9530270863469559
0.9261887668163731
1.035555021839262
1.0669573329111541
1.05746802106224
1.0373481419077457
0.9905714620983496
0.994083701107394
0.9936200223159911
0.9924055137700798
1.002691928397886
1.0013204222096175
1.0013068681397763
1.0022655905730717
0.9999408434919119
0.9996231238675891
0.9997450241895077
0.9997770082512806
0.9991963151263135
0.9988728289008191
0.9992333821379206
0.9991434663406982
1.01083558644706
1.006338893763566
1.010579308227722
1.0091906583144805
0.9943010452662946
0.9818220642028715
0.9837051134222002
0.9898160177877574
1.0997224927685036
1.1130779407192954
1.0962801321261002
1.062855062371205
0.9394392398256186
0.9140738791293674
0.9324493443248979
0.8769788630543806
1.0280670823576377
1.048381120700844
1.0282337115253974
1.0300280840193123
0.9914274192082532
0.9937290745832149
0.9948969323584475
0.9934187067014534
1.0136727268126093
1.0135452346101166
1.01440608572444
1.0143139801262964
0.9960368470247994
0.9967288700201946
0.9932792337012096
0.996635937730524
1.0069040814743273
1.0142417140567945
1.0312688898607292
1.0169724052712585
1.0201614844641111
1.0072155377680376
1.0224422130980082
1.0061703143807486
0.9961212517534092
0.9983048355752812
0.9979978251233872
0.9980886014064578
1.0023930876665887
1.00308483713424
1.0022044698887698
1.0023242036965183
0.9760442556798208
0.9810352091062966
0.9897339027219819
0.9813546142151292
1.0013559759575719
1.0014969703280556
1.0006328962026956
1.0012953576543493
1.033645252068095
1.0194481274768352
1.04001036354113
1.0104902262765074
0.9193593687411459
0.9457191196697765
0.9162477040052489
0.9292138469256663
1.0207801172821478
1.0125381162953295
1.0120686605944877
1.018990360135266
1.057293388505633
1.0055453264569894
1.0356702813714866
1.038138351209169
0.9920070170146347
0.9855249884812237
0.9800225551293661
0.9798149615054493
1.0318545923442322
1.0197053113108665
1.021165238995102
1.015142102693997
0.9949402608980848
0.9948984417601872
0.9942812975614895
0.994082180220647
1.0019214614833518
1.0010402210571843
1.0013264933833683
1.001311976611888
0.9988579090578803
0.9988009036070457
0.9990928816613643
0.9986515972409625
1.0062496157144198
1.0050856009493427
1.0072551628544961
1.007883038776104
0.9982705312348049
0.9984837375783245
0.9972028182555224
0.9978392581125163
1.0007313989458004
1.001211532526843
1.0010168198385132
1.0023035476611601
0.9906175339483255
0.9927359910800744
0.9897317312614605
0.9935560624224518
1.0461743170327236
1.0353278820197893
1.0567240159374816
1.0481087090946184
0.9771967133926298
0.9837444863191331
0.9779710048495995
0.9838363749730337
1.017692758068022
1.0305721983097906
1.036069850421672
1.060346053060629
0.9869254768264552
0.9877690279507794
0.9869265722788276
0.9896877464932099
1.0059430134739145
1.004532245515296
1.003849310519748
1.0040032089882058
0.9969373104695415
0.9761790109714579
0.985274276845011
0.9917674018390789
1.0039865357683413
1.0043064814206233
1.0015107619410104
1.0022412964805993
0.9998884029461862
0.9997960734488663
0.9999323481297459
0.9999477123662804
0.9988478620484224
1.0003009723939653
0.9959479330248793
1.0010195088898606
0.9891457854000579
0.9867407709046371
0.98015455668614
0.9873356204792387
1.037879255648437
1.0692636559354083
1.064188839052772
1.0549425559712404
0.9927278372987339
0.9928400752815228
0.9874959161495492
0.9883786606183709
1.0083677325220828
1.0272683521132095
1.0183777224517037
1.0295653279852015
0.9992812373893314
0.9989984604336246
1.0003206024782674
0.999668502542117
1.0026627289123438
1.0015245228366092
1.002025542824358
1.0015445225121735
0.9954019742658935
0.9902798171933865
0.9931103195021462
0.983342345049475
1.0049830095094587
1.0032780164453772
1.0034665801811842
1.0057081798090963
1.0006583485651688
1.0005804267605511
1.0003292401054096
1.0001964141716726
0.9938908112685513
0.9951534415503567
0.9924750736972977
0.9932995555841481
1.0076831023447008
1.009717955832194
0.9947643389805481
1.013523282236965
1.0320531744519308
1.0818514253345723
1.0437301745574596
1.1109197643120683
0.9751963984453862
0.9799601873320839
0.9772299424234033
0.9774384386039899
1.0028926464450585
1.008449512685442
1.0081702536222124
1.0020034303321
0.9981816380783669
0.9987194563485481
0.9993370088597873
0.9991141557776344
0.999020353275815
0.9989680587502311
0.9989274529088161
0.9990374256937469
1.0049412791796466
1.0039101598683855
1.0013665953897528
1.0090142276586418
0.9962168182272862
0.9950922133399771
0.9978666928354225
0.9965867758134868
1.0118157362871105
1.008754843346931
1.0137336829675363
1.0053023279274913
0.9985339386354223
0.9978351720772013
0.99804271780759
0.9962723498722292
0.9992389954164024
0.9977223032794793
0.9989276396425588
0.9986232278501893
1.019544539380323
1.0207852846267202
1.0335869456752849
1.0180224459719982
0.992045131823136
0.9936403174564343
0.9930236746727372
0.9931162665084857
1.0015123149546996
1.0009850795186506
1.001069341833871
1.0021449670703362
1.004004663916955
1.0028623395466594
1.0041490698508109
1.0019472694871638
0.9770369400093
0.9466451289612652
0.9618152016158399
0.9437521124921607
1.0302937638799112
1.0473616368766308
1.047312122296227
1.0358086658071817
0.992743816253931
0.9958491191951389
0.9986808268295472
0.9936938282662574
0.9970489404582469
0.9941535480838293
0.9981055333230079
0.9953024866462632
1.032073869914109
1.02802745147514
1.0203423347947709
1.035733016843413
0.9899188828524125
0.9927621719422131
0.9932963117296967
0.9930424632459595
1.00076690637252
1.0006270222848361
1.0006682612709348
1.0009487112312168
1.0052527530824786
1.0022138664216567
1.0027888288981561
1.0031573658121078
0.9752461028079336
0.965581730617049
0.9765521180044903
0.9573280718688568
1.0243021998469206
1.0409297477319106
1.0379572567097168
1.0322400932750797
0.9912777924615647
0.9946187792209344
0.9937353400715493
0.9936971377236601
1.0056039458026325
1.0063131291516323
1.0017639270458052
1.0053553344636028
0.995997004462001
0.993104884089054
0.9962283187614063
1.0001622428615695
1.0219217366674405
1.0357458652431561
1.0130893405335128
1.0423227839898541
0.9962756374837399
0.9927874735787366
0.9887417423552834
0.9903488332555254
0.9994148596366179
0.9991867276420086
0.9979485861965967
0.9995530525725944
1.0178041994038816
1.044609782944939
1.029381878327289
1.0118660502975143
0.9990014880949835
0.9992449761477296
0.9991775895934727
0.9983073156757586
1.0006960934026765
1.0009638754237538
1.0006335027758941
1.00100068320329
0.9963571607934717
0.9975095131155156
0.9958628000522188
0.9961610407552002
1.0411865657753603
1.0257287776972146
1.0203174167570725
1.0391866490732147
0.9959913231451084
0.9795309269820089
0.9870109742700478
0.9828592574383531
1.0055541988682022
1.0009981250335824
1.0084174894359084
1.0046816274147274
0.9991184721543277
0.99914904171164
0.9979987880061709
0.9986132494075356
1.0004063895266229
1.0005475953803415
1.0002537815190058
1.0004958189310178
0.9997025479509438
0.9998430010673177
0.999773369657925
0.9997856457343594
1.0009389272486269
1.0004602365725987
1.0010021645506821
1.0004619328789395
1.0018378736233555
1.000647820097431
1.0015371116714795
1.001054547976024
0.9901212644516608
0.9931068599304987
0.9909883894836374
0.988413184148515
1.0422584855030295
1.0202226838629276
1.0449206791003929
1.052506303403033
0.9891782181707391
0.9934340961451732
0.9892755047447191
0.994212517896022
1.000120747316117
1.0003496352983647
1.000221340481997
1.0002339738809782
1.0023757481269713
1.0008909296845376
1.0026040945799801
1.0018249623763091
0.9823016019316693
0.9962390923805774
0.9769316548239336
0.9813297289362238
1.002412093649958
1.0019570668239404
1.0036016877093188
1.0056985587855807
0.9980977068417176
0.9971935280450952
0.9984409381709323
0.9980403806972841
1.0069635751950923
1.0036094360765466
1.00762607392152
1.0028570853792276
0.9045999428500162
0.9553218835798255
0.9565299656536685
0.9586817926164657
1.0056557224371176
1.010156904141752
1.005907345967009
1.0099260499993072
1.0149069243131112
1.0170371853296354
1.0083684575890741
1.0217595023698378
0.9995793842462493
1.0008559502017074
1.0004924892246205
1.0035917623719885
0.9994444158469852
0.9993029923612959
0.9993629570823884
0.9995180646799668
0.99926192640427
0.9994681547589838
0.9994933366489699
0.9992840227270654
1.0057487945588175
1.0048236101001207
1.0028694599280876
1.0061431764457918
0.994778173514728
0.9877802456731888
0.9887415336132442
0.9938264443268305
0.9966141198899606
0.9969877445714935
0.995822027484772
0.9983096645178626
0.999873563249185
0.9998291284835039
0.9998287836100099
0.9998507309113321
1.0022627971996414
1.0018546618120598
1.002468799693423
1.0016163752307032
0.9984202154553936
0.9985051254110393
0.9982717352045936
0.9988174038547116
1.0050662506201329
1.0069540942493485
1.0103253833355876
1.0198039623421626
1.0035799712966256
1.0130580160556204
1.0019333156486971
1.0474114784465416
0.9936033582350583
0.9949025732203338
0.9921123713073726
0.9921488977264727
1.002553864685278
1.0022901977117036
1.0019513769775876
1.0023901414713154
0.9988731139103065
0.9998400972959992
0.9981596604716002
0.9987432913329853
0.9973427217740558
0.9979842262893927
0.9964081392687772
0.9984093418868069
1.0105904092485127
1.0090302036658212
1.015981105786009
1.006650560567963
0.998014343068575
0.9979746149938745
0.995999462412443
0.9964328676041194
1.0004684230350893
1.0004335877218078
1.000509981110124
1.000284384531859
1.0027827012326067
1.002910662917278
1.0035887166644972
1.0044895924823032
0.9990276443945052
0.9987841567162127
0.9981105829297442
0.9988423782302672
1.0068464545534308
1.0035454256102858
1.0063167458860682
1.0024136560138788
0.977873556705482
0.96303641094226
0.9614724208954507
0.9500866077406867
1.011714754164791
1.0082126594939071
1.0121425980461114
1.013111298072577
0.9960287602133028
0.9961039638664818
0.9972898342280277
0.9958218595836329
1.0009056424912601
1.0013507905819008
1.001412249395707
1.0009025985989108
0.9992133980325079
0.9985701152308314
0.9980853409917995
0.9993663519871815
0.9903599655228046
0.9923819499526204
0.9893317663422608
0.9985557828348446
1.009626427499862
1.0094968778226965
1.0044804658170776
1.0075953131390332
1.0102966334767425
1.005894486380748
1.0049098583799458
1.0082260279389548
0.9542851726351033
0.8133850772733034
0.9555303902288298
0.8870173420765494
1.0365564486042012
1.0069744919451429
1.0299249488800957
1.0331064914617134
0.9650865231384066
0.9573036157688188
0.959054076905001
0.9746864868161979
1.0082180987139464
1.0112927999314913
1.009167258937746
1.0102179721140359
1.0000428365434457
0.9996877569221003
0.9994059412363397
0.9996297682564642
0.9781864671720306
0.9919408565191223
0.9803942228295802
0.9853176240832043
1.0157790665222248
1.025902920481383
1.0154046060386643
1.026820362728415
0.9955624465598283
0.9931453022934715
0.9967297309807513
0.9951658109801037
1.000970010119642
1.0014284886813465
1.001176372404969
1.0011582072055418
0.9993442623677763
0.9992343623254899
0.9993720416064455
0.9992525584287598
1.0023861703231436
1.0011999848670556
1.0030185384158836
1.0021416566466819
0.9990302970074586
0.9989438211388949
0.9991154471675314
0.998869475865873
1.0053733908908864
1.004737452034835
1.006662006581223
1.0045240276586145
1.0132126874664253
1.01420258889877
1.011601216112338
1.0084921676835685
0.9970631068545664
0.9904160701850947
0.9978749952448723
0.9934162159101217
1.0304235532346595
1.0223418174770627
1.035284683081259
1.0241281111335092
0.9960866176772505
0.9938116056528037
0.9978549984550269
0.9942464032472329
0.9994182478910235
0.9993498175004049
0.9980578394278284
0.9998591910953102
0.9986242599788753
0.9981823743507705
0.998691423973461
0.9984514220673353
1.0213751553599641
1.0135018655758317
1.0152562493843567
1.0305073771838795
0.9848074409114643
0.9866519270882216
0.9806559156698953
0.9885703668687107
1.0346467436110096
1.0404687593173843
1.1012852953971894
1.0851397610454416
0.9847416000607256
0.9801729078521246
0.9803971821320335
0.9816337177545578
1.0079944349821148
1.0074248696271504
1.0083574844334031
1.0046722446877847
0.987389536597589
0.98995240816905
0.9854145298496704
0.9954004430408014
1.0013676023153872
1.0017129928890474
1.0023443139331354
1.001789383479614
0.9974576177587628
0.9989811392914578
0.9978208493107931
0.9979911179560192
1.0062337815330116
1.012371154827449
1.0036278730569084
1.0082973163047382
0.9511291865279035
0.9628999993414185
0.9270656412710735
0.9836836278903169
1.0133685688305285
1.0056725497062209
1.0106850462126928
1.007247673557838
0.9760597962091713
0.9794402398220498
0.9498361538597538
0.9278528290752683
1.018034875730052
1.0120080341907116
1.0152856998788748
1.0160584193761772
0.998733207853323
0.9975918018901292
0.9978145276388867
0.9983992658841842
1.001299098194113
1.0007161169550822
1.0011826763092215
1.0013025963317606
0.9965239381533708
0.9947858222677802
0.9931656727601277
0.997597496438868
0.9974744778050845
0.9955693173814644
0.9964424596272399
0.9945850857755107
1.027278200620639
1.0414783066406113
1.0317339098379952
1.0373278232928855
0.9902133216517331
0.9874416457073576
0.9905705069997428
0.9863853431918402
1.0042677539340248
1.0032230874798713
1.002088112624194
1.0025733166243596
0.9991829958165767
0.9991210091980268
0.9995686134936088
0.9995623564591781
1.0000295296844102
1.0000203270876333
1.000035719966877
1.000044413784262
1.0012095937315983
1.0010823031593366
1.00156038181675
1.0009882460680732
0.9884415164963744
0.992944581870064
0.982416941489109
0.9945844326823559
1.005692702968803
1.0054886416287312
1.0058285122759711
1.0035056276095105
0.9815036748344859
0.9719644927653464
0.9891301006318239
0.960475979165496
1.0134464499616653
1.012979829539774
1.0227314501787947
1.0123458363495046
0.9946909279692653
0.9975892275799223
0.9970834712689653
0.9959533615198956
1.000744372584277
1.0007363681634287
1.0004279441498796
1.0001608292330495
1.002638871532361
1.0022617763144461
1.0032437503252394
1.002168314921559
0.9939709201181829
0.9850900816581624
0.9922540940279911
0.9889948876072273
1.0132688297259858
1.011615560965003
1.0132294272042623
1.0057289572047445
0.9967192169224033
0.9931891182809115
0.9960621774447665
0.9928681502374247
1.0012201900711168
1.0021303527539687
1.0024590307245
1.0020982008485906
0.9997220614379174
0.9997999049858097
0.9997383241538909
0.9999462860628107
0.9991795569240675
0.9992354198376524
0.9983651657758249
0.9982301032055279
1.0112899576825047
1.0132516805665177
1.008054164697139
1.0134727153613914
0.9421141988679518
0.9698150949106574
0.9471596764621282
0.9394905159306571
1.0095321382981097
1.0054072164342616
1.0096808460387003
1.005644034622954
1.0054052965900249
1.0163909195662912
1.0130352198615655
1.0120638547056435
1.0075830018394523
1.0033944817077363
1.005204675624915
1.0035531256647028
0.9915516239633979
0.9968941160998215
0.9940839376649699
0.9918192378438941
1.016258692959791
1.0119632936984706
1.0077654440271482
1.0077912998945375
0.9652724733047376
0.9519958874802719
0.9439027260686833
0.9529814897271187
1.0118725091322887
1.019966266458759
1.0197491012777513
1.0335687734925703
0.9894295156259035
0.9840221741916744
0.9867081121009684
0.9949107348879104
1.0444712872021964
1.0284178222687346
1.0501497957389216
1.0261481076434502
0.9713566867749873
0.9873409000291438
0.991257486839157
0.9750302317302294
1.033722042135456
1.065532455657619
1.095471178321805
1.1372536769186559
0.9806765576028255
0.9664603114649395
0.9699079988691811
0.9620280519657295
1.014007586148762
1.0043915940127295
1.0156641975616651
1.015796778905436
0.9964268409984535
0.9967748763234247
0.9965217364484229
0.9966729312368575
0.9993186354064115
0.9992547103074119
0.9990796339287075
0.9985510123846187
1.0128459335123083
1.014094552000656
1.014703025372088
1.0195332625454427
0.9950165053460233
0.9950289616054724
0.9976703289739719
0.9946943056522632
1.009561232023625
1.005754742237003
1.0099254221626706
1.002223504492676
0.9992401916419765
0.9993279834284281
0.9982393716054255
0.998526949106505
1.0011742386104097
1.00211881541337
1.001857316449732
1.0016809613110191
0.9927343378254136
0.989112477022024
0.9903247347728855
0.9883968397384381
1.0006025674323349
1.000302932247665
1.0017384327001848
1.0031336401352935
1.005202478901894
1.0048713389718034
1.0062171711567092
1.004555919181207
0.996554825843335
0.9979833496235196
0.9965758876554252
0.9979058593164639
1.006016329135417
1.0063394833015664
1.0080906930513398
1.0083435449824987
1.0035180675150195
1.0012053242431425
1.0026067108762216
1.0009868301024292
1.0002827833367385
1.000440322610193
1.0001848793782089
1.0003249671006536
0.995812019892439
0.9944987881647566
0.9967504185544181
0.9973074330736389
1.0157990119842295
1.0298339963229552
1.0263883530641578
1.0192016000982498
0.9950559682382776
0.9960143811752944
0.9965296430969716
0.9950425332300366
1.000884250376906
1.0016739232942664
1.0006118494631326
1.001480982698629
0.9990991150556335
0.998854894162169
0.9988125475973233
0.9988444814191709
1.0047547723437453
1.0031496468198011
1.0049536504424315
1.0022872988465001
0.9991814950979911
0.9991655072483915
0.9987788854626689
0.9996951932174197
1.00008177325033
0.9999725717993293
1.0000011160619864
1.0000110209883648
1.0008329276470957
1.0006052006717796
1.0006428760039212
1.0010630929161903
0.9969629746648956
0.9957904238344194
0.9959249531499058
0.9931815682688258
1.0190819064007708
1.0433614199630608
1.028513243629324
1.00714264597963
0.9960283138384046
0.9969015197001041
0.9963756533959233
0.9979345355161954
1.0007185787269475
1.0003290082084133
1.0007386748100366
1.0003078946385033
0.9998946947510408
0.9997462317086319
0.9997036243028926
0.9997417083108974
1.0012469832537585
1.0018155903387476
1.0010645295813005
1.0010735597503984
0.9958497891708126
0.9871381390988383
0.9969091592569171
0.9909124046543613
1.0034345649099383
1.0030309097492123
1.0035725864537277
1.001065138386835
0.9989648256604133
0.9987456032553544
0.9989480048004851
0.9986238700542117
1.007124143190312
1.003890562891187
1.0040390714948877
1.005758862044932
0.9885152803970577
0.9932670322806171
0.9825469977440061
0.9865141183864966
0.9954737878701433
0.9978152881440274
0.9952775054694841
0.9943756315955534
1.0397037209506494
1.0620415923264812
1.043336941845257
1.0323895465248043
0.9916547020189131
0.9910447495811875
0.9821845069607538
0.9885802075755254
1.0018445244591103
1.0013470390585608
1.0023067484940296
1.0030536258610818
1.0028150044345718
1.0021739871028081
1.0047098358560296
1.0011449187533261
0.9984808395569845
0.9979736103021147
0.9975113632252517
0.9987451368870435
1.0110304993185109
1.0160872498607658
1.0117605841760866
1.0135784843656497
0.9963291245605949
0.9970421246405127
0.9967035130117433
0.9939037183536678
1.0055244061350634
1.0033673962997245
1.0011410661196412
1.002307120373503
0.9908899826137425
0.9960249644320803
0.994436268078277
0.988105031811567
1.0238829018130302
1.0256845289779293
1.0226437025584192
1.0237147655853198
0.9925369300346657
0.9937243133852806
0.9928159726709799
0.9924423084339339
1.0178677908216534
1.0177719621010908
1.0059454763875468
1.0254429568945673
0.9942995105561043
0.9911357009803101
0.9918193183662894
0.9905338292096881
1.0030454285707018
1.0008669839535924
1.0009317141138012
1.0005513641221748
1.046843103568315
1.0545019038324497
1.0406073354096042
1.0440538859359465
0.9902797660003028
0.9859997923664662
0.9922832161907036
0.9849169163737926
1.0795863971310948
1.0277065911875816
1.0251954947403368
1.0863534239234356
0.9149153685582551
0.9547329850050928
0.9406900989282346
0.9710842191210415
1.008350760517703
1.0138063421150658
1.0146523300287376
1.006873279925336
0.9976279403441322
0.9975963516409103
0.9975568941160133
0.9976728773762872
0.9947087430266892
0.9976808681429131
0.997632502596944
0.9956250049127016
1.01571968751329
1.017913735903455
1.0078660579962395
1.0067120042797917
1.0199918158176335
1.0154023756841586
1.0269752797477099
1.0099539573552725
0.9888235021926294
0.9868190535095767
0.9818176696424811
0.9887734820691082
1.023983616586987
1.0536216517715142
1.0806039504941176
1.0781586861989614
0.9880447803919643
0.9887875631037524
0.9850668407843717
0.9903435589693286
0.977995425758799
0.9952367583779643
0.9715444405108847
0.9704707495218481
1.0107092850861952
1.0084781657699218
1.0045983627917405
1.0089190526476346
0.9805241430493881
0.9759829068980503
0.9845411556882655
0.9832275905903702
0.9924362261135279
0.9887342731429215
0.9873209306752937
0.9902573902180986
1.0041891754764622
1.0129713139745948
1.016364837483494
1.0102480511301535
0.9988877009768797
0.9988314847363897
0.9967804661428972
0.9970003475092605
1.0070608043025788
1.0110674611487076
1.0094610836326605
1.0031841994954354
0.9984178409534521
0.9968749216298343
0.996842660062728
0.9978456575228165
1.000540262067447
1.0006926391811712
1.0003466855235583
1.0002891955444144
0.9999536925946314
0.9999789415663984
0.9999671252562966
0.9999442032545632
1.0000928216288598
1.0001381782589531
1.0000506916250531
1.0001119523429385
0.9993543761111605
0.9989441283053409
0.9990882303526668
0.9987845024203776
1.006732460007286
1.0078234599680065
1.0111733227060355
1.0087699707046984
0.9983376463861462
0.9985038826958839
0.9981518500440737
0.997196920628514
1.002434455014044
1.002271758343888
1.0018238059030986
1.0017879757345551
0.9854995362301435
0.9854457673297409
0.984386991855936
0.986121174233485
1.0129939863778572
1.0100249215648502
1.013403398835223
1.0143076288988082
0.9938578786919293
0.9934050114066726
0.9947164035782763
0.991284077494498
1.033068942089793
1.0282454445746165
1.0190751423458988
1.0294083648356422
1.0053322459326905
1.0062168692758555
1.0072043638973258
1.0200904860868885
0.9518027840238694
0.9752826760307162
0.9563003448781531
0.9862008452694547
1.012865863969841
1.006263976919791
1.00976554191329
1.0114560906356505
0.9928475922578148
0.9937312419572703
0.9945641027817113
0.9938727182987317
1.0014341069712642
1.003168596294408
1.0015410885607168
1.0013506080576529
0.9979145563879722
0.9968196113034036
0.9974780670837714
0.9984441261380881
1.0032385500762246
1.0195262335430542
1.006937472261192
1.0170925232379706
0.9911596463087246
0.9939411108409162
0.9879788201677263
0.9908272443136548
1.0806465965615224
1.0493508036473886
1.0682319701360528
1.0284099498361852
0.9903602404806755
0.9846489292860232
0.9785262185701238
0.9822043167923273
1.0068639562329753
1.0107884315494222
1.005344253390573
1.008690787658487
0.9819693074069739
0.9799182101263765
0.9574378306870075
0.9679199228892631
1.0084846668286491
1.0066515564153022
1.0064621887905965
1.0112916187111451
0.9990195250065907
0.9990546802684102
0.9981737154634713
0.9991748592653711
0.987723578142672
0.9932954420663602
0.991816233380384
0.987318149340265
1.0077552066219728
1.0131890880850587
1.02116924752569
1.0147627014438387
1.0291578369916294
1.0125448709687397
1.0301716034548347
1.0252420723146491
1.0157839491048164
1.0169880718287891
1.0092330213193015
1.01352461402552
0.9916957815999429
0.9948592651916958
0.995676239789955
0.9925978571035649
1.0011560115423412
1.0010102279678275
1.0010448547342399
1.0012256793553291
0.9996168800940536
0.9997028037092993
0.9993997816492223
0.9998851348084318
1.000161583093119
1.0000813332406688
1.0000757069013895
1.000149748588422
0.9976057900982358
0.9976298703821002
0.9977433337330706
0.999293338462277
1.0037899957043752
1.0214119725656043
1.016513920732858
1.0360230926455303
1.0283462283622915
1.0192531957089659
1.0160393028838082
1.0156578135260723
0.993756253117829
0.9947967811462447
0.9959373942820109
0.9963316556218709
0.9779987407301642
0.9846029061718611
0.9758491018907337
0.9880990982262562
1.0025835036479829
1.0044074486526036
1.0024477551380795
1.0033532678437527
1.0016764513436798
1.0008841320218322
1.0008318420570852
1.0008865892299252
0.9859371353479297
0.9918494576375819
0.9805354432458527
0.9847676308480028
1.0324866546187883
1.0321735107626007
1.035812545480861
1.0294922249858196
0.9801267085161853
0.9819129958559881
0.9838121746621563
0.9858300116722024
1.0024369321134028
1.0043357571925806
1.0028547808760369
1.0032000219331718
1.031179041631726
1.0250662513182918
1.0386878304196048
1.0388558298769965
1.0184811059670031
1.02077297460981
1.0234485801866446
1.0342904526190975
1.0017427013545668
1.0201171670791433
1.010871665151988
1.014148085561241
0.9944655815033604
0.9952674307155107
0.995488999633272
0.9967918762913113
1.0011252634420675
1.0009244721085568
1.00130801612337
1.0008752848923945
0.9995143521048355
0.9992920868389156
0.9994995338135084
0.9992706817805779
1.0010923173820931
1.0028102349023498
1.0026536015036907
1.0023344653222104
0.9995557944846574
0.998961133987343
0.9993301771445199
0.9989030426155563
1.0000282664188325
1.0000869720243801
1.0001152824368695
1.0000796033591106
1.0006898518151204
1.0005533559720914
1.0006059486726318
1.000683160539515
0.9968596441118127
0.9910968125618689
0.9935780639017036
0.9975132361846166
0.9998132081662515
1.000730393068646
0.9996821599036444
0.9996047974614891
1.009274065586216
1.0113693011055913
1.0132447905636623
1.0061948829104805
0.9956252367259889
0.9881218989415341
0.9822727462817642
0.9924391854037469
1.0777443962766255
1.0568085484318812
1.0926336449356364
1.0672939992904882
0.9837258139963185
0.9850698674584729
0.9850198624600723
0.9886091996379378
0.9992835794769217
0.9988668348970509
0.9986100339278863
0.9984916448069183
1.021571285085776
1.0045347347672744
1.0279504427876376
1.0036435760592162
1.010437459833209
1.0138969786822223
1.0025802463094604
1.0240214074199607
1.0183022937955992
1.0104901699510784
1.0141299342483743
1.006094614985773
1.0051953612896585
1.004284154976671
1.0023432865295065
1.0051503772670127
0.9590973167488454
0.9850370298301986
0.9641187986718956
0.9559819562670112
1.0151830763667213
1.0044603365839377
1.0067426080169262
1.0116895361620495
1.024571797926811
1.0058498301256331
1.0284523604978133
1.0057635977706003
1.0024913056708111
1.0026268512560732
1.0024887193851988
1.002273207294884
0.9908618046583335
0.9751406084691924
0.9578035165561319
0.9636546308839238
1.008978298649406
1.011008307271203
1.0144921417354538
1.0112597193679882
0.9946003034026094
0.9989219688485007
0.9943329482934025
0.9946688100079676
1.0329574231468386
1.0239161599538469
1.0243038300533553
1.0068870759718325
1.0022468625393743
1.0054724424845172
1.003893847511398
1.0103586714604282
0.9993959188183217
0.9996196454676791
0.9995323946930431
0.9993730770992789
0.9949408102425638
0.9903807038471211
0.9904195773840208
0.9969083498099816
0.9877273035117531
0.9950306270270003
0.9933207700366865
0.9859028707742247
1.0496717177210275
1.0879178352676167
1.0689535706147462
1.051462626243903
0.9990873138731577
0.999910383355698
1.0009712482471884
0.9982320874967007
0.9953991646021976
0.9962635315761496
0.9922388446329719
0.9965072758945681
1.0113493656004988
1.0122908030806257
1.011869489690733
1.0066051225843389
0.9965782059886147
0.9977314575983555
0.9989340660377082
0.9984405321615292
0.9998701578282003
0.9993615104602239
0.9996581924480291
0.9992874031334181
1.006104523028817
1.0055119163894497
1.0141128837982964
1.010001052433605
0.9978727810385801
0.9979789519885881
0.9980570388920399
0.9990044088626617
1.000160234772784
1.000114149744355
1.000209541042844
0.9999939907252857
1.0007229859448803
1.0008206285090049
1.000979855933015
1.001028542206767
0.9890392630635678
0.993016507910618
0.9877558343020567
0.9922006014489831
1.0133508245833844
1.0772618412893353
1.084442283057083
1.0871082699961097
0.985893148042449
0.9885509467571719
0.9860761714732997
0.9905121246493601
1.0022286305407309
1.0061199805197962
1.005021268661266
1.0037502270278498
0.9904336009756288
0.9873154618339117
0.9880156680956861
0.9923472690774826
1.0601194754506984
1.0221921824156615
1.0469027942097164
1.064714460114465
0.9786175435334178
0.9900410053128297
0.9618199493117667
0.9709946254782653
1.043703854095106
1.0830011037695535
1.0560496020096868
1.064344377528072
0.984845775889761
0.9853720637818244
0.9887689585740624
0.9866600851955982
1.0032566973248915
1.0042766095751674
1.0038138307339792
1.0029483332624454
0.9896451080031529
0.9891962967696617
0.9905759298595922
0.9915791110769924
1.0040529872086998
1.00227478717506
1.0031146202925287
1.0022747971895691
0.9950961653704891
0.9963726222413362
0.9871100544464415
0.9936971250081083
0.9986539616849072
0.9988888913368581
0.9980915933477126
0.9985608202621716
1.0586992641283628
1.0162307707576421
1.0277317924545435
1.0207014224572744
0.9651177097719531
0.966093727031264
0.9749636088810012
0.9570615987203588
1.0039340522573386
1.0028776246744004
1.0019757301525238
1.0017213478842208
1.0038512247629314
1.0161330013390402
1.0154174867595709
1.014136783818246
0.9945695875581209
0.9967828917348271
0.993450113029906
0.997375224314048
1.0345208950486466
1.0249196670991785
1.033128264446451
1.0322223177055605
0.9955202057272082
0.9915561574058381
0.985622184415925
0.9927574550549413
1.0056172825375223
1.0057135137407647
1.0182034183592215
1.001495474459233
1.0002044132150036
1.0044429544796023
1.0078008580300342
1.0029678246285119
1.0521739135240442
1.0464372723851034
1.0186960293113962
1.0448472345386817
0.9937833463562702
0.9891332071167894
0.9905649071555688
0.9884218634303809
0.9919665554812391
0.9933397423178015
0.9871017603090138
0.9890125297363171
1.0855105552234234
1.0683841358544717
1.0302433071848576
1.094699604725983
0.9859553341540989
0.9697280469644102
0.9730571177356618
0.9803689036052536
1.0173046331583857
1.0250441468261788
1.0212276355835008
1.0382565751466826
0.99313573854063
0.992839155320424
0.9914260485431046
0.9923990435069017
0.998540859398905
0.9994064454896564
0.9984299845177828
0.9993762264332782
1.0120423026944316
1.0184702209522551
1.0113974987045549
1.0137272053029687
1.0023850017808138
0.9974809061614097
1.0038356818340592
0.9997254902685714
1.0189147845611566
1.012396785829603
1.0170592183490064
1.0155005022529564
1.0032322139791683
0.9994341463226057
1.0044818561938065
1.0050883435274252
1.0136616037735997
1.0102461407591983
1.0171167103215286
1.0217931164196046
0.995872175065714
0.9986420069398864
0.9968377779280202
0.9966334474743577
0.9994597985061725
0.9991332235301611
0.9995808833619217
0.9990872791316733
1.008909975016937
1.0120542600758193
1.0077890803410936
1.0079170043862464
0.9501158174985169
0.97215110959907
0.9478984333564073
0.9713352513134477
1.009360502910309
1.0061812981848073
1.0100353975423642
1.0125873056249575
0.9952963007672166
0.9966564158828447
0.9993829969982304
0.9936746874398057
1.0091184582557868
1.008076303526421
1.0049173271235667
1.0105678175621315
0.9993683079087324
0.9993356099335897
0.9988169886867992
0.9992773324333745
1.0001955843303816
1.0002284690854164
1.0001672823086023
1.0001916524870298
0.9999483382641743
0.9999566856325591
0.9999689667154467
0.9999299789424232
1.0000096282694635
1.0000240026525162
1.00001771475901
1.0000215096210268
0.9999964930954142
0.9999945634618218
0.9999958126576483
0.9999948628064647
1.000001250715687
1.0000014883941464
1.0000018179596892
1.0000006903368723
1.0000011419958061
1.0000005052615617
1.0000005583783094
1.0000005875387092
0.9999971113122578
0.9999933839474905
0.9999835340233664
0.9999912610026662
1.000056724458333
1.0001060364475762
1.0000653096366945
1.000054791488831
0.9995007547936388
0.9996812162300119
0.9996625593011793
0.9996354711193021
1.0026170548162519
1.0040911043174674
1.0013473304106983
1.0012619264686322
0.9587138007025167
0.9329903537231525
0.9097115977338129
0.9191265429415666
1.0114362260373069
1.0147203425356366
1.0185274331340726
1.0193770847026637
1.0281941636454324
1.0209359339155564
1.0679466119197991
1.0555502602023115
0.990116217794972
0.9801590192541786
0.9899439727382764
0.9867980568723349
1.0014791247309505
1.0026258437624873
1.0024659947462506
1.0020259237323577
0.9988489088883896
0.9989954174604182
0.9988681739437072
0.9994825094089975
1.0029719578896605
1.0013025023687891
1.001187086126261
1.0026572236564673
1.0061550871281157
1.002710789150699
1.00419682955407
1.002990742322326
0.9815722557474011
0.9576325144163955
0.9568576789162193
0.9738588924813891
1.0262320979619337
1.0688076038802095
1.0102124155064736
1.0633313657724015
1.0325532274471347
1.0209804643783735
1.0321241487604889
1.0192476042638516
0.9703478584544992
0.9748460951672003
0.970025997026757
0.9469455569017695
1.073022674951354
1.0275997455109938
1.0409686045005992
1.036082796428995
0.9666466737580709
0.9786900713938441
0.9639761166990478
0.9665939157394524
1.010587697635162
1.0092725627118717
1.015835215605384
1.0172464073443053
0.9938469266657857
0.9917336199603458
0.9927464321452896
0.9936096642813912
1.023145104249011
1.0302897722961037
1.0297654069089721
1.0173443251915455
0.9966305070879731
0.9957002195044476
0.9949717079117973
0.9955972103309203
1.0035128521696388
1.003365478899051
1.0033119417946676
1.0029709367435484
0.9833441631242593
0.9826394355275109
0.989355681348639
0.9830930805962331
1.1054031681163605
1.0734812681038741
1.0786846804803552
1.0964457305416173
0.9857477044689047
0.9828543289393363
0.9887219395762537
0.983032695725032
1.0048606290336848
1.0028170797817018
1.0022037976558769
1.0055476073418406
0.9982718971929253
0.9971505655742007
0.9978924582430347
0.9977048716178055
1.0187803317984774
1.0212668098667421
1.0149184330628125
1.0318100880836958
0.9914792944007174
0.9923011256941056
0.9864249925701173
0.9927977261574297
1.000231894163451
0.9996017223943982
0.9999796322845858
1.0006802499323912
1.0199264267118502
1.0403197352461737
1.0286369972966445
1.0176326542903893
0.9938588117565961
0.9928158693226217
0.9921129434846521
0.9958603489579332
1.056049304507674
1.0187264223756447
1.0340262723155818
1.0546741119721268
0.9938252027662701
0.9951303079607577
0.9941816534285245
0.9923617151309835
0.998960135064506
0.9984905448099194
0.9988174485784257
0.998516394449219
1.0374589636137244
1.036183325620797
1.0214827214509274
1.0204853939982772
0.9979621644278857
0.9989031606369188
1.0002080671430087
0.9993105322740564
0.9601434282371467
0.9810682122106361
0.9665434388669455
0.9753561320416797
1.0143041744516892
1.0054223849971657
1.014558488387133
1.010790374112507
1.0124318074180199
1.0064324990450204
1.0125145213065572
1.018071625286957
0.9936932437260759
0.9915668916570896
0.9927707103648787
0.9928024934131213
1.0122197184249497
1.004757708155431
1.0150646186110015
1.0116512443145513
1.0557843605853625
1.0563007441695238
1.0393638109127274
1.0681748802848967
0.9941039756241331
0.9964731925325728
0.9969555989985999
0.9938064689418836
0.9978944940230838
0.9979464071816637
0.9997002586435877
0.9982882010269549
1.0000868345610001
1.000515903936312
1.0001093884387642
1.0002562804403863
0.9999407241750828
0.9999700695440027
0.9999212225891784
0.9999669930730145
0.9999540244408155
0.9999272409122819
0.9999538955281811
0.999966126868138
0.9997707832321754
0.9996793157208794
0.9997695485675433
0.9997125837430831
1.000956578223406
1.0024563022942863
1.0016675125500099
1.0038282896050683
1.000628918694507
1.0001525885098448
1.0006742556220936
1.000385067675841
0.9916314253431537
0.9954482047926908
0.9933084353397984
0.992359285654509
1.0446418462769311
1.0407704663544082
1.0616632676299391
1.0593293214809958
1.005950025021158
1.00654522867234
1.0044333654643243
1.018343032520655
0.9959588601920808
0.9949522843695076
0.994549420199359
0.995690408321771
1.001366229712417
1.0016880522019531
1.005488919902145
1.0016640773606453
1.0351493621494436
1.0360081700816826
1.0358630873913448
1.0128218785361105
0.9957520194826536
0.9957144753715668
0.9955854123246339
0.9981253262509541
1.0009163801420498
1.000991706335833
1.0009067549749384
1.0012407407170572
0.999647298345286
0.9998504318574634
0.9997270448569489
0.9998682759791135
1.0000455530330872
1.000032474352471
1.0000307016759524
1.000029686375484
1.0001587904306697
1.0001005557503815
1.000088212101441
1.0000815275506956
0.9990910713927047
0.9989069897681326
0.998992914419607
0.999900336977717
0.9976405324072184
0.9944647296494677
0.9940147557658774
0.9975622438342123
1.0190174982396216
1.0218061544857295
1.0457852575032718
1.0383530146179634
0.991402365534894
0.9952499429646579
0.9966358493885377
0.9966197596029747
0.9975600542481774
0.9987528166514928
0.9968062488036085
0.9972102250285038
1.012873085861982
1.020084674768294
1.0204178718709795
1.0187994032964007
0.995574115205019
0.9947303833361987
0.9975852656957378
0.9957825044752819
1.0000685075137483
0.9991266365176312
0.9999264272591252
1.002465808290911
1.0303017158734114
1.0207740505857665
1.0142552759206813
1.0194528068301072
0.9919874971529492
0.9770587379510899
0.9920240946302512
0.9766925543127165
0.9990226828779001
1.002667447771396
0.9975626795162252
0.9967204038809525
0.9767426301519455
0.9756762605341104
0.9837935011418164
0.9888576300823411
1.0050323886527937
1.004299123876424
1.0023017811969979
1.0026798008237814
0.9995263422030789
0.9998957538085633
0.9995813857819016
0.9994426431112802
0.9977968248713518
0.9980502651759126
0.9987073545385731
0.997204292253025
1.0023688838477856
1.0023392104982485
1.0030187511265418
1.0024267453163216
1.0109092030828626
1.010170901567582
1.0046602337882247
1.0109537557351298
0.9976301621718273
0.9969379802991778
0.9973268524655907
0.9986403743461724
1.0004370939116056
1.0006928956136882
1.000455033679825
1.0006273633767642
0.9997704337072618
0.9997938538519332
0.9998911298069403
0.9996548027138448
1.000331254623068
1.0002388994527847
1.000321220569255
1.0003403307428336
0.9979188171633792
0.9962959009182044
0.9976550877996679
0.9986067934695587
1.0165251668269089
1.0201624688238422
1.0124264422354021
1.0180959014279838
0.9279122740568239
0.9600018774208415
0.9753877911236087
0.89494893733558
1.0485897411579175
1.0547083500674135
1.0203747491789883
1.0600798295256666
0.9691917177727067
0.986804431651149
0.9726237772250184
0.9885951043220614
1.0023426676857563
1.0016224675430425
1.0015748028530644
1.0020784505108693
0.9997764464374648
0.999737287301073
0.9994815071907931
0.99964112159668
1.0001277286751469
1.0000820065970617
1.0001466493546074
1.00012151987642
0.9999809276676217
0.9999831437803441
0.9999865235531178
0.999977937775738
0.9998322879872832
0.9998569415969314
0.9999191983963539
0.9998376647719703
1.0009830036445193
1.0010265280484802
1.0007971502497583
1.0008215247977557
0.983767088707205
0.9954827593637864
0.9892562877739498
0.9935143347621803
1.0036296831251934
1.0029465784533687
1.0043877801952235
1.0029169550678132
0.9973022748797076
0.9945753441244287
0.9953484794741828
0.9940352717326799
1.0362606321916807
1.0337351310813887
1.0363360706532312
1.028925781782094
0.9936985112031486
0.9912032378486605
0.9898907611543265
0.9927974741993061
1.0120548748739495
1.0136470149119323
1.0050383093437496
1.0059384747866436
0.9342655612159141
0.9334227966780883
0.9328605590947846
0.9368700596576788
1.0144356303136863
1.0090963293957576
1.0120915252017375
1.012223101298961
0.9975458786435293
0.9961818019539227
0.995229828833609
0.9962263961525427
1.002815240086984
1.0022894752762925
1.0018443238219599
1.0029748423601372
0.9930289952566539
0.9896671986162068
0.9885353730579012
0.9902082210911163
1.0185926788675967
1.0335199402710695
1.024769570768098
1.014516541968348
1.0028264926039738
1.0026998459076781
0.9998774060094262
1.001488980627677
0.998944196930854
1.0001670142138928
0.998792343949239
0.9994512241113007
0.9806727987883777
0.965492133420851
0.969314474710188
0.9694697336814009
1.006539407273797
1.0086725481650878
1.006654669972345
1.0050232065563522
0.9983047685936782
0.9993273992006377
0.9984048467143104
0.9981724588164671
0.9980934000250666
0.9985079949769721
0.9990443662713572
0.9989529714590216
1.0095151795070887
1.007623084830429
1.0077171747884326
1.0072261356721288
0.9511574422026319
0.9662715809222528
0.9831503261321565
0.9562395872661034
1.0076423932492242
1.0060976689483456
1.010714061095049
1.008065693028794
0.9974457863319541
0.9967084843155474
0.9972899654027948
0.9987516554979275
1.0002552258331368
1.0003277896683407
1.0008862377491015
1.000806927411514
0.9998870384727034
0.9997685282715584
0.9997901758811266
0.9999197158983172
1.0000221165117391
1.0000535990265325
1.0000334454519173
1.000026883001445
0.9999959801067705
0.9999936296060137
0.9999979061277895
0.9999947725117116
1.0000014889731468
1.0000013469056204
1.0000008381329795
1.000000871781946
0.9999996547993005
0.9999992226965677
0.9999989328302592
0.9999991389406809
1.000003100492404
1.0000022639094095
1.0000015837637193
1.0000039486480234
0.9999777901228505
0.9999770843683156
0.999960972104227
0.9999759242373552
1.0002397123818816
1.0001746906183446
1.0000886668277311
1.0001897848519892
0.9977154020590658
0.9980778303533786
0.9977328630452941
0.9988034260280271
1.0080502140354504
1.008271259392512
1.0094689337811638
1.0244781507516596
0.9963626625987874
0.9968967256654309
0.996452715463609
0.9979293620970401
1.000558569814288
1.0008355106598399
1.0005858392334992
1.0007243027453088
0.9997431409620914
0.9998673285605164
0.99989231025654
0.9999037511576312
1.000023654633345
1.0000224184781425
1.0000365694729152
1.000037340552505
0.9999964235130272
0.9999958151412952
0.9999933359995304
0.9999949418128674
0.9999655005411608
0.9999644801599269
0.9999617248406899
0.9999691507683501
1.0001669546343113
1.0002838768098878
1.000216862042366
1.0002841525278459
0.9985271000632309
0.9991366236615331
0.997695797858487
0.997849425197022
0.9998826502860363
0.9998663286203788
0.9995716897555237
1.0000493928436043
1.0154681059464883
1.0039223187102486
1.0154966355244666
1.0055038849309734
0.9936346055546416
0.9929099777672673
0.9907849674720016
0.9926115020430143
1.0325074496571198
1.043557494898205
1.0243856398500681
1.0273722178333424
0.9377839727702124
0.9680248683181656
0.967398726191582
0.9397345597132305
1.0103532038329337
1.008402403058401
0.9986617809327158
0.9982014737463988
0.9912192105557169
0.9819519218835608
0.9818473250466463
0.9876715917256598
1.1796754861169518
1.1671053796638686
1.0353649986027023
1.0802632670064263
0.9394662074784366
0.8954850695644442
0.9690913992423352
0.9120725122912698
0.9926394178755574
0.9936624732595156
0.9746127027709361
0.9841782268410716
1.0746397455588441
1.0257290665419845
1.0524105399242587
1.021005331627984
0.9649524006736483
0.9699516101789707
0.9642614077880167
0.9684295131980108
1.0025096253024037
1.0086317554205035
1.0132959459849997
1.0138870898959496
0.9978556018629022
0.9973295348511321
0.9972801061255218
0.9968890569588632
1.0010126483016126
1.0012754433639448
1.0014601030799017
1.0015754948836837
0.9954468817428664
0.9986189925720013
0.9916021375372688
0.9969794337578558
1.0067315262880998
1.0280437799437643
1.0219302492479532
1.02113145980693
0.9947717148219656
0.9980752022563448
0.9943393119141062
0.9955577077597811
1.0042907589116081
1.0032831238993056
1.0042684853004333
1.0014311484542446
0.9995482990749375
0.9993371314006069
0.9995729467207978
0.9996876871489833
0.9996426630540469
0.9999282946966693
0.9997418409671052
1.0001882761998586
0.9984534247310838
0.9975900694309068
0.9976052382290369
0.9983102143379917
1.0074213049046938
1.0185887714493431
1.0033990949056535
1.016164844400398
0.9920007690870902
0.991651963122236
0.991572045214402
0.9893199245226056
1.056929864858181
1.0769410329767266
1.036555185340891
1.076420170809734
0.965078395376202
0.9729114244310867
0.9743243149036356
0.9666627076877627
1.0223651345799523
1.017456452370003
1.0188905659122645
1.015112517076109
0.9972537363126394
0.9957005837348368
0.9969103678276908
0.9957052854231115
1.010601540243233
1.008452879653185
1.004759187120967
1.0040207626033935
0.9440390353993838
0.9559107602853797
0.9473802451234781
0.9538437535131549
1.012829545408588
1.0151914779337199
1.0116026379143739
1.0134098594637515
0.9960278042542355
0.9980732148670791
0.997135323015239
0.9973602311424493
1.00265928036449
1.0022086993297783
1.0018538018128778
1.0026096559399422
0.9924353140628226
0.9903741148935722
0.982631929110471
0.9859709544451352
0.9968324871769239
0.9938462763515634
0.9898459281898843
0.9970158451336987
1.060616650578244
1.0454727278553897
1.013235713098967
1.0526126713174795
0.9857912531555486
0.9860090522132935
0.9911776343480507
0.9927226579340376
0.9895294253046154
0.9850063187741117
0.9867925414998152
0.9837023674207253
1.0346041151839789
1.0291810853016503
1.0163771827536707
1.022758542953653
0.9917594976506805
0.9964567045561833
0.9913435909849443
0.9904911477093614
0.9970041565838639
0.997583928521572
0.9983439588130342
0.9987592120439844
1.0213951716429648
1.0163737229393752
1.013049043001383
1.032234083295132
0.995565058636721
0.9961036241540725
0.9923799637819001
0.9901053060092403
1.0015979257080037
1.0021130213597582
1.0016338588710967
1.0013727372393908
0.9995470526056826
0.9996191546114995
0.999730349985724
0.9997456452390098
1.0001118790830918
1.0001373911096494
1.000114719377572
1.000113641378359
0.9998398310991564
0.9998090243484871
0.9998952302770455
0.9998065571400587
1.0006469038042052
1.0010453084097355
1.0010956911793614
1.0002574114134013
0.9990074830558503
0.9990393064956407
0.9993043674457059
0.9992691079291146
1.0059150537827448
1.00756261430128
1.004079417676408
1.005806654519823
0.9680131748500238
0.9663313934636991
0.9587884254355202
0.9611482470327454
1.0151302188703926
1.0083425450802537
1.0092564013608
1.0114774245649485
0.9965642072035402
0.9946055898754734
0.9953544552239826
0.9932069893251865
1.0086421692388015
1.0093579063243827
1.015748113322653
1.016097215669584
1.0003829279013972
0.9990948787987453
1.0016616827630622
1.0003787488359188
0.9980275539713492
0.9971389456606857
0.9976633317124199
0.9981503258425786
1.0089579810451086
1.0328444907323435
1.0210405577725603
1.0341378095364988
0.9909858385795532
0.9922189592334422
0.9951710513713261
0.9925540592006302
1.0002381700798348
0.9999160133254493
0.9994753084656323
0.9998906837840018
1.0000133009694965
1.000021162512803
1.0000414623580425
1.000019464615751
0.9999906513554508
0.9999891940318136
0.9999917470252547
0.9999904445063428
1.0000143450533059
1.0000500814881128
1.0000175985655364
1.000037696765076
0.999749195288895
0.9996890297706754
0.9998149403615151
0.999696121698518
1.003451137377106
1.0014456921594164
1.0016764716750823
1.0017239422511965
0.9589653911707113
0.9717808721453121
0.9584839807188118
0.9830021467686891
1.0489744134492955
1.0306882474250416
1.0152171046290785
1.066222043633322
0.9970063282835439
0.9981580697627284
0.9952759576044212
0.9967752628243371
1.0009570437897746
1.0005873157330651
1.0005486184635983
1.0008416448469886
0.9998819623877439
0.9998915540708578
0.9998541435554097
0.9998382883960255
0.9995233278576042
0.9990759886317082
0.9995106319487549
0.9993473459358239
1.0045372112173925
1.0053820881315714
1.0025254461986226
1.0033259304078124
0.9639256406582869
0.9907900067070026
0.9630519885941229
0.9891617821694364
1.0044872128345421
1.004663347411205
1.0005985633895131
1.0044655789574075
0.9986192741228795
0.9979125505693655
0.9978087845464624
0.9979874210530961
1.0046448161946504
1.012335162809705
1.0089435465616057
1.0048927009430326
0.9993947135234026
0.9993766705023
0.9987824932781894
0.9986421836757233
0.9995766841153941
0.9996327099694747
0.9996906106930532
0.9997348418407819
1.0012393385988143
1.0050636199491447
1.0054475279263244
1.0026097322260956
1.0452758345932214
1.0316013146554956
1.023679156815547
1.029435064706563
0.9916595186508762
0.9883368504257138
0.9887341200633931
0.9840877877585449
1.0029576031984018
1.004509570365313
1.0032883136660173
1.00533292900492
1.0003150785595631
1.000402681314885
1.0001953113974238
1.0002367281171463
0.9847844639214872
0.9875662107419692
0.983201969570961
0.9829177200683337
1.0007019821665175
1.0011150556949513
0.9997854035102368
1.0014606589936288
0.9979545607505781
0.9973105089525951
0.9975341464197303
0.9966333601358046
1.0280923047767532
1.0171947950863176
1.041017827944282
1.0184656608274734
0.9974888747135634
0.9946503297071383
0.9958056136269731
0.9924632770473171
1.0087490680476674
1.010647318926457
1.0099905616140612
1.0063869896122777
0.9515449708461065
0.9554850090951541
0.9841258032667332
0.9791107423994059
1.00198000231836
1.0044203987775968
1.0066368489061759
1.0032778381669492
1.0088637513779661
1.042299761899065
1.032655442410482
1.0211020878512318
0.9959642450358248
0.9965616126255243
0.9947706293187503
0.9967936268817609
0.9995050865846764
0.9973949529096154
0.9983243390490054
0.9960183079235637
1.0019529188755045
1.0006113931557181
1.0010804000544313
1.0009760405918169
0.9951436052820228
0.9975464376462214
0.9967704516894434
0.995434172703227
1.0001912735005807
1.000577112135779
1.000392474983504
1.0004632047930464
1.0036878548336992
1.0025356170581088
1.0026305021297592
1.0019929837169534
0.9789965161213258
0.9872040273049781
0.9740635084869971
0.9779008529768188
0.995948153159225
0.999237957059517
0.9953838179616336
1.0000527686585385
0.9949375377794005
0.9983508560371582
0.9948671908958773
0.9954430776002199
1.0016647127074045
1.0016169687886645
1.0018903273088766
1.0012062826084651
0.9952460288775501
0.9951260782313462
0.9947115990208051
0.9956274867082117
1.0312345591610925
1.0390191642136635
1.0322438270627927
1.0630805026172052
0.9958716153979638
0.9922232304946629
0.991192949831865
0.9920428546456904
1.0005531863604593
1.0007250679968815
1.0013353600710557
1.0015576160124025
1.006451909444301
1.0053689053682868
1.0040710152747419
1.009192197307913
0.9814496141002912
0.926188245942852
0.9704542464081723
0.9319674007767804
1.1080485410389165
1.0665316114239476
1.0442543820550454
1.106347381967736
0.9741248794822357
0.9757406684890804
0.9843398062270288
0.971192851815251
1.0031111829403347
1.0041645285443332
1.0024728790154604
1.005405285867563
0.9993250029102493
0.9990571105994689
0.999581804780254
0.9984826068452495
1.0008301517995977
1.0007914663389816
1.0007038849020935
1.0009958124351286
0.9938658361083499
0.9961995881015356
0.9936681373537077
0.9972570064136603
1.0159541505994738
1.0514936749628954
1.0417410833919034
1.0346857577147235
0.9948463401060522
0.9933590898745446
0.9936168864029155
0.9956928108303259
0.9705296908596626
0.9686194005799851
0.9847111932346144
0.9721279041283005
1.0063457212508193
1.0047932839876952
1.006829832299921
1.0054064290277747
1.0016265624478877
1.0014116963465522
1.0020056526282874
1.000684184335868
0.9793504224228767
0.977066981892416
0.9893734901792872
0.9796570647940658
1.0037389133698964
1.0044216210767025
1.0017254453985383
1.0023337041594529
1.0142380977796916
1.0280444601054364
1.0260293549184072
1.0041945840580473
0.9912658191108409
0.996034625821544
0.9938935824824934
0.9954635236440459
1.025896840795794
1.0351971361616463
1.048213289493391
1.0517891741479681
0.9888318256686207
0.989861138247535
0.9834339875615274
0.9848673525941106
0.9999728013648329
1.000303945861443
1.0007088013340213
1.000240586521838
1.0093666893121216
1.0088851801568222
1.007519963096507
1.0301945551274856
0.997815710938714
1.000966322371289
0.9995341833759207
1.0004362039242942
1.0000370275067731
0.9999873111103675
0.999988798672574
1.000062421760546
0.9999754949540913
0.9999769168127822
0.9999756592384739
0.9999916316535244
1.0000824946355444
1.0001108221159574
1.0001007310620564
1.0001591608148381
0.9992363049322714
0.9996449307622539
0.9997344845501649
0.9993524771255013
1.0047410288991625
1.0016979967708257
1.0016758530748062
1.0039332945574257
0.9855179038610674
0.9543052060896879
0.9657815354763427
0.9796714945111656
1.027333989237194
1.0109899588961024
1.0312699501677256
1.0223250721803459
0.996598701007529
0.9946069484949815
0.9970158887969771
0.9933114781189057
0.9939300255925835
0.9948115855844231
0.9982423778731426
0.9931609935772707
1.0533607985452722
1.0490956990741402
1.0342886219912188
1.0377058960257437
0.9891549132238249
0.991280558160005
0.9887288263855771
0.9881386934101322
1.0162048444486376
1.0153949326776674
1.0111211452733422
1.0063059813283206
0.9458199161582773
0.9053507863377933
0.9230350149602145
0.9073271043333565
1.0231429813721475
1.020405467310267
1.0248914524779156
1.0232649457601322
1.0075333293369615
1.0055467052656524
1.0040353661621146
1.0071398291397764
0.9263451864862985
0.9405042920213791
0.9752040828510324
0.9203800306828274
1.01545733021346
1.0143259896090981
1.0154660564273057
1.0158792102415692
0.9992834359088367
0.9983854560900947
0.99887242990395
0.9981217824844153
0.9964186417779176
0.9931463214796702
0.994686981076075
0.9960034612926266
1.0049532534202417
1.0042131888384318
1.0004444881106322
1.0049601973625402
0.9801763799161424
0.9785012909645447
0.9350269563553721
0.972328311494404
1.0368986964045075
1.0292928501788356
1.0083491297638771
1.0196564565628685
0.9936731633525483
0.9924456097080374
0.9930117571363029
0.9922307434252239
1.0269816878029019
1.0253296228063633
1.0142280179779186
1.0161489650674023
0.9100289662537612
0.893743226297015
0.9338766158763202
0.8860972073545416
1.0144193627441929
1.018662968682513
1.0209051072803517
1.0219035346023384
1.0066607653671267
1.016053519816469
1.0139380616729168
1.0175572012850724
1.010959078650852
1.0084906700643286
1.0043973292257962
1.0099792373645684
0.9945437907349627
0.9948417949220119
0.9957514026848443
0.995727794838014
1.0159331777286762
1.0140967364987503
1.015504600949892
1.0255574457994625
0.9948566784679361
0.9960508277182952
0.994081160924662
0.9929868209251268
1.0101443310051212
1.0089751896594525
1.00798312245779
1.009006792086951
0.9977769447415908
0.9967149246091016
0.9982176848216939
0.9983962879080938
1.0010545386535727
1.0012057781932842
1.0003167099944543
1.0004365285925276
0.9985197292110989
0.9980646221539654
0.9968676481983539
0.9971529966994748
1.0228097033204404
1.0080251651699013
1.023290127903095
1.01156377709182
0.9974352969105779
0.9972651322040331
0.9966875462653582
0.9975624434460656
1.0019847713061996
1.0020902035630053
1.0026806599072122
1.002413850068678
0.9870181974340744
0.9923144424921343
0.9906373437248512
0.9849356548992751
1.0088722193584576
1.0070610184286544
1.0098290893009625
1.0080988949585419
0.9962835768726936
0.9965905956557155
0.997146231245235
0.9993198676363041
1.0006693573119405
1.0007503249123435
1.0002681086638245
1.0003279822982776
0.9997353329336829
0.999887873674457
0.9998032387022044
0.99995889721625
1.0000640167917991
1.0000581834460789
1.0000636111279204
1.0000537114541792
0.9999932839431026
0.999986226983434
0.9999800654514935
0.9999777087953426
1.0000294120063054
1.0000298940054593
1.0000147925307072
1.000026591816955
0.9998431280118433
0.9998987635080635
0.999907489034246
0.9999191675228615
1.0007667795197357
1.00079352242218
1.0006043573144368
1.0006027051586959
0.9971154994739726
0.9948831465538187
0.9974994913612836
0.9932303899006095
1.0002817151572165
1.000340426384059
1.000222831318753
1.0003280641185912
1.0027560653361458
1.001194397919894
1.001553158232157
1.0017064075629751
0.9840825871516322
0.9869995508763977
0.9819608592458258
0.9919166522271623
0.9985060763384973
0.9993602537243229
0.9984028380551425
0.9993377094370203
1.000115711059063
1.0001158957346703
1.0001590112982808
1.0001298711511755
0.9999747687239869
0.9999682794974123
0.9999865304667099
0.9999727986201241
1.000011818170405
1.0000113126942622
1.000019988008984
1.0000097359389262
0.9999611239553363
0.9999530452408569
0.9999514182591441
0.9999231725511112
1.0004675527910627
1.0002680228641774
1.0002522302804802
1.000375569212814
0.9989286058574217
0.9982189551027519
0.9979436628611486
0.9978601123096533
1.0056862032522558
1.0034676724145375
1.0114269585529458
1.010808849434519
0.9982009364014034
0.9966086156349707
0.9988526870156716
0.99817815528571
1.0009019937522352
1.0004824544720485
1.0004397095371302
1.0003392318977375
0.9997912289188209
0.9997056957387372
0.9996882971522315
0.9996971650684074
1.0006860928910217
1.001450077111435
1.0006294846387782
1.0016591253147296
0.9893836855089431
0.9933204030611293
0.9911358329639162
0.9952463502585753
1.0857590942412783
1.0432378729747276
1.061175624393099
1.0533770886323244
0.9879833273179184
0.9815557585385741
0.9930616181537725
0.9859425028383944
1.0036867214558138
1.0070309267548188
1.003449609121707
1.0021481680638955
0.9999986564642988
0.9995884860997066
1.0001677726189773
1.0001824816614258
0.9950555061174697
0.9922667434867682
0.9937488296940373
0.9899440047008492
1.0641703026408282
1.0283734116932952
1.0459682970496438
1.033225790676497
0.9920017990396138
0.9810412323861039
0.9929559432787026
0.9830828282655486
1.006252051627779
1.004610387372505
1.0060330456239448
1.0020677297763503
0.9992404793620616
0.9995107324855277
0.9984480932557932
0.9992218578232904
0.9997762928213115
0.9998343117699191
0.9997279093591251
0.9997621092107163
1.0074333430591031
1.0019735392697287
1.0066811498061692
1.0063580720255887
1.0108315736999298
1.0047853715354045
1.0150041508576115
1.0203424502186194
0.9932683044045735
0.9955580850259844
0.9921574700905271
0.9924418113994689
1.0256266191135803
1.031077488397507
1.031317637377859
1.0340006266569834
0.9917658858502014
0.9933768167951855
0.9941209571181308
0.9895708714423554
1.0037984517444718
1.0023418708520406
1.0038834527700489
1.0035614110475373
0.9909459482723204
0.9938555932779065
0.9875685092822573
0.9850786638844481
1.0326100691676707
1.0463865158318786
1.065486859019333
1.0472783269527288
1.000349573176239
1.0008208293855687
1.0033846757457774
1.001115662008706
0.9761516852888171
0.9879578400827586
0.9602537370186974
0.9791668352973438
1.0046958883723625
1.0082529896057397
1.0074399903159044
1.0096095423505391
1.0005217840976948
0.9969379687387944
0.9979763520185418
1.001696570523578
1.013951133722251
1.0161694598168698
1.0198808604670542
1.0628663642760225
1.0086091315444474
1.0042877238724366
1.0001035959619395
1.0085100134581426
1.0502813761458347
1.0246331483575275
1.0496024799999832
1.0179585108431648
0.9165858486679443
0.9467183349547433
0.9481692687435128
0.9427795175397804
1.0025278161263622
1.0034488799767642
1.0023348874441258
1.0008307836035117
0.9981241763714929
0.9977265128328161
0.9971213992903083
0.996145734369635
1.0155735422575847
1.011304416689393
1.0132318364411106
1.0301373082822487
0.9902278593307555
0.9951712777558687
0.9927747629822871
0.9949469537365777
1.03191676445593
1.066876195495401
1.0213081577069854
1.0930669825620642
0.9351274166763712
0.9581188095834211
0.9340422420647845
0.9383890070588331
1.0400507542423156
1.0452925041599437
1.0418003204776842
1.0345191740808584
0.9899655120831657
0.9971256273002767
0.9909730311398958
0.992790908707037
1.0012059938093962
1.0020109845587921
1.0016611253689585
1.0013081574658513
1.00022893834863
1.0000992886751272
1.0001464635580777
1.0000220257251595
0.999383097511893
0.9973419577299382
0.9972551190603117
0.9975607955578387
1.0402333494777396
1.0128379486795154
1.0427537513252894
1.0469115975459793
0.991968223515751
0.9934360334605242
0.9861802687957888
0.9782527237431493
1.0035812684331737
1.0051467072209446
1.017036382407046
1.0106056520257847
1.0144748059137538
1.0108260097659854
1.0175845669263048
1.0159476290339333
1.0001408777141554
1.0014236635114666
1.0017090168252916
1.0008380689024805
0.9978192752849497
0.9962664475908566
0.9959265549391785
0.9975270705781183
1.0253842265767148
1.015648655688034
1.011576643142791
1.021923844670773
0.9967525138389252
0.995187026940445
0.998246933168359
0.9968816943718947
1.000719860813502
1.001417264652386
1.0014509248520338
1.000656685798218
0.9991183513096566
0.999186478678982
0.9991413550357868
0.9991014159965492
1.0164763987138812
1.0108043957092874
1.006388288675707
1.0102741254914471
0.9555306700201099
0.9464556086401
0.9505852451179214
0.9812407205004949
1.0069516727663
1.010173106518715
1.009516331499168
1.0085398170758615
1.0096818724516674
1.0187276437314798
1.0191019155485843
1.0067847775739982
0.9985248689177877
0.9982548799518005
0.9987883135397865
0.9993291729218624
1.0015611339260153
1.0017274248375245
1.0015108994693107
1.0015411661221054
0.988498909480292
0.9915830340898261
0.9764050831473265
0.9838180797768186
1.0342092421081643
1.051137146943636
1.0206103451547546
1.0357261520556167
0.9145414825566388
0.9352693528257799
0.9382137567113833
0.9524535416157989
1.0161081553285927
1.0131640615783488
1.0194903033674139
1.018294964276906
0.9945661737347171
0.9957419646030122
0.9972650182611215
0.994508952266446
1.0198406054763227
1.027170222553932
1.0308501010231716
1.022417226215202
0.9975787665524601
0.9963373329762343
0.9971150491110591
0.9962973151878822
0.999763451941242
0.9993871390649278
0.999612598036202
0.9995313988571106
1.001287233853847
1.0067193485244712
1.0075264067301708
1.0068395628028353
1.0570343210622095
1.0255903256203198
1.0347231010914815
1.025272559391838
0.9948608654393064
0.9897995603363711
0.9900433436316903
0.9897941638484303
1.0416033008553995
1.0151067098479631
1.0594185472402031
1.038807908891757
0.9879592343936974
0.9953973005349652
0.9917876796987503
0.9859327028710956
0.9990481708845411
0.998256378448381
0.9990222236414515
0.9979179515660802
1.029060865707482
1.0367143147669997
1.0118806812812766
1.0226263133988684
0.9333578057338905
0.9532518416901422
0.9413885343747569
0.9301934702004333
1.0108391349621488
1.0170557747471975
1.0109698460611307
1.017088561574563
1.0379713450677281
1.037937581809168
1.0399462416521723
1.0511894622799285
0.9928659436566175
0.9954364351118224
0.9935716136774773
0.9936843815255673
0.9827396074081467
0.9687425548311812
0.9837832672685595
0.9957165691690754
1.0173482210826397
1.0084080448178843
1.0112702757321221
1.0065601094261438
0.9410249855342372
0.9295062704440055
0.9101025548637153
0.9392934240919799
1.028330399205474
1.0218809686719246
1.027245128854017
1.0189868948929175
0.9751077482706456
0.9764620925590085
0.9485373016905864
0.9777929367009129
1.0028824429734011
1.0060981501578548
1.0067371955716358
1.006725264687311
0.989367826692816
0.9919266732344665
0.9935292550436482
0.9902180216506231
1.0237750560520393
1.0161030977374428
1.0441881215000635
1.0403980395285968
0.991742923183102
0.9926126910811859
0.993155243778629
0.99005956910082
0.9989368350679613
0.9994948890034754
0.9987242382137776
0.9982320737154298
1.0017519468063971
1.0024144950812166
1.0013902020754248
1.002053662305681
0.9972275442389572
0.9975477061373442
0.9958279135435978
0.9958681882701415
1.003946595771036
1.0255426906053093
1.0008155376052124
1.0264642705191784
1.0097914858169523
1.024233075338555
1.0438308159922767
1.0752959212201332
0.9918489145480492
0.9835737233498206
0.9869217559373443
0.988182067043514
1.0036767232105814
1.00609507245732
1.0076775005712375
1.0064622847120823
0.9980470778164698
0.9982601285305018
0.9989081552053093
0.9985884347283016
1.0034514057346449
1.0064833506803812
1.004725444052289
1.0031306041838093
0.9733001826747419
0.9901317684810943
0.9736934139730055
0.9851478099592859
1.0021413556446166
1.002425430540899
1.0021762882070049
1.0023500299575583
0.9991212508976124
0.9991939310164449
0.9998149603559278
0.9992210642036018
1.000114954309985
1.0002031095872312
1.000259015565111
1.000113960045856
0.9999044217073811
0.9999110308111966
0.9998981107753506
0.9999581121374786
1.0007537164995355
1.0003064095336596
1.0007331829680945
1.0004062949123154
0.9946365824148591
0.9961989726798696
0.9961459241465023
0.9939722384192854
1.0740679820245864
1.0371600161984393
1.0641016375525223
1.0363450337370337
0.9874615576932306
0.9819201340760357
0.9834347081118363
0.9934500145829056
0.9950778096849187
0.9964686645289469
0.9943073783973421
0.9946293357062348
1.09861761485127
1.0331716068894263
1.0429916538882615
1.0820792364705358
0.9585704833577651
0.7947603792933084
0.8452832188037291
0.8205952713634569
1.0197191007191935
1.0498442230285328
1.029502182492614
1.0404536033903362
1.031031273305136
1.0304610097119267
1.0058318179884547
1.028115477682556
0.9923455726411871
0.9912850144670664
0.992991070063703
0.9932370749315989
1.0024753613200565
1.000843768418113
1.002833426341132
1.0034029955497408
0.9962755275499431
0.9973811342414303
0.9951241995008125
0.9990647483367608
1.0094121627506716
1.0096691190102425
1.020841452630591
1.0290028417225079
1.0143073917499468
1.0022614240843304
1.0025976747030503
1.0294198077501688
0.9986378484376777
0.9925601501211102
0.9968885818216413
0.9964135543683379
1.0007330415891642
1.0004517883289954
1.0004807621886498
1.000450520663125
0.9890672211449677
0.9981137682540897
0.9950369464086414
0.9933899489859106
0.9645335634307391
0.9798047373825234
0.9598003119684166
0.9710642727228591
1.006883857292272
1.0089361732351383
1.0090490237666407
1.0070379657009565
0.9989478968411012
0.9969015530295767
0.9976069881371398
0.9973838781405054
1.0003757576670593
1.000522419999489
1.0004040147573388
1.0003510196174108
0.99989173129273
0.9998469232208804
0.999857711982949
0.9998221229872786
1.0000669698021234
1.0000777793745852
1.000029459715266
1.0000444429128426
0.9997365165625832
0.9998478600606117
0.9998577030272179
0.9998727910838019
1.0017437002507423
1.001550970625986
1.002012780382913
1.001639256752182
0.9497615557862614
0.9865438881473682
0.9662356876393331
0.9829144955922796
0.9768032685783771
0.9556798909375095
0.9661671906279901
0.98137345155818
1.0027426628823453
1.0096690742628176
1.0066596538737342
1.0058932927658908
0.9898921763862428
0.993146742568268
0.9841283852592702
0.9824292410091218
1.049689696939792
1.1084814492993775
1.0473887431753635
1.1121864267915933
0.9619322534159371
0.9696131323899995
0.9467969931512802
0.9250994425643198
1.029933376305364
1.0180300992463593
1.0203729186606492
1.027787113422848
0.9936756982111792
0.9977851654923803
0.9918133081305507
0.9839638556244176
1.0043838877503266
1.0043230958557265
1.0047219317348406
1.00470697115563
0.9925516412648533
0.9954246681686503
0.9904703583209511
0.9921688917476658
1.0472972923068464
1.040065856608343
1.0279273595638352
1.0487563254943184
0.9880131329284056
0.9898335472580585
0.9841450521426448
0.9897601779903136
1.047850885930464
1.033857193828364
1.0114385663199374
1.0250915249339378
0.8019502178616832
0.8088612516390877
0.8411840554134385
0.9211524610329846
1.044374806071167
1.0367947011755303
1.0536363978566654
1.0249060658339508
0.9732545492975873
0.9568268197771996
0.9628872253846226
0.9820119284455027
1.0041627148301437
1.0020232282252908
1.0022052057130195
1.0083200158086567
0.9936307402781276
0.9953403550113986
0.9918582048595647
0.9918464501048837
1.031647468054977
1.034773704188515
1.01603680102362
1.043662252777406
0.9892767102487776
0.9920692223810437
0.9897400563910577
0.993928104214605
1.0027227597119388
1.0015607198865797
1.0043026547024818
1.0036318518468628
0.9864783933910753
0.9850820814262702
0.9888327430401574
0.9927032079903143
1.0025965991827552
1.0038813075616022
1.0039935474779333
1.0037020210828602
0.9871207357439706
0.9947320100430149
0.989826425163464
0.9910818135476976
1.0704582551527975
1.0639760072952615
1.044056700339058
1.0604500586635326
0.9892315879143894
0.9858578381855237
0.9764347975587779
0.9803239513567046
1.0236475298722925
1.043342578188676
1.03020456230395
1.0474718772604041
0.9849332535873595
0.9882154686941115
0.9889578212469219
0.9860990787752364
1.0051883660461904
1.0038486957305792
1.002871962216427
1.0032413183942366
0.9956629370302659
0.99627101143211
0.9992362795889848
0.9958150171687542
0.9908252738776917
0.976771870882213
0.9882834306301281
0.9862261325906329
1.0124873147538163
1.0171745652050534
1.0292348103477507
1.0143078141903756
0.9880073224578737
0.9842598317749155
0.9874940502160778
0.9743064302879438
1.0032791793050653
1.0050954118766497
1.0016646750397287
1.0036684793988149
1.0130773031440727
1.009603514731693
1.0097684455694833
1.0041258238903565
0.9127116445527602
0.9346663589165105
0.9340752269997272
0.8868964947171103
1.0208456185035417
1.0112718679475965
1.011404452851711
1.0087011788879308
0.998253240068637
0.9984813686439018
0.9977378611573227
0.9979415483525327
1.0002020575746458
1.0004818018616952
1.000348448770955
1.0001738049566933
0.9999666291451791
0.9999738368203334
0.9999479744425829
0.9999453843846535
0.999989616732616
0.9999841242984228
0.9999946621384121
0.9999801290998719
1.0000646175741885
1.000231203891868
1.0002881141603581
1.0002471866912437
0.9987286434491915
0.9986743339334437
0.9991285843925284
0.9988463115502283
1.0094292311389466
1.0059943305800854
1.004701249664054
1.005770712815552
0.9941705345087009
0.994091073117739
0.9925018824987407
0.9937547148367633
1.041790384426681
1.0220304991153188
1.0713449989653805
1.0343475377649844
0.9872366333527277
0.9829312078392604
0.991543705172364
0.9799768966335386
1.0081147646266888
1.0140305367265792
1.0107454836147176
1.0109127105728526
0.9882038472973398
0.9954052798800989
0.9993495022110689
0.9860335280782441
0.9216997417643631
0.9246330457343631
0.9457494184012432
0.9422089996716206
1.0211319187530492
1.023564710082967
1.007845767105205
1.0118751149670724
0.9970077441506432
0.9973193576085552
0.9989130062595669
0.9976620004208258
1.0006450453407694
1.0002255028844604
1.000588232850201
1.0001699294024924
1.0025285244924598
1.0012942876743094
1.0015350531540348
1.0009295176571003
0.979417816301256
0.9906490207878118
0.9800219538436991
0.9913506803868914
1.0022634226013651
1.006657407601086
1.0033800780628928
1.0039530548943107
0.9972378824429061
0.9938413035563229
0.9964551638991122
0.9956564255289709
1.017665739238907
1.0181889411169476
1.0250081246293492
1.02819383302519
0.9930464914223804
0.9957217810404156
0.9937289786754866
0.9955602365587833
0.999829473744219
0.9998726016712777
0.999713226356606
1.0000069164384606
1.0068767827236083
1.0036829669255822
1.0081026966283724
1.0117446460669162
0.9974356833987285
0.9965508294171949
0.9985323471243883
0.995961079855889
1.002112435530857
1.002113035707343
1.0013029447274757
1.0025776780029292
0.9914899748436312
0.9923493597808771
0.9953733814853776
0.9952123659402148
0.9873971684899268
0.9954118912610422
0.9861273748674786
0.9877837526306901
1.0043661276588165
1.007095044041902
1.0079334842875323
1.0083261781339543
1.013605895318727
1.0169304573064517
1.043479479468618
1.022030932896674
0.9977488801158275
0.9888365967640632
0.992447906156887
0.994610314276096
1.0016242732892153
1.0022231106807693
1.0013187113838486
1.002476619300845
0.9979742727367701
0.9978027207871333
0.9982037147584287
0.9986921437700763
1.00739975037786
1.01122519788905
1.0194525592505312
1.0074689963104517
0.8856997932300908
0.9196820344477432
0.892458294473047
0.8625249121356023
1.0245189371964971
1.067686228555931
1.047408670924553
1.0439468233457956
0.9961605869420844
0.9971628197767054
0.9992557882792957
1.000611474728439
0.9994633124751711
0.9996959975932306
0.9996199243910935
0.9994765884080172
1.0037596371179225
1.0041091486096596
1.002516563217262
1.0038053738529435
0.9994474665084809
0.9989936438573065
0.9990646149987955
0.9992946100524341
1.0000506170666497
1.000043560890649
1.0000314926925675
1.0000592193639968
1.0015520677574332
1.0008994895058747
1.0019980861851758
1.0011396036338114
0.9971297115618312
0.9967252650533396
0.9930164110880494
0.9965115142607825
1.0010164113081297
1.0010348074426842
1.0009052969835308
1.0008498610386816
0.9999959148109606
1.0002418894164204
1.0004037814167626
1.0003543684205303
0.999904676305006
0.9998954765531625
0.9999220552642102
0.999942606846079
1.0000201572901635
1.0000156494882537
1.0000131784125472
1.0000167431200928
0.9999911600937512
0.9999939173416629
0.9999974715019084
0.999993833912242
1.0000019183707316
1.0000008735732417
1.000000839810321
1.0000013659392617
1.0000017523892808
1.0000012184953941
1.0000014374374024
1.000001765787444
0.9999889948191197
0.9999908916028855
0.9999886900833658
0.9999950390526471
1.0001510519362085
1.000054593814787
1.0000973271181053
1.000166116066022
0.9995372657738593
0.9990882856752173
0.9989973412106937
0.9992224597490307
1.0130959810846056
1.003683381991706
1.0086387670237538
1.0121379982800571
0.9966875013288864
0.9950845366979852
0.9984435303767067
0.9974201168995959
0.999709566705196
0.9999054020297551
0.9994630160111253
0.9995151278584362
1.0089951341012295
1.0066927624816984
1.0069419195006877
1.0048428720199238
0.9908759078943472
0.9969824300624756
0.9951316008750618
0.9919986070973891
1.0079756101882236
1.007942208859255
1.0054395121442963
1.004655893846288
0.9875417147279877
0.9342283201489348
0.990590549618009
0.9360151302944274
1.0068075100483211
1.0051177351935774
1.0056178117060521
1.002936055816722
1.0481979076108303
1.057981464185078
1.0575427269939184
1.022480353149435
0.9908660224317836
0.9904062556497789
0.9948858653939145
0.9952806802757787
1.0052724178163739
1.0013663268948008
1.0024685014047519
1.0043476531140725
0.9845649994943022
0.9899407246004838
0.9939007458337649
0.9739671693030978
1.0046550342359746
1.0079246155230934
1.0052348031252203
1.0063396268193947
0.9987953760534922
0.9990408910132529
0.9983370468979055
0.9985443249821455
0.9991302273077807
0.9989353445677673
0.9988746086501078
0.9994646243770859
1.0121293032031815
1.0053229103062007
1.005882762652284
1.009087847446009
0.9956428252149363
0.9961812809598859
0.9960839093036314
0.9962421518424874
1.0130468065169786
1.0167862369919802
1.0216454685790817
1.0107175622510916
0.9967647212181987
0.9968567575118394
0.9976634438188376
0.994482035176543
1.0414124066220247
1.0455062724949802
1.0532988075922034
1.0717560808333058
0.9736761849617187
0.9887832151752864
0.9855137039260388
0.9750805900664674
1.030603556312567
1.0199878297075657
1.0130765810209297
1.0243881965141837
0.9495447385336497
0.9650093554685528
0.9786705976903081
0.9500045714773725
1.0414128881830051
1.0561772133331833
1.049401243668355
1.0128505349827694
0.9934645737921511
0.990134452799999
0.9913348856264771
0.9919334845290138
1.0004367134546601
1.0006190005187054
1.0008192276169277
1.0007637627301547
1.008322941860312
1.0100936409469523
1.0169699528370146
1.0073358632973095
0.9995539994730812
0.9995231610861439
1.000266116060825
1.0000634573630365
0.9849613175134966
0.9759461026566412
0.959938384099659
0.9843800934380915
1.0176866428727274
1.044850830824623
1.043835959417333
1.0520528487592238
0.9903597113820933
0.9949283290662634
0.9922127948714127
0.9917846417366082
1.0032054212179888
1.0015665294027953
1.001534183995255
1.0018868007027855
1.0007201589492971
1.000598554029067
1.0006097791733988
1.0006757488929778
0.9941793866023948
0.9958892137190453
0.993114903566095
0.9956158648099936
1.035766555372231
1.010197301598218
1.0361413339001644
1.022878882620944
0.9677053932534837
0.9832555540691097
0.950269557236956
0.9796931004453708
1.0030264840676886
1.0030288939070358
1.002068434823327
1.0027586489517069
1.0111527191839147
1.0111939625552957
1.0040240296918894
1.0088531330657056
0.9983079238141642
0.9977906006666968
0.9994772708634003
0.9992945134264095
0.9997525023098042
0.9992739813818305
0.9981761551353948
0.9994004447568525
1.024958535121885
1.0147513550675034
1.026824581213814
1.011788503026453
0.9943160546303185
0.9951836580932485
0.9926955364028734
0.9951180878189426
1.0014365110246195
1.001370138055519
1.0009635052029549
1.0022124926912073
0.9992588976091891
0.9991439574562161
0.9988183675739251
0.998980734367024
1.0044150443292892
1.0021404844696467
1.00354989958518
1.005364460751371
0.9989379663645305
0.9996534317959049
0.9985275085155134
0.9988184043935744
1.000206427313451
1.0002417717835512
1.0002843820306593
1.0002262457712423
0.9997876825380112
0.999629760678503
0.9998485051068073
0.9995269915366696
1.003010888197526
1.002965042316011
1.0017099819548019
1.0031261305394428
0.9912215358890144
0.994053055059166
0.9944974448630185
0.9868395726737496
1.0012464354787556
1.0016983177262873
1.001255752388016
1.001322448104857
1.0013998238351345
0.9958882790143591
1.002891601299622
1.0058100960227174
1.095842000430394
1.0556184093654402
1.0816195267016568
1.1050332393491913
0.9732540152681195
0.9732648171754892
0.9830816984971465
0.9629121314833136
1.0441767702239484
1.0435370975591842
1.020742581034243
1.0480199877676806
0.9926434087093164
0.986358298242388
0.9828401566416807
0.9822134324553934
1.0357603170799152
1.0652331845293315
1.0483621537524757
1.0113706447041373
0.9855367279399617
0.9857878404203386
0.9915874283890737
0.9977466767394164
1.0010829162331283
1.0005657790320261
1.0010675733487435
1.0010689462133529
0.999764966374848
0.9996492668735693
0.9997820687987024
0.9998076904576388
1.0000194567235796
1.0001087822895496
1.0000559641293518
1.0000839368270067
0.9999904926036008
0.9999901307413213
0.9999891219787923
0.9999946595622596
0.9999802069165256
0.9999544843958613
0.9999918554329744
0.9999828547066084
1.0003586872208172
1.00038895373791
1.0002750383114485
1.0007305565249986
0.9955069813398131
0.9942151076803486
0.9948430589403573
0.9958167309147217
1.022754666726042
1.0074813588336227
1.0305887868186085
1.0165571243794713
0.9966099975224256
0.9974533528046908
0.9981277623291733
0.9981944946581732
0.9842875961230676
0.9921409775611443
0.9835544118481611
0.9959501953117055
1.0008193003348267
1.0019906670523837
1.0032848861921053
1.0034504688917583
0.9992986219519999
0.9991518742045942
0.9997656040521365
0.9994910744057657
1.0010123848963073
0.9986524520094613
0.9997226973152997
0.9951406195974368
0.9641677792185758
0.935219512819015
0.9594754759261674
0.9511882849875866
1.004854698185081
1.0160493076729793
1.013534697186151
1.007443903775689
0.9946467737459175
0.9898518982661842
0.989195436653402
0.9848378836853379
1.0564569435095577
1.0254332492955904
1.0278203239499317
1.0159802906927748
0.9846865062401102
0.9717772443941431
0.9384168748753703
0.9541134949076795
1.012226572115103
1.0210490394995761
1.0573541973543805
1.035980455038587
0.988588455001218
0.9900148537794503
0.9873878354541193
0.9852851777451404
1.0016761262308485
1.001484150917732
1.0017879393082332
1.0015743510936168
1.0077710934447746
1.0021400303861427
1.0074265395496793
1.0071936452491421
0.994621370625285
0.9932639759975541
0.9939155295660013
0.994156038960666
1.0308299966049774
1.0150077774109765
1.0447144758382638
1.0257345503722648
0.9959897132279025
0.9946561439517461
0.9962098496683617
0.9960214095455673
0.9797232978409445
0.9776826151210296
0.986430726202433
0.970418324721769
1.0124123835532315
1.0137889974680376
1.0088801501085105
1.0209771550353093
1.0213660009134093
1.0075542611597093
1.0457855196465353
1.0465860121276989
0.9900325381082331
0.9908214485282585
0.9892941998759448
0.9939235377111578
1.0051894664017076
1.0036886160153051
1.0031010499667947
1.0042630078150538
0.9863306567187716
0.9942112965347978
0.9884393560084667
0.9848543542694211
1.0032158002379272
1.003304725042231
1.0021675228730516
1.0025364276824118
0.9994418436364795
0.9993025369153181
0.9991048501924736
0.9992504233037354
1.0001573249385316
1.0002063740623979
1.000192378443389
1.0002179948862737
0.9999185316121955
1.00005844625718
1.000350107735287
0.9997415343404001
0.9964415630264802
0.9961980453502151
0.996356315314506
0.9979900253486966
1.0208079113333302
1.0240461589072365
1.0236117861498721
1.0269370622738387
0.9946707018966028
0.9965159628115292
0.9985737261636503
0.9946504834546412
1.0143597138186424
1.0149493178405227
1.0146555029094115
1.0264054074475608
0.9951950744264992
0.9910679004517522
0.9939757307593329
0.9925915392701365
1.0087965024689447
1.0073025752727054
1.0096000391497966
1.0169437892808402
0.985646173051141
0.9862324255317884
0.979824385761599
0.9947870384991733
1.0053702153136674
1.006359864119829
1.004375454610109
1.0091902017705534
0.98010535999599
0.9860855401710161
0.987763590537718
0.9773355557995418
1.143424662859395
1.0385190242131268
1.1058344408225755
1.0675740161146487
0.9814278066572344
0.9604103230510149
0.9669535167928086
0.9784741230026073
1.0078063107722937
1.0076121698083342
1.0073148101106668
1.0067507286365893
0.9971828106603283
0.9979443747843156
0.9972999556856826
0.9971344279483405
1.0010980327115402
1.0006143710346362
1.0007829341298355
1.0004566747723525
0.9998059696726403
0.9998796920493083
0.9998237907417119
0.9997983060198665
0.9983591301776827
0.9984368479104074
0.9977090029821922
0.9981275796073477
1.0182384425205382
1.0205285930514154
1.0068467448260745
1.0273096565031024
0.9906973474749095
0.9802785925138767
0.9925284482546999
0.9837889254992523
1.0115590353793293
1.0191586976141058
1.0213912923477648
1.0163832647887023
0.9857777383323804
0.9880696838901546
0.985485073641534
0.992494612888506
1.0308582426928041
1.0362099215490417
1.050556930201374
1.046316804766506
0.9926334681640305
0.9907117311023977
0.9850360110894216
0.9893524766078546
1.0103449266472944
1.006478599789189
1.0148417965101761
1.008146386888016
1.0052598579777545
1.013650584744523
1.003039372854315
1.0123636368847628
0.9987109728207366
0.9972713410562891
0.9964820201743213
0.9988036295728981
1.0005475673365878
1.000287909434214
1.0005832969352602
1.0004907162163406
0.9999324271996199
0.999777118613425
0.9998809800765807
0.9998350000574906
1.0000283715858793
1.0000215715802274
1.0000393967389538
1.0000427433276
0.9999392219279661
0.9998936192772439
0.9998712722983724
0.9998407738603886
1.0005885721088916
1.0006626814285358
1.0007080326822357
1.0002516111031654
0.9979050764264022
0.9916272956409712
0.9916233705210189
0.9945664663421108
1.0034824537655953
1.00328147020734
1.0038640656669826
1.0031588081881033
1.0008535773984113
1.000783808235732
1.0004998911255267
1.0006178158388226
0.9898347728782458
0.9917693700719068
0.9887323337037007
0.9896693525540011
1.0218889247906089
1.0294548067238456
1.015790611738391
1.0288234961958063
0.9761906962556907
0.9745303622841933
0.9660478333119508
0.9584529354598604
1.0138742501159772
1.0118268639394434
1.007911992162058
1.0081287530778928
0.9765338261702483
0.9866201573013815
0.98750645283325
0.982954541113352
0.9862575721994341
0.9814523995460658
0.9755071862110459
0.9976377076261714
1.0055612205135698
1.002356106457315
1.0029254696754737
1.0022101792014724
0.9961550479402627
0.9949309988695324
0.9940319670529155
0.9966130898955107
1.0009453568584845
1.0007251695689086
1.000789937769305
1.001243019540962
0.9998494712166711
0.9998854796691462
0.9998572257030305
0.999786312640501
0.9997774009213831
0.9997975644220155
0.9995386873468942
0.9994207073711934
0.9902620870841552
0.989698453289849
1.006483972707216
1.0047978062918168
1.0701295989274429
1.111930973634158
1.1055568637343252
1.0554892739905952
0.9874021679901417
0.9862811077330463
0.9766859229778496
0.9790243940628122
1.0050059217457012
1.003617300944102
1.0035469488185331
1.002479146845256
1.0195410951450852
1.016340435687305
1.0110398457984617
1.0106204228972637
0.9455795123591537
0.9301913513210179
0.8826106113750602
0.9003378966275397
1.0227075935676477
1.0402950106935152
1.0202805531884989
1.0080304102597035
0.9937837093725044
0.9843196930992453
0.9938265547465089
0.9882873951023993
1.0673246870003632
1.0385200266190382
1.0819242946257377
1.0865065133013283
0.9840919102269147
0.9919682254985488
0.9900295320334963
0.9897772669812133
0.9998643392221233
1.0006819403988614
1.0006149449683408
1.0000451499168224
1.0081127664323162
1.017269705002956
1.0161719962473306
1.0131759739919406
0.9988313889544258
0.9979651053451046
0.9986457942914981
0.9983578276457051
1.00113090635944
1.0008396855560533
1.0010063671386025
1.0008873300232244
0.9962402742667513
0.9959791516004983
0.9966331877945479
0.9977923198267857
1.0059311578470358
1.0183732990645442
1.0159230928261047
1.0103721305567641
0.9928712132484284
0.9992864983023209
0.993807529495073
0.9976119549609781
1.0094338177604758
1.0134315756806942
1.007512376397316
1.018726512025167
0.9950377838356644
0.9890670263117518
0.9814747241011823
0.9832004328025703
1.0200518387005597
1.0742317643293138
1.040599167221761
1.090897132270042
0.9810022135883785
0.9867694824098486
0.9851796911264628
0.9780612955002285
1.002513705419504
1.0014039285861722
1.0011257985299749
1.0018865296949175
0.9994725237476056
0.9993334880813121
0.9993746979443112
0.9992577258008567
1.0001312984582955
1.0001018568426825
1.0000717908625991
1.0001109672028694
1.000361942621641
1.0003136620566258
1.000266492295495
1.0000925679689452
0.9987647473734539
0.9965697062732204
0.9978638809155064
0.997729080281009
1.0080719738270312
1.0247433884154358
1.026360713428494
1.0206377429826687
1.05124542263252
1.0299240754522625
1.0600191340847283
1.043428960307792
0.9846175930505018
0.9850650522380623
0.981375048774898
0.9892650389415039
1.0076380370644709
1.0064317219200767
1.005052900485953
1.007527098510643
0.9837991533134524
0.9734596147196699
0.9756713648891525
0.9929992924386178
1.0148703887843649
1.010689824397701
1.0272399547655222
1.018309047841632
1.0006543385840851
1.003189366283518
1.008665488411127
1.0073472360993676
0.9991987923209954
0.9977881928741035
0.9972857897837845
0.9985504979119877
1.0058757832094998
1.0038151635415973
1.0008634825231377
1.0037698887584667
0.9988983009098662
0.9939138449039263
0.9940372914125891
0.9971783121618708
0.9931087950959697
0.9886406062369127
0.9933908666057852
0.9870350098638802
1.0031687372575329
1.004234011723426
1.004355771324734
1.001500424344851
0.9993106943916217
0.9993819853731327
0.9992634955881302
0.9990187887359727
1.0000825477837045
1.0001891393423419
1.000274892745489
1.0000681562598424
0.9997021932574257
0.9995133015133542
0.9996354061476229
0.9996549753958104
1.005773815789514
1.0029804024912845
1.0059430335134198
1.004722894542494
0.9924973944617673
0.9971036642518861
0.9879287039068123
0.9945954876310327
1.0125113177230365
1.0035591128607693
1.0113425537229375
1.0120788777768572
0.9679380648470375
0.9310532346761345
0.9379583528815658
0.9859949816888176
1.009289848474043
1.0143261140408615
1.0119066327094557
1.0039976420214336
1.0091594089617149
1.0089594145166838
1.0026662414329501
1.004661562289969
0.903800373300611
0.6857994466514599
0.9415410825273736
0.7648354568815994
1.0536378105986905
1.058490222839926
1.1106467009584673
1.0711334184749552
0.9783318026437646
0.9865489975673629
0.9830407671723437
0.9826223372503539
1.0048273479656493
1.005521450756509
1.005466498886798
1.008470547751499
0.9924427634896857
0.9930492604428846
0.9912750283371773
0.9932621410995724
1.0244734720195343
1.0206590315327484
1.0252198971174091
1.034248378801709
0.9818566572292088
0.9813393920660948
0.9785348515285682
0.9830702496682268
1.0410200449410674
1.088254079891271
1.0249221151979946
1.0755234910414926
0.9846010612452019
0.9843948894029049
0.9787156511532545
0.9891041525077982
1.005823514917524
1.0007748171671655
1.0012057927115219
1.0050334983418188
0.9984162981907508
0.9970918392890943
0.9966775488811809
0.9972029626753358
1.0088351747110098
1.0059186098272652
1.0179224702322311
1.0206877437493798
1.020299488747002
1.0125803292377358
1.0231472125843066
1.0210121558027432
0.9956517322369398
0.9960053152191433
0.9948248685715217
0.993118751861378
1.0013743817092433
1.0025732382660193
1.0010430747481438
1.0021399191800573
0.9997980581161716
1.0000135761115616
0.9999363126929247
0.9999212089223092
0.9981826277602
0.9969895316377282
0.9981554483192572
0.9962517840207236
1.0447950427634476
1.0260650544233287
1.0479199234786798
1.0223738135697542
0.9949114355676134
0.9933857636775113
0.9951952772814133
0.9985411293411909
0.9972560797867357
0.9955065776765377
0.9968160656797511
0.9986610198528892
1.0124147215733625
1.0129015110857627
1.0179165802344812
1.006511727254768
0.9971274449562803
0.9952040459425584
0.9964319238670534
0.9985814133097702
1.0014601220279937
1.0020779822530832
1.0013093236201323
1.0015627182894908
0.9981694968432705
0.9976797766509317
0.9989130279267749
0.998379770012738
1.0106357105068102
1.0078838530916716
1.004767723596817
1.010645380939689
0.9620944629864738
0.9687804948553586
0.9602121195738149
0.932163439447171
1.0428600958402008
1.0307022337629952
1.0183942311696352
1.021309197036426
0.9908240973963958
0.9278896891452878
0.9672833856552054
0.9259660443827958
1.0206547041894947
1.0147553123387794
1.0083439613194032
1.0125738402278721
0.9649443458388919
0.9597567297563477
0.9301909683170729
0.9371944206720937
1.0209642614677472
1.0243554761819833
1.0304238784081834
1.0152091186514605
1.0190713631433703
1.020156279076187
1.0030157738321888
1.0222820502388694
0.9919195782432534
0.9915822558148452
0.9963697799572604
0.9950056629847162
1.0005690172965649
1.0028681269301698
1.0031200319993387
1.0025868706892245
0.9977332910109084
0.9979785543346987
0.9978936319349704
0.9982407351654629
1.0098385266324779
1.0163120212921144
1.0122367763073086
1.0118445469675885
0.9819083153673225
0.9654026251139443
0.9247670314618913
0.9254359901409007
1.0092650156774146
1.0172481503993116
1.0064075217630064
1.0085618813567392
1.006523758584096
1.0051648174208294
1.0318837754910866
1.025586480700929
0.9945794504152559
0.9967572677626728
0.9916851336758997
0.9933066560542612
1.0017347305880127
1.001394456988842
1.0024242587867607
1.0010796856440876
0.9997394675564631
0.9998608293163859
0.9997421802428207
0.9996081021650068
0.9997180349719647
0.9999531206975983
0.9996895152520666
1.0000123591568302
0.9993490812671584
0.9993740447714308
0.9995760528766591
0.9994072789515381
1.0062903270327257
1.0077985823282867
1.0062532697706017
1.0083557648257182
0.9747283736139466
0.9569298169802558
0.9652637569153949
0.957924089627627
1.0058395824859707
1.0097470960697839
1.0071540683248141
1.007976394987174
0.9940190783473791
0.9958169847038975
0.9949725284272372
0.9972304757674912
1.0112882754617638
1.0202150482901868
1.0117931380146086
1.011372284516284
0.9958895596457013
0.9971947809802849
0.9964646938753844
0.9949105719394372
1.0070218867832166
1.0074854039097718
1.0083415851752195
1.0052383178527189
0.9750359302202687
0.9798430281378202
0.967916994405091
0.9630918181534135
1.0178717971987583
1.011589079270798
1.0146287161628775
1.0090543846505142
0.9317915898481826
0.9844327858689506
0.9531339419582683
0.9412197606933382
1.0063487893005159
1.01044490648167
1.0133206597653637
1.0088149943375302
1.011403856072635
1.0053820195382754
1.0068331308071363
1.014879104806781
1.0070842142129997
1.0243973264340913
1.0058500355443478
1.0223866515814437
1.0009746489154292
1.0035642093739707
1.0030562932625482
1.006443671907831
1.0083399268035396
1.0184517680165655
1.0125651061053296
1.0049036956857387
0.9976068831240433
0.9984311864271674
0.9989095326048193
0.998493880993023
1.0007254695492778
1.000572934967427
1.0008094947685227
1.0005688225239615
0.9960358667335915
0.9961166335431353
0.9966999340581346
0.9966856428122514
1.0101370429409169
1.0248484982585302
1.0074863632257984
1.0269361329051792
1.0003500532662575
0.9998937694236034
1.0003295146655475
0.9996127571783721
0.996498796096365
0.996091799149978
0.9947164427605636
0.9946175431114019
1.0313986372213162
1.0350073140144718
1.0584273076575734
1.0660040561466713
0.9894055384451276
0.9907981169471779
0.9849428286950556
0.9836618241505036
1.0139267587865115
1.0223234179775287
1.022062907356403
1.0076104511857402
1.0346988146250433
1.0325658546368222
1.0081198673875615
1.0209913427608537
0.9953682706011265
0.9905125646571471
0.9938374846838911
0.9934474781129092
1.0017474452632378
1.0011354978059273
1.0015493841866983
1.001682665993683
0.99529018282909
0.994360995744308
0.9978484057763399
0.9979284077287659
1.0212486256614337
1.0119843925793417
1.0145732325928096
1.029397894973215
0.9852964735490509
0.9834952578386381
0.9888341046436914
0.9922637663195858
1.0607094490758293
1.0539879740211076
1.0778691337073072
1.0532119359446246
0.9907162817693935
0.9755580254599534
0.9721870393324513
0.9725917064582327
1.0683609754934786
1.0342969866625156
1.066034464015476
1.0415338287444467
0.9907213596747256
0.9848970494970033
0.9927078507687135
0.9833771765949196
1.0007621498075683
1.0012587060825213
1.00013285288684
1.0004803254202883
1.0083035409087886
1.0072654846179496
1.0081520521806344
1.0042590140914247
0.9526737941211223
0.9512201710621911
0.9493108354489525
0.935318154514196
1.0250605130651385
1.0261303093597285
1.023291213066649
1.0222047221987633
0.9972216287611022
0.9953835528126248
0.9949677040524401
0.9928728121241455
1.00163339653619
1.0005514050588815
1.000538833446794
1.003092556004481
0.9994445456621109
0.9995197111463562
0.9996949679088476
0.9996123734475667
1.0000933269623244
1.0001062512535246
1.0001768125073125
1.0000854173115052
0.9999642262900972
0.9999709123703036
0.9999556760872091
0.9999544169830007
1.0000120295337716
1.0000089077496301
1.0000108896326294
1.0000116611959586
0.9999987807768794
0.9999958462042635
0.9999966089349207
0.9999976476940825
1.0000001332131332
1.0000001389831625
1.0000008079733074
1.0000001209095581
1.0000111121661297
1.0000124008384037
1.0000056169079272
1.000003730681581
0.9998793317902354
0.9999528926315778
0.9998949524099346
0.9999403636484967
1.001051978272201
1.0007262046184942
1.0012495425183703
1.0004131928742832
0.9973541269749217
0.9965531675455653
0.9930152644261278
0.9960711378866608
1.0326717000533392
1.0132610327150642
1.0450745330359863
1.0406497476251022
1.0058556776837082
1.001147570330248
1.0060472984184274
1.0132231656781003
0.9998098764245807
0.9991661868774153
0.9985771503668354
0.9992005345551122
0.9966611746199115
0.9975217759007482
0.9968761391114144
0.9987838814751687
1.029464718673233
1.012939822806431
1.0190389691377686
1.0402814416140727
0.9898294543229698
0.9883455024432832
0.9854224917265993
0.9916900717750876
1.0267544830384043
1.027964758264956
1.027502418381805
1.0121468736259422
0.9953163249729354
0.9958698721314114
0.9906830368236985
0.9915738592902552
1.012022279129062
1.0067140412878701
1.0170977704996613
1.014711381227028
0.9959709688508528
0.9954977889565491
0.9984210340608484
0.995987414580808
1.0000481701381263
1.0000141167684977
0.9999694994360957
0.9999100457042891
1.0040978574251136
1.0062995845010585
1.0047767317650935
1.004602312499547
0.9809490057561584
0.9921472303582569
0.9702702806250384
0.9609781380046146
1.1656498414351755
1.1283368097396778
1.201935562586581
1.1293185669869514
0.9596086046085011
0.9717104529721258
0.9759305613847961
0.9708162382610677
0.952662799362439
0.9666673846411058
0.948726621341724
0.9829389818040729
1.0065938317218266
1.0058974598705612
1.007510774451674
1.005410046223505
0.9991048337201605
0.9989596756226088
0.9990607092321763
0.9980491311760852
0.99926979499707
0.999133338845235
0.9990643916530048
0.999030781717839
1.012158916663515
1.0029964526890345
1.0082124377586905
1.0094741331170003
0.9764993879399785
0.983877145452259
0.9815268586450872
0.9807814702801015
0.9640056579504467
0.9732985211788511
0.9629085404900147
0.9829894842178971
1.00825203380418
1.013161504911365
1.0130365146278042
1.008770676090512
0.9456832397821098
0.9567949740079872
0.9567650645470389
0.9666839748071703
1.0011245336403118
0.9973830067386279
0.9915883714317294
0.9981951764408392
1.000536355799094
1.0004155143462636
1.0009836817124649
1.000502977733931
0.9998040569640749
0.9999375970064972
0.9998394075661247
0.9999229561931776
1.0003481971702712
1.0033131464344276
1.0008438569302527
0.9981852084347156
0.9849298188250911
0.9687006320580129
0.9733363372852728
0.971665158190855
1.007642462509267
1.0052325999382457
1.0049753135017758
1.0030408099937909
0.9985629844604643
0.9987707765344851
0.9991354100865926
0.9988589372161613
1.0004079108177855
1.0001917334831452
1.000331227117428
1.0003403358134597
0.9999726468594125
1.000001778258647
0.9999962217311675
0.9999922597671308
0.9985027677308443
0.9989270825756238
0.9987863924207656
0.9986139794942983
1.003388654302619
1.0125325253035793
1.013761493342953
1.0121820142468987
0.9969774182328534
0.9961715214202826
0.9986213869367982
0.9974616533672198
0.9994894464880429
0.9994922198672282
0.9992994160477705
0.9991958524512213
1.0095833958858327
1.0105827087801542
1.0062741579489096
1.0073562517536017
1.0001897570749205
1.0010846010053824
1.0004596921130835
1.0004953502308989
0.9939566334942587
0.9876736631950309
0.9730975794164808
0.9785505659606145
1.0587029351931048
1.1116262465682807
1.0532313203369947
1.0962643861231687
0.9813381972034922
0.9724908078893614
0.9768973320586505
0.9812424660128453
1.0086178895639648
1.0082611015199794
1.003212986163236
1.0075961271506482
0.9970961706523347
0.9987153286150975
0.9980580432259646
0.9980189783115426
1.0010181391525095
1.001170043042467
1.0004733847228628
1.0004966713760859
0.9971131638119856
0.9964548552381429
0.9975146239767886
0.9963629057307353
1.0150356842681536
1.0068277652914508
1.0204228863132876
1.025743114848264
1.0018559032271743
1.0158703721678104
1.013691147777016
1.0209490859527341
1.011842382733254
1.0124618380867347
1.0066875739082606
1.0112843024466516
1.0073839692265314
1.0052285737373179
1.009785186163806
1.0095964485895872
0.9984712803671882
0.9975527704022484
0.9975245914729106
0.9979095262860713
1.0005014168240842
1.0004912120502198
1.000417218385835
1.0007006297498966
0.999649191391306
0.9997545857754354
0.9997092122328429
0.9995942760264511
1.0002110909884732
1.0001887649518124
1.0001404622695809
1.000104060506513
0.9996443313324729
0.9995957256786229
0.9995752198343454
0.9998658680481637
1.000368573424327
1.0020066793682716
1.0032971176089154
1.0013674383158921
1.0011873008158496
1.0011444769805988
1.0011199996292057
1.001819713205393
0.9917120036033983
0.9903005042687326
0.9909608585445233
0.9865118198921522
1.001156567636749
1.0007384417301084
1.0024477989559408
1.0010590214125417
0.9998239600868202
0.999583536719566
0.999785439126802
0.9996848993551717
1.0000899502142615
1.000074309338523
1.0000828761560778
1.000100074227079
0.9999860318712591
0.9999758234045525
0.9999882067165335
0.9999911091142003
1.0000054720632667
1.0000033387968557
1.0000061451306286
1.0000065859659948
0.9999879771599349
0.9999868973479731
0.9999922262082475
0.9999871444399889
1.000071196968767
1.0000572164684134
1.0000876728875507
1.0000992041925831
0.9992076295683168
0.9993301765989651
0.9990931447852575
0.9989776208032762
1.0065238431001724
1.0089622360422483
1.0082329173392788
1.0058473899692055
0.9980387412782088
0.9982325484138789
0.998301443198861
0.9988183298656335
1.0003337965753734
1.0004186605978416
1.000415608936213
1.0003083328296438
0.9997170129125316
0.999834869936821
0.9998327310854611
0.9997217404169494
1.0017996442119765
1.0029530762175316
1.0022544898397256
1.0029555792082652
0.982309533231799
0.9899406368801915
0.9887724208902342
0.9817577711043824
1.003531311959059
1.0045945635742013
1.0026144349480184
1.0028728119703607
0.9988772289792198
0.9986458592655425
0.9988783232363646
0.9993924195071382
1.00031995829868
1.0001988158779975
1.000246031046274
1.0003069088020453
0.9999213400815065
0.9995955679785935
0.9996831608994985
0.9997944140299795
1.001879183279171
1.0010415298374444
1.0004515325910202
1.001239247828929
0.9920884928121251
0.9955877950466628
0.9923760556644714
0.9938693017469006
1.0281415029773493
1.0459772820957343
1.0112735739964633
1.0265392760549175
0.9939711938071929
0.9859832956596695
0.990257221297238
0.9904651196032069
1.0318414873081516
1.0255166705539402
1.0159732383075535
1.0241725216106836
1.004849310154443
1.0015930869815246
1.0060803976560653
1.0045367154585918
0.9989461797413529
0.9987916842700143
0.998063525351662
0.9986048682821065
1.0001332225230062
1.000360470327642
1.000253193919941
1.000313791876752
1.0005270605340177
1.0004950516992281
1.0003693804252192
1.0002268472922162
0.9990513388176282
0.9956521847999247
0.9956237876707571
0.995629103453298
1.000603568118113
1.0006242534339576
1.0014247179742823
1.0011007761443573
0.999844067043593
0.9998459016527701
0.9999138318230879
0.9999192685590846
1.000053325405232
1.0000383715499783
1.000031765908033
1.0000500805146462
0.999876406634916
0.9999215086169624
0.9998723185166503
0.9999666880088083
1.0002617157541394
1.0008550982251985
1.0004814834321059
1.00092134862675
0.9979838303856803
0.9978496248968534
0.9944260797292627
0.9920148897729438
1.026222093824225
1.025406731977929
1.0323138625475488
1.026285006810141
0.9956915439488245
0.9956998442559314
0.9956877057634631
0.9941801369316264
0.9950180738848896
0.9985165729802892
0.9965685784377544
0.9972104837521867
1.038818001485367
1.0450652924640278
1.0398165827881851
1.0165026887337592
0.9460304551991503
0.9594801781088157
0.9210563263481175
0.9115928021687055
1.0186176474869169
1.01907232217979
1.0367154839665953
1.0435828995713046
0.9857889662224043
0.9887629956934214
0.9812417841963869
0.9868671064023469
1.024175083919989
1.0238592739543948
1.013888651801378
1.0182955020462985
0.9791819211414075
0.9867198828164542
0.9895521158217908
0.9825761471535241
1.001271116989288
1.0030809113217856
1.0029820126863271
1.0033292039933908
1.0367538781678025
1.0388784021526254
1.0259742652359995
1.0175710832474254
0.9941552001114957
0.9975214555055599
0.9938365039250787
0.993059429272175
1.0231055912754896
1.0321730515033345
1.0132232704590354
1.027050281112192
0.995065746265431
0.9958393247235974
0.9939308369709398
0.9960280221515583
1.000850783850013
1.0019810754732066
1.0031712783037077
1.003279525928896
0.9993432822415889
0.9988238017948782
0.999106133648217
0.9993134353029028
1.0019539874342496
1.0026613398210287
1.0024480320583622
1.0014666393993426
0.9890484130349435
0.9759282825681508
0.9812413419548702
0.9850354468519666
1.0018472041928193
1.0016693965662182
1.0016083323370708
1.000851733928546
1.023548163703371
1.013673722002483
1.0502269055550912
1.0203245049207372
0.9915685813302003
0.9939046413894715
0.9916170110960713
0.995373220043361
1.0013860023868348
1.0010874494065296
1.0020556999007486
1.0015922865444629
0.999561984422616
0.9994815360660474
0.9997097017894054
0.9994117142603738
1.0002531591742345
1.0002177610538756
1.0001487389305255
1.000269154884385
0.9993540971018902
0.9991498563522618
0.9990893425292235
0.9990665749632918
1.0064066858213572
1.006682959518652
1.008098781232018
1.0097362486094814
0.9990118095540227
0.9985713563281681
0.9950061874194934
0.9949378257266638
1.0298188982114505
1.009753226409653
1.0330150499433903
1.0565374734543522
0.9822686355667304
0.9954923049290778
0.982970902980557
0.9922015098850311
0.993283766261881
0.9939774667529714
0.9871480333039727
0.9996796788053518
0.9445390075604306
0.9749117193427608
0.9269878613284808
0.9706581553345207
1.0029937834228626
1.0024773292048186
1.0050152628012103
1.0080940587862837
1.001223989355789
1.003290419850496
1.0050430328179578
1.0046882205935466
0.9560595771406868
0.9541946619837899
0.9950898766700661
0.975840335732943
1.1774880559988614
1.1087756241532924
1.0939409150070831
1.1530797139124653
0.9131452553765864
0.9413867247603719
0.969659628654241
0.9063930027349592
1.0147105357892405
1.0109643105853772
1.0154249358569303
1.0110851453894822
0.9949156381214245
0.9954676987652905
0.9976196556034491
0.9969588505256128
1.0020256681499906
1.0016434000451904
1.001598387325313
1.0004874640147252
0.9944503004638264
0.9709359230139616
0.9699624513197492
0.983766763348378
1.004341000903972
1.0035774733768354
1.0028329973308128
1.0021594022529057
0.9991323897827692
0.9990208251025726
0.9995881286312868
0.999626782732249
0.9988062025330945
0.9992329098739651
0.9988069278983681
0.9994890031770998
1.0076970007625343
1.0043855651347835
1.0054055360425678
1.007020326886155
0.9526252857241065
0.9610169980673127
0.9891808437399863
0.9633821201073893
1.0116659734666795
1.0055771345024793
1.0071742496522982
1.008586832976782
0.9680644816122701
0.9753270938210897
0.9854147954768576
0.9770646429339062
1.006217896340005
1.0073626911660085
1.0035874257490691
1.0021993101357887
0.9891220067152539
0.9915479677031813
0.9908289125842373
0.9893935903758615
1.075973907769163
1.0263885485548359
1.0802155264812534
1.0560380990274998
0.9639628301121888
0.9471657845350456
0.9649181563830013
0.964786101143902
1.0051081038331118
1.009272913073195
1.011924031030815
1.0096040230286591
1.0004186307000373
1.003306607623571
1.0036306839748323
1.0020575503114195
1.020782790502562
1.025696155712032
1.0194814294668084
1.0069624900388043
0.8566511625334614
0.9153923390402766
0.9191082604544102
0.9201838621780052
1.012959945338772
1.025607178187334
1.0239731630515903
1.0222780230166169
1.0267569781088712
1.0159502096661466
1.0129503267949653
1.0301122856727434
0.9966851700419946
0.9956762875851931
0.9981494970678388
0.9962492697358533
0.998403574262661
0.9985128268631392
0.9991102248049122
0.9990196541040499
1.0131522302661324
1.0160377186899139
1.0091030966641754
1.0131063620198495
0.9975256582448585
0.9952071216605455
0.9967892747294993
0.9981747296179123
1.0019375434317417
1.003134978466325
1.0013991775281503
1.0019830475504157
0.9861145377606297
0.992307292316329
0.9792975060718182
0.9778512196178811
1.0029171032627326
1.0042441626347955
1.0057172426424008
1.0028508657555248
1.0008731600744605
1.0009076949862976
1.000289655449345
1.0008666066692988
0.9829658738517358
0.9844832082347534
0.991985783509828
0.991162940408247
1.0044375416065798
1.0036070070673908
1.0040863803419795
1.0024577603258231
0.995566888893303
0.998122581220409
0.9943345119069249
0.994289900631604
1.0359397505391628
1.0067971320243099
1.0299626439288208
1.0352091338470943
0.9958860187214782
0.9979578442924565
0.9950467772781634
0.9991204776038963
1.0035355632118717
1.0038631190702212
1.002161487163961
1.00282597338212
0.976431613045209
0.9725925080848199
0.9588776847022193
0.9639308054502145
1.0071552665181158
1.0093927656458592
1.0039656080497288
1.0061558640694597
0.9977136426561355
0.9988719382369583
0.9978543834324224
0.997823566720647
1.0003638915196138
1.000300686817148
1.0002100972755785
1.000379523941544
1.0003937847592455
1.0001501999192441
1.0003373734968783
1.0001753585401212
0.9993463385407723
0.9993591672810328
0.9993879285267568
0.999119874644815
1.0166049762543818
1.0106751580237605
1.006914716843379
1.0152749831057715
0.9917367015522445
0.9901828621752589
0.989247867255091
0.9941157114898416
1.0587328864311758
1.0588748706202855
1.041114350502475
1.0371966171719837
0.8496524980949748
0.8229898257698922
0.9149904012551686
0.8319537221411488
1.0422545829750267
1.0302281863427758
1.027072223340981
1.0417306822458337
0.9970520138158624
0.9981049749441021
0.9980538498693493
0.9997477551956465
0.9798624054016049
0.9913686539953949
0.9746336281224207
0.9774052517703082
1.0051411798498038
1.0059697931120892
1.0028850141044467
1.0024672173924924
0.9983900860980908
0.9984154964553986
0.9986485511292543
0.9988758159768211
1.0029580378868284
1.0023638644974995
1.0023512197557478
1.0016553450537635
0.9837028731130448
0.9729932027419761
0.980433889306748
0.9846141597655671
0.9748654430881467
0.985722943714587
0.9855295450623299
0.9683619125309958
0.999800101761007
1.0004250503992989
0.9992958127363715
0.9997948250250589
1.0258236553554838
1.0150745221573516
1.0247947963265607
1.0297339399612635
0.9910371054894767
0.9936708446260495
0.9942928586617953
0.9936964655978576
1.0011296447559481
1.001432063339418
1.0010677860190589
1.0021215551149318
0.9996039467172544
0.9994695118930229
0.9996623868132183
0.9995020870602939
1.0000222913573962
1.0000119328331503
1.0000323442222785
0.9999967897862709
1.00080829728964
1.000992872446983
1.000487805855964
1.0009052832428404
0.986421112508344
0.9821530446379154
0.9770939154594884
0.9799313526719481
1.0354312755387156
1.0288040286221858
1.0151275060453953
1.035547556079054
0.9952481387478258
0.9986534246651916
0.9963008487528968
0.9968873277835093
0.9664744641063051
0.9691233372265806
0.9884486784164062
0.9611970273886032
1.1543133513710704
1.1446849690006888
1.1580375636615252
1.2180032123914084
0.949249443935304
0.9431329211061646
0.9542467520876977
0.9342554161959052
1.024527192582183
1.026252333878324
1.0164818647101528
1.0196329783351386
0.9734791679818418
0.9670845455733752
0.9728136179421226
0.9826631091084829
1.0017189389865242
1.006255523358075
1.0036036245338311
1.0023867219903668
0.9992982417302023
0.9990169164800423
0.999092299981982
0.99936199488759
1.0003861909076543
1.000587740336551
1.0002696342501984
1.0002005123574258
0.9957425643647309
0.9976923712531572
0.999705321403379
0.9966913478016803
0.99976635744868
0.999642283150755
0.9996357250277544
0.9998490685194811
1.010457735662052
1.0108357362063882
1.0111770278896874
1.004961180275768
0.9974699966950703
0.9985762552772632
0.997439461248731
0.9968191063068791
1.0004156757436515
1.0005064579077414
1.000676996673219
1.00007970113508
0.999954393939604
0.9999456454299278
0.9999560081867122
0.9999255594871242
1.0000218482886118
1.0000099150857211
1.000017894125337
1.0000290003078638
0.9999890795213887
0.9999954151087489
0.9999931295360277
0.999990531804195
1.0000023989604427
1.000004578461844
1.000003147251389
1.000005371912577
0.9999907165246429
0.9999869621929417
0.999988174988797
0.9999914502300883
1.0002246071027823
1.000102934034784
1.0001749130958193
1.0001515254048918
0.998530482010096
0.9981428247391437
0.9981860918270882
0.9985390605292633
1.0034137717973106
1.0014352471126877
0.9999981173004414
1.0042241673767967
1.0417095619890702
1.0109233618298303
1.0367995379855244
1.0375291775223021
1.023119606982388
1.0211348266299907
0.9995059233298494
1.0189366135868674
0.9931908541278537
0.995499944612802
0.9918392671829883
0.9932460144638563
1.0009465808260238
1.0017652742292569
1.0007059331115484
1.001486098927863
0.9994971844206202
1.0001428231001852
1.0012361665112248
1.000618643634761
1.0071169983748252
1.0161450742490035
1.0205254877210348
1.0049879795972028
1.00052564035397
0.999606021420793
0.9986900082575877
0.9993353873629326
0.9908758129192426
0.9803633169253387
0.9741361325476244
0.9788900260917406
1.0111093716177988
1.0230345271654986
1.0232130962841286
1.0223657205850032
0.9939666176231652
0.9925938869090734
0.99284625524517
0.9971797784695324
1.0004097753687415
1.001039085491087
1.0005617995886944
1.0005798678880697
1.002386663937284
1.0027497401104024
1.0027334111557673
1.001742557714058
0.9949592221352846
0.9906211151866665
0.984441006244794
0.9781084223520248
1.0781593046338762
1.086040383684018
1.057162453350212
1.0726718237126676
0.967270066920188
0.986025982363801
0.9912338035665017
0.9735582207585274
0.9937412423028896
1.0002186438294287
0.9930825580644808
0.9993004205794919
1.012893968340184
1.026490061637564
1.0017253538310287
1.0361925283224633
1.0285063831042294
1.021821236346779
1.0108923984169018
1.0056759017900108
0.8845170990473289
0.796046464950512
0.9311145483931131
0.8591657802622479
1.025303820994258
1.0272588071413142
1.0337404531108745
1.0476728783295255
0.9869890750812462
0.9917799501930274
0.991081352184572
0.9897959610658374
1.000830061434
1.00151702873087
1.0003790943804545
1.0015165595524433
0.9976458057122257
0.996811543213055
0.9965479431281256
0.9971015497579677
1.0125996548507563
1.0135816392883255
1.0139431645023484
1.0045499591724318
1.0177844887537886
1.0253982926622007
1.017416107345153
1.0488690554684845
0.9959053908025426
0.9953721291213659
0.9910156125781141
0.991753757551768
0.9996700248467228
1.0032652063899645
1.0031197748575411
0.9988628550816332
1.0464678403385796
1.0284657216474975
1.0470828923091293
1.050508930153913
0.9942862856027838
0.9872248165659738
0.9914166951584276
0.9925008536854699
0.9953001309977917
0.9958228450598406
0.9961921352272564
0.9940136028499778
0.9998270535365085
1.0001511825981884
0.9991263724936179
0.9999640366050179
1.0112409061728147
1.0142617728552605
1.010670078840891
1.0066167648441338
0.9986651014864427
0.997689684949716
0.9990657579304046
0.9974743502914521
1.0007035881770736
1.000634446533102
1.0005928876115981
1.0003643060005099
0.9998219773666287
0.9998689061709013
0.9998527837343598
0.999894145821362
1.0000180602818762
1.0000231956017498
1.000013541835171
1.0000250565262447
0.9999761422938723
0.9999700856310358
0.9999771464876146
0.9999733045255257
1.0000872373330172
1.000236471867403
1.0001507632928313
1.0001468726922516
0.9972189779091576
0.997491279583742
0.9977488106059521
0.9982774060087496
1.0269546073941134
1.0275828324021605
1.023805326581983
1.0163669968415403
0.7600753087863864
0.9162363974146058
0.7920965951437486
0.7769397603098157
1.0514864885797512
1.0470846743561535
1.0452306037996488
1.0495805758584578
0.9584714898323966
0.9474578725186406
0.938121762572775
0.9242228020162326
1.062635208320911
1.0556874580054318
1.0172674309120597
1.0462174441202892
0.938375931583662
0.9217691336625722
0.8980810228580317
0.8994236631490454
1.0139230010241442
1.0339810585809028
1.0290756255535987
1.0083672718895909
0.9953598116380556
0.9949649841421405
0.9946690348382746
0.9952447266011166
1.030486015263419
1.0082193527355476
1.0106148058878441
1.0253621456902635
0.9958726278873871
0.9940497856954515
0.9928245509044985
0.9954194682179083
0.996530811830407
0.996684015129262
0.9960008637767672
0.9975173700782809
1.027291554449242
1.0190147207146203
1.0297234091485348
1.0247582148136647
0.9930409940439122
0.9945916198115943
0.9969095306735463
0.9957686569803897
0.9875517052308775
0.9898761954851546
0.9854890624141847
0.9767089075540345
1.0232508779211351
1.0404208769444054
1.075591007302126
1.052085314110859
1.0048189140964139
1.0047751916880938
1.0017602786967081
1.0071320161829953
0.9983908159528766
0.9967727981137364
0.9987432190278358
0.9977861657799704
1.004933776647817
1.006470198478421
1.0057608878495914
1.005202250337416
1.0034937293129285
1.0237227807805394
1.0176591750262347
1.0019181808080064
1.0399363747443346
1.020357236333906
1.0209347362349128
1.0285288527661547
0.9962747773003446
0.9759786919536944
0.978530178188436
0.9840175873854986
1.0817653310057294
1.114121578604973
1.1206772759738062
1.0320336121625273
1.004103729829301
1.0101177528047998
1.015480827643261
1.006390948341825
0.9893100782269373
0.9931171130888524
0.9901575099279362
0.9914422021721486
1.0059009681809306
1.0057084524002988
1.0027265694093634
1.002759816857046
0.9901309303285097
0.988803822745371
0.992401490737594
0.988374577110887
1.0100446896013189
1.0107207148379769
1.0084710104788086
1.0063112878823222
0.9941059664030757
0.9934940528581545
0.9934867358267618
0.9927757770547422
1.0512262520687872
1.0299392557943272
1.0291551943288886
1.0211801975407901
0.9684310579938052
0.9618106657636721
0.9782715895982725
0.9701007293538993
1.0030634656397894
1.007073030371724
1.0059812204546397
1.002303263624944
1.0164871237385396
1.0086576153740436
1.0333676198003805
1.0421772858368303
1.0191159647975876
1.0136555222541899
1.0136966184862575
1.018105325551646
0.9938301775109212
0.996072602354306
0.9951484349307399
0.9950998379913744
1.0013987385065741
1.0025093512313759
1.0013987867236684
1.0021986163118777
0.994715467919906
0.995564766162562
0.9952646468076665
0.9960714399129132
1.0251361763830997
1.010591473665614
1.0213338472163624
1.0204336947838888
1.034885522855153
1.0293422653543063
1.026169066131062
1.034540564345646
0.9896492964772494
0.9914448432944846
0.9933864252263142
0.9957056681243697
1.0035098482037517
1.00279442492596
1.0039288409311269
1.0028379793402953
0.9927270756258466
0.9907889602113469
0.9920028457792534
0.9890207481379151
1.0596609553398029
1.0727060753444844
1.03701362233643
1.0444760729321412
0.9908697358485307
0.9903499154879449
0.9847694434647897
0.9895819306775989
1.0021618245437185
1.0023774145221929
1.002990832971523
1.003517698881449
1.002676456277706
1.0036019779697465
1.0015137076251988
1.0044350965366438
0.9992105990082389
0.9986912191738732
0.9990234811948498
0.998544332948952
1.0046154685618285
1.003669708875174
1.0049101927565933
1.00180615935798
0.9733826797798223
0.9755649217243335
0.9765633553079827
0.9854332590175192
1.0065442352721359
1.006973449493342
1.0066692535864596
1.0024108904168818
0.9570498438662055
0.985379813105549
0.9641886884958615
0.9656074421573386
1.0137779300049188
1.0078096463498512
1.0061060441669682
1.008394916175226
0.9975298766123143
0.9966212352538206
0.997401162205476
0.9975604111613354
1.000870416078387
1.0009105088042596
1.0003252011173591
1.000570631228399
0.9999385718681347
0.9999265778127193
0.9999530677813473
0.999935385759703
1.0000403473211736
1.0001059315197285
1.0000724965729426
1.0000739538131098
0.9996092439679904
0.9997082685363804
0.9993370726276865
0.9994918558223473
1.0039896813590572
1.033370235063158
1.0007235518678135
1.0215008034828372
1.0458493899788592
1.049129418562983
1.0600455407764582
1.0258979565939759
0.9886014610289173
0.9763591342704933
0.9681132332368697
0.963677442833161
1.078442583448103
1.0344305771346594
1.0283764270813887
1.0673396184338042
0.9574925762399014
0.9663669486824918
0.9604333061889008
0.9735201021990161
1.0045707872602325
1.0100609123119502
1.006428336982735
1.0064228998671145
0.9981236056985429
0.9975675721314029
0.9979315998044315
0.9980420397233893
1.000457541142883
1.000059157320974
1.0001126887408176
1.000574067657924
1.0145125563187198
1.006091720561996
1.0085691348458439
1.0065780086214462
0.9582073323898396
0.9415890834729119
0.9144199710763747
0.9208393299198075
1.0587530262565832
1.0945238196683114
1.1379453273255962
1.0845694801291395
0.9705989760282808
0.9819138857738374
0.9856744345915881
0.9806519528291344
1.0060895024551966
1.0029883416212224
1.00624097393873
1.006359367917865
0.9991461057857778
0.9992590920325828
0.9985952958522791
0.9981726437477838
1.0002218375412337
1.0001607511641575
1.00023307170461
1.0000783129390254
1.0014655777378496
1.0025696512827065
1.001427126076074
1.0012192432839777
0.9812105312067537
0.9890854692470659
0.9813891637760486
0.9901708096603591
1.0030269707453454
1.0013885367958115
1.003680590701386
1.000724366918347
1.0000452380925169
1.000340392481529
1.000983596090026
1.000024091130979
1.0083219355331894
1.0083121168718137
1.0109688589257508
1.006247225623526
0.9959801574800449
0.9930568295907917
0.992634712216699
0.9922372982276442
1.0566010314578436
1.0714724517381249
1.0238632670902594
1.0236611698517923
0.8178907225445047
0.7621087507686105
0.6989374106436232
0.768072177581165
1.0708239830182629
1.0607799319723585
1.0703809075284672
1.066023825776605
0.9812120904935473
0.9757636343946978
0.9901103816930383
0.9815740634221135
1.003379550616628
1.002789523755943
1.006316811275655
1.0061961006752447
0.9987825931761597
0.9982471575924716
0.9977909367747448
0.9987584752017062
1.0023353290302208
1.0026434192008429
1.0029577685771585
1.0024337507688519
0.998574968212592
0.9977623671004028
0.9973709040699844
0.997033945327131
1.0126337536721193
1.0269138383106282
1.0083753472887265
1.0113385598409033
0.8815686469624846
0.8178990409243291
0.8392017180496276
0.851387188853322
1.0485435700487582
1.0417748063350396
1.0481491121053674
1.0813321092982808
0.988436097172244
0.9948975727542455
0.9904390469697902
0.9890790252381385
1.0003133777346147
1.00059719812973
1.000135010785762
1.0002745066046808
1.0081613597434416
1.0062965240203818
1.0069058663191843
1.009370868580039
0.9630387182489729
0.9542436009157523
0.972471945341067
0.9540594383789677
1.008670906686796
1.0212301435358087
1.0236388111953576
1.0170573603391349
1.0080138703570278
1.013279821767441
1.0091132717631552
1.012336432001544
1.0134295538646039
1.0171319659571862
1.0069455769330524
1.0094650324700216
0.9842429223104386
0.9803596289058576
0.9741345713897724
0.9821331403201193
1.0922481684822898
1.0646756968787834
1.0770739549226351
1.0669850062204262
0.9832454548399031
0.9803185299311106
0.9795310253401778
0.9836175928611035
0.9985406938218121
0.9990370570231422
1.000048408910157
0.9974256111384974
0.9938162804857319
0.9941238079045236
0.9978835612702572
0.9907646107368967
1.0192234242483253
1.0437320001916368
1.04958874120722
1.0475198711413707
1.0167809371029803
1.0125356403335262
1.0114931058562922
0.999395759324729
0.9989623954025026
0.9976300041402737
0.999184680096739
0.9981256310638894
1.000478358922535
1.0002563059068432
1.0004278753024818
1.000246801371936
0.9997188334107076
0.9995409325691221
0.9993798176328417
0.9996325439723032
1.000567215754934
1.001603998263532
1.0017802645094658
1.0016741057204672
0.9995125366939381
0.9997397803854183
0.9995749199975297
0.9997367544983855
1.00011403769379
1.0000733262035257
1.0001260800363934
1.0000357039441696
0.9999865147744255
0.9999811680472497
0.9999741181476332
0.9999790981516298
1.000004344637303
1.0000059014971097
1.000003183243314
1.0000058619802232
1.0000020870084216
1.0000018207302492
1.0000027864451684
1.0000033192433873
0.9999666307955368
0.9999726784869093
0.9999774447153759
0.9999767323843215
1.0007900914595447
1.0005596557991536
1.0007442875840133
1.0006102840674458
0.9962149304390693
0.9945458967511129
0.9943453021966377
0.994837245863305
1.0258914775849195
1.023846512021116
1.0168484471141743
1.0185877374130603
0.9752598474102764
0.980691030658473
0.9753531466309819
0.9871435387290095
1.0067632131426782
1.0062706535103962
1.00417900568333
1.0101475309963748
0.9927297068963102
0.9921785256970677
0.9843286118629379
0.9858774010093593
1.0025577564330632
1.0021961135407271
1.0012587971182147
1.0028349350663122
1.0008856459359332
1.0003014668799697
1.0003920232796097
0.99989451264953
1.0131722714610925
1.006665991430694
1.0119402796035837
1.0097800576115656
0.9971639265260268
0.998259181071234
0.9971194947925435
0.9980709178123075
0.9981956744112384
1.0019318509021826
0.9993151119258937
1.002864983347259
0.9634813250877549
0.9633383641777106
0.9428979425059422
0.9548414994072797
1.0140860568084127
1.0198375102971768
1.0165778232618181
1.0091004495583746
0.99580070171892
0.9969011401929675
0.9950834755049889
0.9959380296875256
1.0012778730701386
1.0009657909732164
1.0012418182069416
1.0012239818869524
0.9995891117859658
0.9997900928730001
0.999737852836416
0.9996444580593778
1.000070730134215
1.0001550358936069
1.0000715582498214
1.0000763395487033
0.9999254472839421
0.9998877758087066
0.9999338905939149
0.9998957258352797
1.0012147861730871
1.0020721565264277
1.0008003221328232
1.001148756423639
0.9933797445809328
0.9926001413369026
0.9919930242111173
0.9916678563094632
1.0033193317547875
1.0045832446474547
1.0016515923805438
1.0025499136454563
0.9989644931494337
0.9991221821421982
0.9997055032967049
0.9992544576346661
1.0008085695796907
1.0002335265122912
1.000691396969831
1.0007621270786653
1.000855049300263
1.0007211393643034
1.0006553146834543
1.0006038657767349
0.9885235345625231
0.9948550440898947
0.9880352880209782
0.9862480956536839
1.0037961082998563
1.0047934640017677
1.0067508995175602
1.0045773016106445
0.9899539306826323
0.9891981878453389
0.9867903561868216
0.9895447593902116
1.061567837871217
1.048875195169495
1.0833879276454426
1.0864002334450125
0.9835513435988323
0.9723204217997807
0.9745703548264767
0.9866456277990572
1.0379045750419231
1.0149204762551423
1.0239479718019926
1.030149755395871
0.9720720609982219
0.9818180444605416
0.9703077163441939
0.9948806237550007
1.005916608498451
1.003887553363056
1.0022895646162953
1.0066938627331468
0.9933879105564961
0.9871382099237216
0.9762246676716793
0.980326007523659
1.0884460509786713
1.0696437213510974
1.0851373111103644
1.0972930175746098
0.9743803041029032
0.9725440672465892
0.9782528481385452
0.9841985569823065
1.0033739870592466
1.0034356634531878
1.0039520710811642
1.0059309609074265
1.000040301128384
0.9999284731564783
1.0000043846147957
1.0003120676060713
0.9870940522582723
0.9958207034794002
0.988158902798918
0.9959172744673083
1.1141720266797888
1.092784476004492
1.1186981492006425
1.1437497785679256
0.961073868307635
0.9592216391156414
0.9632525559000786
0.9669638998968212
1.0202505850935413
1.0185200987362584
1.021855265677056
1.0458873264236626
0.9910522680817785
0.9940091939707983
0.9954343787614613
0.9891898807119295
1.0004062862038015
0.998720663856491
0.9983700039514982
0.9982379704316319
1.0389354491439935
1.0379821218333771
1.0426945020961376
1.0186111303329584
0.9975822629613101
0.9947692996942552
0.996367638900435
0.9970755052422559
0.9948051649527347
0.9869470656893266
0.9894325429961156
0.9857187381552446
1.0942392225024893
1.0930736090010875
1.1089772948912446
1.0571849756654024
1.014345937738126
1.0139460578528217
1.023440318795186
1.0227294815650114
1.0295354667808072
1.0332146366911827
1.0368994248946266
1.034634792444312
1.0117494957443673
1.0142969022237343
1.0068292020189165
1.02105680302458
0.9973307268567734
0.9951831750781961
0.9963800571153032
0.994552206986745
1.0012310294498643
1.0021517407682756
1.001000120856309
1.0014235716096553
0.9993740809494959
0.9994574609311507
0.9996280313649705
0.9991867986125521
0.9998890566093628
0.9999322257618612
0.9998745142310134
0.9998610070631024
1.0014006452111068
1.0009293680052347
1.0008517700024333
1.0016521529579616
0.9957161675835527
0.993439299699929
0.9930238179116928
0.9907840355225965
1.0269047509057352
1.0150191245037985
1.0471630430520844
1.040751943676469
1.0160414458880136
1.0683751076856185
1.0588308852349524
1.0551740533650547
0.9882881264713891
0.9870267406649047
0.9859878579191372
0.9772237766618206
1.010244752235219
1.005031084806962
1.0014574273627166
1.0092060954395372
0.9854622547925352
0.9866378581107873
0.9808185305701169
0.9941103841068941
0.99064368507864
0.9990920362477284
0.9938042908833702
0.9893266949863374
1.0998823049843895
1.0571510816481522
1.0642715025002178
1.072779049905388
0.9843319577364416
0.9842559321779104
0.9704970823844365
0.9928237958429306
1.038727085495266
1.0210214726429039
1.0399922125177632
1.0277912026066582
0.9932503054650319
0.9969906712204119
0.9941086795655495
0.9934063686347715
0.9970642771777465
0.9892398426540733
0.9940509486217894
0.9860467823204287
1.0054475698805605
1.0034953740963952
1.0028426438413085
1.0048193612967034
0.9999993651410466
1.0000515382752841
1.0003684130420891
0.9998495529458878
0.9929893325796557
0.9816129748778775
0.9843804195126988
0.9966406678443079
1.0021578421437616
1.0021673801691673
1.0020634401882358
1.001786772144333
1.0007869671544498
1.0004706885013381
1.0004770479577463
1.000725387559536
0.9932255430462666
0.9919197608391191
0.9905165538674694
0.9872141264049801
1.0236671559565627
1.0177833223868864
1.0180617113364692
1.0203863242310285
0.9944444934475499
0.9890361908064279
0.9924588077604996
0.9905380907002826
1.0002496406274513
0.9984286733555875
0.9993724516086743
0.9991029441780642
1.0199356982653047
1.0173285405244938
1.010698125079803
1.0204556392283313
0.9972506729294378
0.9946273444429905
0.9955554043957189
0.9954429607739573
0.999080519571325
0.997818029988222
0.997791984859414
0.9990382484562058
1.0042649509686143
1.0186844814633793
1.018843536458463
1.0032413585503523
1.0468735465726753
1.0700588198580911
1.0149198533453405
1.041335803088718
0.9816904297405452
0.9795325925649523
0.9667649136891044
0.9757266385146837
1.0094018957873756
1.0283676426252921
1.028573342239642
1.0185487336692103
0.9939435035672407
0.9962117862903722
0.9914824132887713
0.9930420569387717
1.0014401220294418
1.0019184385997895
1.0024074339417026
1.0020025315103798
0.9993213398766764
0.9996229960389558
0.9994797223951917
0.9995241806484313
0.999915466269714
0.999892818393233
0.9999132129164306
0.9998822697959613
1.0025029770613576
1.001329061594837
1.0031317825864552
1.0014527130201825
0.9842468644661272
0.9901750436193646
0.9838723125092808
0.9830328246977142
1.0536101714345263
1.0284756830964092
1.0359907024235366
1.0444460595159126
0.9775136405459707
0.9812253435095197
0.9854818984948347
0.9876795630622166
0.9988425964400766
0.9966848057407981
0.9946073317361829
0.995615585252114
1.010613381950879
1.0328748648668993
1.0319235597311405
1.0308896925230697
1.0625408123526479
1.0447349733899736
1.0445765470634292
1.026085017384187
0.9960697909707475
0.9969193874997635
0.9978424264952588
0.9962866672462444
0.9930910299480967
0.9976877552320791
0.9956713440294598
1.0022044533011252
0.9904680728652027
0.9729307714641606
0.9470470851714646
0.9689627837914314
1.0590875918005964
1.0647862895383375
1.0858523749267859
1.0325901629173402
0.9995898016851704
1.0012234484994433
1.0018462233380483
0.999132253283399
1.003287885460357
1.0100826603936641
1.0118285267187348
1.0130118727795618
1.0052832333387676
1.0124302187701533
1.0172368833943155
1.0070146031428249
0.9986322570007906
0.9979261483464605
0.9976059059008565
0.9969875771936779
1.0008018600539592
1.0011620713366116
1.0009731441834093
1.0011091889585275
0.9989009224906465
0.998151145204677
0.9980997974827406
0.9982125826812236
1.0081756063320038
1.013811476329731
1.0118996401935392
1.0069603268227176
1.0092724909066317
1.004712615941937
1.011877285709879
1.0112360371003555
0.9968716852838991
0.9969971801398709
0.9971748414048821
0.9985992415167253
1.0069443506092213
1.0068417526611773
1.0073759212916447
1.0058139122736527
0.9766992149652951
0.9795472611884755
0.9654654485200861
0.9648417313689569
1.0572865770242732
1.0591354376338935
1.1040992441032003
1.0785886200061774
1.0109647707140492
1.008935072032635
1.0235890379554529
1.0309987017807398
0.9924046932814398
0.990196053652573
0.9970117600284478
0.9944364887313085
1.001687125497586
1.0041069123407267
1.0019854453025279
1.0047974915416233
0.9992149087787251
0.9991660818641904
0.9991761310705181
0.9991439767910486
1.00001482501232
1.0000130801316331
1.0001087783901415
1.0000493524614673
1.001650991794907
1.0011637657496855
1.001655492570107
1.0011577307284247
0.9882670304927835
0.9893758770078941
0.9843520169970013
0.9982593606144358
1.004852761456115
1.0039534383606121
1.002435000111264
1.0022329248882462
0.9833383321054815
0.980781792799391
0.9589647742151947
0.9569688291646742
1.0648475460986835
1.0738815802086255
1.0530836587484882
1.0835205750566395
0.9923363812227969
0.9809575357531891
0.9900348784686624
0.9880079947529377
1.0044363762019604
1.0037828350431837
1.0012958216742904
1.0042931583110102
0.9938220580693629
0.9914599684391034
0.9933197358981761
0.9965304052562555
0.9941215864626879
0.9933808757279259
0.9947201678679591
0.9910940124760012
1.0032548325083215
1.0020457743662647
1.0062174388722662
1.0071100168479612
0.9993267952353216
0.9992020092170683
0.9976356700161061
0.9987763266809321
1.0023014173046996
1.0037455204557553
1.0064526628921309
1.002654731576498
0.9998946792001281
1.0000788963133167
0.9999896804864408
1.0000456724273266
0.9975727197269053
0.9947669734026989
0.9991500964033937
0.997071847433602
0.9995422200682784
0.9993817250531486
0.9993408781115134
0.9991884566626605
1.0041559666708861
1.0079277054523081
1.009485435337988
1.009384189102529
1.0006527574370385
1.000977955100783
1.0014792420035055
0.9995264119229822
1.004925384654334
1.0039488951585005
1.0024242447984673
1.0042043878978386
0.997256921902076
0.97213714266023
0.968500318053428
0.9692639792433606
1.0518717426216437
1.0592142148154007
1.0322639973739587
1.0548645379835182
1.008262727700182
1.018905591685894
1.02368643713342
1.0108944092371954
0.9959561158261803
0.9961742766137958
0.9969642671696781
0.9952951882783131
1.0226013364267863
1.030966817402962
1.0231676945525452
1.0072232202279536
0.999946248448778
0.999429591378467
1.0017183562562209
1.000701751605567
1.0253801048224274
1.0265234170601196
1.007521888586777
1.0252946294984102
0.9953678337073769
0.9950322912009464
0.9916807719601372
0.990789400158633
1.009553818136308
1.0084803570435483
1.0073179024684218
1.0176535711277706
0.9963154455371187
0.9969397688783498
0.9957241509859516
0.9948922405715369
1.0018628919003256
1.0017198488440613
1.001212418166303
1.001140759838836
0.9934649948971518
0.9968314786474194
0.9982487031387954
0.9927189974941418
0.995007453609774
0.9949009263101671
0.989842562343596
0.9879306032887576
1.0535390593330176
1.0526668287365049
1.0594391716385045
1.0613374592623903
0.9916852769706912
0.9916863130244902
0.9926064899135343
0.993844564793987
1.0021911600232043
1.0016342420019209
1.0025875294755553
1.0032407184306884
0.9955200598837679
0.9935625061591575
0.9967546490613879
0.9932836122809349
1.019392180063942
1.0272359214053237
1.0111947178253942
1.0257536973573222
0.9627618988097567
0.9508174662042909
0.958967839533968
0.9546644055473689
1.0123529896749601
1.0144791805276085
1.005978425601071
1.0129314271383834
0.9956428937186741
0.9966343311942302
0.9958897525430843
0.9973690631545721
1.0073385926146108
1.0059071920758955
1.0042205311813492
1.003743689451245
0.9536850279785689
0.9882218500458281
0.9575881039920466
0.9631313359671634
1.0084228541008347
1.0071979092193957
1.0080060753464553
1.0134045480666733
0.9917198977392242
0.9887802342731214
0.9872499865198862
0.9930660065764244
1.0210709518071257
1.0437263230972427
1.0032867059997763
1.0354543281694388
0.9901713280156491
0.9903713465934755
0.9924640116134031
0.9902575418644777
1.003832770760705
1.0053357397344682
1.001054608208829
1.0035097334989016
0.9995748202799062
0.9993403056782333
0.9994380355961048
0.9991831072482052
0.9966763714141468
0.9973067222838655
0.9966990970266111
0.9983042185272216
1.0005222050154152
1.0008341234204339
1.0002580670135597
1.0001896759147044
1.0002975450438207
1.0003435439173256
1.0003097174687527
1.000323125443347
0.9984975090097248
0.9970185049435647
0.9976544108456114
0.9985873135278934
1.012800001424401
1.0217854293809945
1.0124778070082288
1.0362718577947154
1.0022276610606247
1.0127827420300863
1.0115722832872929
1.0010089319515907
0.991149610677556
0.9900411265227362
0.9853824790718746
0.9869159851724774
1.0423795400345577
1.053426938508527
1.0513870438323358
1.0449277366298222
0.997788748282222
0.9972647226184727
0.9951237741789367
0.9958518411605985
1.0003478400337629
1.0003667522269146
1.0004229611606623
1.0003029455270054
1.0045429760573528
1.0037241621247157
1.003607529285721
1.0066458003145669
0.9921632444084162
0.9918776755381955
0.9947425959627593
0.9881214677966111
1.0017251825324947
1.0028915216665126
1.0023762812010477
1.0017401244722028
1.00008301166293
1.0000552882349227
0.999246655873238
0.9990278091630036
1.0159617697209682
1.0226528571318012
1.0118193032027707
1.0126796605246589
0.9638930999230715
0.9376039617932791
0.9422980418523842
0.889724750792489
1.019725620771139
1.011397220862792
1.018415635477146
1.0133514763734275
0.9963984248045795
0.996889901246521
0.9993843490299406
0.9969028600171531
1.0018292233756017
1.002326818304081
1.0024518060743015
1.0020616607676096
0.9936116139203014
0.9914940718424136
0.9945729732840288
0.9878748463758407
1.0595197842323452
1.0385099248554779
1.065735056959358
1.069866972290012
0.9922578071905203
0.992331144241221
0.9829209501555026
0.9867912997852447
1.0051596693834162
1.0056591612798003
1.0064256303980694
1.0040719837604835
0.9941172436357668
0.9962909164326221
0.9942268389640987
0.993968977792582
1.027637961570303
1.0172342749499943
1.0606659780411685
1.05803920339396
0.991277453968804
0.9963571203137018
0.9973093654541357
0.9960094126279226
0.9839902447646097
0.987122394966022
0.97789616011275
0.9711207291139302
1.0088010736934985
1.0035458668882087
1.0043094660825145
1.0026676751940315
0.9990381600492353
0.9990371541772685
0.9986647904715006
0.9990226897755089
1.0005982746857462
1.0004814976819807
1.0009254266242038
1.0002179559524305
0.9961061942600645
0.9970936572198736
0.9970345457146588
0.9981733967284956
1.0223120454580614
1.0168099354509648
1.0156853447647
1.0095216680471248
0.926219074854476
0.9622768592163927
0.9062367007700989
0.9363910784224309
1.017377975569265
1.0110410244119308
1.0129654468060736
1.018010422340768
0.9950838604115247
0.9902230367331978
0.9945192580733753
0.9930565894811408
1.019694946728727
1.0186896692798038
1.0413354434731412
1.0370867502537857
0.9987728925022595
1.0005986509771434
0.9973141255577546
1.001235254666376
0.9981105714511322
0.9978978221361802
0.9980649876769313
0.9993007373669681
0.9998493655647098
0.9977208748764061
0.9983605437881516
0.9998302673712015
0.9987394609114727
0.9935565821225022
0.9933584097230094
0.9962372506298897
1.0138564130366436
1.0504940271497576
1.0531964932876006
1.0206813748185954
0.9861520383209819
0.9846530408961346
0.9909039035118498
0.9898257120993327
1.003104493530708
1.0026683891730288
1.0019942332367118
1.0033241731542186
0.999204959640057
0.9989839625473594
0.9991009735057005
0.9990533584288466
1.0028124761216701
1.0018554474677286
1.000976712545921
1.0020532104923179
0.9860162200562989
0.9788599548496895
0.9751766276431233
0.9789075832157045
1.0162908766749936
1.0262253878701593
1.0171143686257278
1.0482267071278235
1.0540759691732031
1.0096573537365376
1.045220214770831
1.0188810994962478
1.008259914455146
1.0119930973930502
1.0060492234122993
1.0116871021939573
0.9977800229939757
0.9944243068550745
0.998194634474882
0.9950638651118243
1.0043493050028445
1.003686491064569
1.0026913235350532
1.004551727889263
0.9741076379114673
0.9790026888320267
0.9803390160724271
0.981788139879551
0.9904108143753843
0.9962244909487719
0.9896269007960337
0.9900089574977444
1.0839854855824698
1.0828025945431643
1.0410752528943124
1.063174681201331
0.992078440751995
0.98864581365099
0.9882923548051304
0.9871717890587286
0.9919468362722779
0.9800386869381127
0.9930055478758889
0.9669850088630992
1.0180995001183297
1.0125149509908185
1.00824130274297
1.0100712377428611
0.9541614466734841
0.9530687501433542
0.944893763438767
0.9691449289686875
1.0079207572468112
1.0096189192294638
1.0067128238192082
1.0058125007520153
1.0000846112613966
1.0008148046899288
1.0012672704211207
1.0006150844808068
0.9912604770254944
0.9901364925672304
0.9829509348671203
0.9841995983958626
1.0987590934187994
1.0806318800086694
1.043177676124529
1.0494698325938236
0.986330387846015
0.9869354893283169
0.9863289708458778
0.9858730312673945
0.9984720413241299
0.9977189618540341
0.9975835816891834
0.9987476653806925
1.0002752329679392
1.000310651042007
1.000564987874748
1.0003841412514085
0.9990086054465654
0.9982197416589814
0.9980343324739454
0.9986444487278634
1.0085272137087098
1.0291942318024005
1.0316404909819625
1.0328496040925859
0.9935339819018789
0.9935627283696029
0.9904985604765533
0.9942095170404183
1.0022841331250865
1.0038030552283868
1.002086570420736
1.002128626956725
0.9931547267261397
0.9934106937501019
0.9932008239619416
0.9971379733727858
1.0023017563569647
1.0013324856734014
1.0010154021094013
1.0012653552208697
0.9972767148589944
0.9931992190838361
0.9952463707434555
0.9962761949770684
0.9923455390493211
0.9922745368744169
0.9927346771044451
0.9946245455680922
0.9937078518925078
0.996832656064328
0.9902566017724947
0.996813746171285
1.0011866969793104
1.000750953994217
1.001467135312477
1.0017804168981168
0.9990341689151279
0.9965538017192851
0.9980394484530946
0.9982839202265628
1.0395330000181155
1.0125828506393277
1.0191792979140184
1.033093690773461
1.0045366664247628
1.0007091299590223
1.0039524460858085
1.0059404234904097
0.9933034051527823
0.9937641544852089
0.9964584849517234
0.9980653408214112
0.9959410173118454
0.9936051869226333
0.9954555998408302
0.9944129733118371
1.0346102468439438
1.0115613785971713
1.0233834869324265
1.0430445062462699
0.9899756628289937
0.9907331992141594
0.9896446970461511
0.9905403409400604
1.001480147672648
1.0012775097301472
1.0024540467954588
1.0018390095853293
0.9995414047939226
0.9998337058115301
0.9995901784142357
0.9997577541148255
0.9997166265925986
0.9997422076536804
0.9995920287348087
0.9996886682776566
1.0020018282563683
1.0025844143415985
1.0024798728759703
1.0019338750169373
0.9920856871452844
0.9834551439052861
0.9807401407169664
0.9802827876140747
1.0531610000602896
1.0350247534618824
1.0131289500833205
1.0350316817686172
0.9957121469569377
0.9977801409873533
0.9991848659088384
0.9958980531861481
0.995982940506508
0.997255033101875
0.9980314938647846
0.9925408353236852
1.0024736532044085
1.0029130283136645
1.002626068490055
1.00342986273513
1.0063103602812735
1.0052291271602036
1.0096046453160372
1.0036456024854727
0.9624592408769294
0.9792629143834763
0.962733428905565
0.9660008389645197
1.0060334370913073
1.0048327427073096
1.0081904750083954
1.0098465114428183
0.9963366887239056
0.9979304315245958
0.9983110224399427
0.9966004620299245
1.0005568849576392
1.0011583496596685
1.0009385585068982
1.0005728554593631
0.9993723610282087
0.99851418857017
0.9992350742267202
0.9986812832910266
1.0072889875414968
1.008175246797576
1.0117850866642353
0.9997346714646024
0.9989776259751932
0.9991905139876118
0.9990791113072431
0.9993600518345565
1.0018550152325119
1.0010183440145295
1.0008096386162617
1.0008216537694354
0.990034619540847
0.9880357307375381
0.9894982551383208
0.9853927978490543
1.0028446813283753
1.0022003591518993
1.0036249360692906
1.0058731854674519
0.9960847275781144
0.9987353243670621
0.9977576142003061
0.9980268490603308
1.0112829138042492
1.027652759389516
1.0356191827138328
1.0157506862738988
0.9970866816224273
0.9969290126620148
0.9965626308835864
0.996452738871843
0.9907932532620861
0.9902281632366438
0.9855244343073745
0.9872830118043361
1.002778676877184
1.0026153943647353
1.003603876225407
1.0031492155649426
0.9981253179684514
0.998252268474163
0.9976185991935582
0.9966062699241418
1.000383287677422
1.0002322769106848
1.0007762350661644
1.0002771260601238
1.0013061876204652
1.001352281530405
1.0009893625362976
1.0011575097040897
0.9889730570551244
0.9876325499750281
0.9860419417918227
0.9918901279307142
1.00101313549557
1.0043696604989567
1.0024103896326413
1.0016078860810305
1.0114848824900489
1.009686026261317
1.0098412192549207
1.0034886093299062
0.9934172284575271
0.9940159100761097
0.9917737558911726
0.9894257494230172
1.078216862932261
1.0427460558978847
1.0195493025183755
1.0479240483342818
0.983383784681032
0.9854461459292123
0.9910537464681477
0.9901802257287567
1.0067338960071335
1.0076661202704529
1.0079397135223993
1.005828966584364
0.9771781952815494
0.9823777902451538
0.9776388391725238
0.9772729390637502
1.0350112874041455
1.0220266129843154
1.0244390258359546
1.0506947433683655
0.9059063280042393
0.9301888325146086
0.9035246414034035
0.964089135235813
1.01994408731159
1.0536513800052956
1.043743509736601
1.0588786455300376
1.0043150229303284
1.0143409165135782
0.9985188569220173
1.0156986016099143
1.036785956546378
1.025981059658181
1.0330614267923386
1.005263105055985
0.9933996510151478
0.9913595104162866
0.9927154092818411
0.9936028950335302
1.0023861054615368
1.002819105696748
0.9999214101883637
0.9994557872808004
0.9648163638146402
0.9769287814740496
0.9611351045741134
0.9811012875029266
0.9971498990418323
0.997462856924617
0.9943560185045881
0.9968918386647794
1.0276575435541697
1.0270415908441717
1.015949479790473
1.0358679930594847
0.9763435810171525
0.9701337246044203
0.9784991207577824
0.9804128990467452
0.9988272994161438
0.9953886056092063
0.9961402083411268
0.9944331970867
1.0615153716240524
1.04670906091411
1.0472811692409354
1.0557601627268485
0.9868506269240107
0.9827734293463333
0.9866913975695708
0.9882850404535601
1.019790583249487
1.02506267824409
1.0223722924790677
1.0216556357614162
0.9889768153419164
0.9837426643843112
0.9885620200554049
0.9857245986692588
1.0089986730846288
1.003572399561553
1.006936631903016
1.0059209232214117
0.9984371918989656
0.9976525931720985
0.9989570972021041
0.9989786817958939
1.000414819899674
1.0005453801129416
1.0004187164611427
1.0004407801796218
0.9993627869624022
0.9994837898097623
0.9992914978903439
0.998639870012902
0.998935256157328
0.9983555529470104
0.9979349860995258
0.9986638418176429
1.0196490798924092
1.0165404705356653
1.0093829204839668
1.010130281495492
0.9975221772056195
0.9963254893212667
0.9964923849386753
0.998388009449874
1.007877515543664
1.006760227972687
1.0101541061857184
1.0012467069592685
0.9984416592468027
0.9991083942590643
0.9988902027233938
0.9981486743570648
1.0007546453488785
1.0006968579845748
1.001125407273817
1.0012119218558224
0.9950710735241766
0.9859199748397195
0.9920082548095459
0.9836615951713495
1.0219302879360113
1.0475824922621646
1.061235780158116
1.102433794732148
1.0054011676053072
1.012595639984072
1.021212366996166
1.0190488774880522
1.0294432551311077
1.0198487092185946
1.0370343054405258
1.0505086000932644
0.9893160371676224
0.9882811155010509
0.9947336686724367
0.9869987930187807
1.0036654205405227
1.0028103885092852
1.0040586150070208
1.0030641927734363
1.0005657412684827
1.0004516204607927
1.0001106252223555
1.000512436201068
1.0020110057828047
1.0023544039445664
1.001208608065625
1.0014816807659817
0.984559163320855
0.9821771759723205
0.9848174401722833
0.9955655023775165
1.00331092967853
1.0009373131121955
1.0016615638781103
1.0013888583441284
1.0004490232597334
1.000705495363721
1.000266620026104
1.000548280677875
0.9975786385277343
0.9939548550464258
0.9908606790982152
0.9923321529001015
1.103924540985069
1.0237100260388061
1.0868446027853558
1.0776343929403887
0.9863219358731851
0.9924561598111182
0.9775072212373199
0.9851441220295611
1.0034870884504627
1.0042802948230594
1.0026183967342408
1.0040800256547708
1.0039248075057705
1.001757109184247
1.0026116229635509
1.0033040440764505
0.9704281146318405
0.9455665740877267
0.9822257628856438
0.987911688904915
1.0006478322378725
1.0002562739358616
0.9986025323587868
0.9985667744083769
1.003980322691643
1.033348806439695
1.0406214498716346
1.010147017428667
1.028312643548808
1.0099409523714342
1.010129234780425
1.0238791515020518
0.9927141374012186
0.9961439307405937
0.9938010176181706
0.9957128685079585
1.0011859427199674
1.0012358970747273
1.0005148075671588
1.0003023727652411
0.9984612922495866
0.9997138499164352
0.9974001443050061
1.0003580409232424
0.9930042163535621
0.9890422744347153
0.9882881026914474
0.9913113993965427
1.0084802949301934
1.0271742875612422
1.0111661079304088
1.0243810674759823
0.9939583410302257
0.995636622764702
0.9958474982729972
0.9939162249741738
0.9902918748639434
0.9948183031584713
0.988205828819358
0.9955744860546968
0.9992007099674521
0.9986374110866845
0.9991901196725045
0.9990630884561035
1.0274248300377815
1.0286219398621501
1.0274032100715311
1.0227272886725316
0.9933641273553717
0.9982219726122158
0.9974532095257979
0.996779004957198
0.9874178629358081
0.9731128781897483
0.979557474151823
0.9801883737041082
1.0013128482377438
0.9999579993454368
1.0007116931150535
1.0011435031319114
1.017646476216652
1.0198720595523068
1.0208965022478913
1.0191395556470901
0.996055255300941
0.9972170711370075
0.9970246385693324
0.9981968719942578
0.9962564100979189
0.9952772042786044
0.9956672745679449
0.9942452982442518
1.0234126085779742
1.057170959094891
1.0345543145470302
1.0224374127504787
0.9424046234490367
0.9015610480028018
0.9266138635192019
0.8937010229245417
1.01941777232022
1.0279464159537703
1.0134946423837228
1.0249118220444218
0.9988892853999569
0.9975093602885939
0.996200910186264
0.9951813097343474
1.000759044254142
1.0010537208011774
1.0005675316386107
1.0010374505954553
0.997884442037189
0.9965308692555636
0.9986079533519873
0.9950286915418229
0.9975228705193694
0.9970924626084796
0.996468113774661
0.99745426392098
1.0243031828157079
1.0235943042601106
1.0439397876106125
1.028122281446493
0.994792962464325
0.9944982616048428
0.9919028664656694
0.992217487081112
1.0085739068941597
1.0017746794175761
1.0092662515238624
1.007997712477388
0.9370138148065809
0.9042608561188705
0.9096469082280594
0.9894289542819698
1.0101997918359498
1.0102679985417489
1.0065405538112733
1.0098956002885506
1.0093658355064685
1.0063885861781126
1.0121766079825993
1.0098986801083232
0.9966688395171904
0.995277508328914
0.9950571464388297
0.9970099959456292
1.0119277096348314
1.0073654614385736
1.01401070567682
1.0142564218091712
1.007981320767922
1.0106552645110405
1.013439120660722
1.0065014131119236
0.9871685219269138
0.9912983915191508
0.986148423756324
0.9880934972332006
1.0239505439212953
1.0245999335606657
1.0511349870190019
1.0625369013765993
0.9834410212225022
0.970825468074516
0.9789225455139693
0.9927302665433562
1.0100503319929626
1.0059104167156834
1.0101944377161454
1.002899345831747
0.9872874725060319
0.9806367908684608
0.9771883596459219
0.976365868588283
1.0312106728060002
1.0519637430134112
1.067215981517528
1.041901780907772
0.9840585962986692
0.9934316896651705
0.989692894453135
0.9940969003426929
1.0023786057986313
1.0021953676506605
1.0029654727077975
1.001680166046499
0.9970052141206439
0.9980487429721395
0.9959091107119464
0.9976278887212754
1.0040099767008297
1.0224125146072727
1.0203608080215436
1.0135343568936328
1.0170115233744892
1.020213607630047
1.0301560829991456
1.0137450030033848
0.9950967721048948
0.9952591024737777
0.9972179497572248
0.9982384208342601
1.000764495678682
1.0006265508152115
1.0009348589904936
1.0004721729839303
1.000011056870309
1.0002166576276161
1.0001431352925239
1.000168028556369
0.9996816858934542
0.99918367320814
0.9992381189663303
0.9985087429333996
1.0088375497110407
1.0036120078140556
1.016533861368227
1.0074462631325884
1.049414427412219
1.0307084385206773
1.0405293834450187
1.0406696146859844
0.9947056406005351
0.9937975540705146
0.9920978065944751
0.991771652655522
0.9999937769198097
0.9970388801607681
0.99672173432434
1.0008917502082408
0.9895801526231147
0.9904299374008537
0.9774455501884456
0.9880618111927216
1.0245701687320616
1.05545460468559
1.045128389298036
1.0553108022121203
0.986634856498621
0.9822470033827825
0.9886715361794397
0.9915340448637179
1.0028686469451218
1.0022011872864858
1.0024725484715502
1.0023974507771838
0.9994037868630432
0.9992939510033091
0.9994587206868794
0.9994235963248009
0.9988604713857643
0.9986875527859888
0.9988121261786115
0.9989765161679004
1.0062718873687273
1.0144311357916689
1.0059737691779993
1.0126744155189829
0.9961563828489389
0.9969052433648137
0.9981825166793427
0.996503547137703
0.9919471500961506
0.9862793453268518
0.9885204706923559
0.9944694228922718
0.9824637487183284
0.983003134353615
0.9922100386352182
0.9749784321614303
1.0049940651872356
1.0070944625662408
1.0053656575140417
1.0037590105123584
0.9982114273864596
0.9991851859960623
0.9990400396151023
0.9985165506016785
1.0034219257947594
1.00076878216955
1.00413128877867
1.0033481692388144
0.9888950861481897
0.9808147320887252
0.9799321814447377
0.9920656563774654
1.0032395372891483
1.004139962748279
1.003638747283883
1.0022240893517436
0.9980621967920044
0.9973985690422524
0.9968313478555775
0.9971794032174727
1.0104739191828094
1.0162783960546788
1.0164304872981116
1.0127561589684726
0.9970128856880175
0.995172999619402
0.9949620266608676
0.9983848620218384
0.9996438851831085
0.9991175686265238
0.9986676268134155
0.9987931314140338
1.0088880117823882
1.0062420578623907
1.0031192963491888
1.0155294128725645
0.9963456279890224
0.9972613649353516
0.9968893290684668
0.9985153567458986
1.004671336042217
1.004913291832803
1.0152439161143967
1.0143253545584099
1.0992930917650048
1.017001329253667
1.0653570031836956
1.08652648572874
0.9850633426995374
0.9754037695165166
0.9880458961530136
0.9880833862316759
1.0051099762378084
1.0028617209720063
1.0044115216024538
1.0095909712008637
1.010115673973177
1.0099561850644514
1.0034581896099872
1.0081764602046563
0.9671484988048331
0.9346874530804372
0.9600668863470112
0.8999387360460693
1.110668724403647
1.1193271226195247
1.1476813627049494
1.033469098538635
0.9913893675040112
0.9935732330794912
0.996181366148019
0.9956090183417475
0.9856536465028909
0.99598286187984
0.989269413581232
0.9876203272169731
0.9802569452700068
0.9533210907925594
0.9188192722346761
0.9864807960155972
0.99244297553454
0.9952964996568646
0.9955753357386161
0.985917281719727
1.0002530003210435
1.0005290150197483
1.000760825440477
1.000915633179902
1.015862348912272
1.0092743534082917
1.0112641943692102
1.0191280229608997
0.9960166719389225
0.9952790638807034
0.994282559965941
0.996148698186211
1.0023396640267017
1.0019932834695295
1.0017148147984112
1.001537731094332
0.9973382789758845
0.9949935071035602
0.9937410419252211
0.9937122845396618
1.0094526461046986
1.0375704013537133
1.032805619130236
1.0366135697132166
0.9827578409620987
0.9766737192880874
0.9863707004524951
0.9804099451604437
1.0337958903662963
1.0598559626908608
1.0142006550813891
1.0765506677728829
0.9942266765301148
0.989333138369649
0.9948699910029913
0.9947007262083306
1.0015343297469612
1.0008007838873785
1.0012618918302363
1.0008988059181032
0.999864234347032
0.9998008794235271
0.9999700912991037
0.9998129077384428
1.000056437490856
1.0000673632935668
1.0000496557638299
1.0000503441462683
0.9999868527910508
0.9999837005521942
0.9999845975939375
0.9999804590859857
1.0000271104392082
1.0000103365181152
1.0000297486847793
1.0000187299947934
0.9999270851159736
0.9998956403091843
0.9999138066697009
0.9999099969136916
1.0002678968109606
1.0003924780427298
1.0005030947712532
1.000388747886273
0.997788597447586
0.9969184404115823
0.9967036932133224
0.9980802933509129
1.045757169013169
1.0468810960884318
1.0427423573851722
1.017371703590214
0.9898133203566797
0.9923737989840483
0.9934711931242087
0.9964794170533371
1.022581787902544
1.034605389831259
1.0114776549876432
1.0288389783047756
0.9926838631954547
0.9962197566756913
0.9960478367571509
0.9965562020745968
0.9995961927932058
0.9994695779393653
0.9994944962747812
0.9996078752356292
1.0113743385244942
1.0077066232491048
1.0082921964897524
1.0036288406702802
0.9638377720488415
0.9599875078960701
0.8856756585611057
0.9948106038598529
1.023996751747655
1.0398077711554565
1.0635892466083523
1.014696982946036
0.9461665247773329
0.9743984683154873
0.9551146617274735
0.9723057525402223
1.0083256166314818
1.0072611123819213
1.0074416402880193
1.0085256160755378
1.0179849363027536
1.006894653728953
1.0126494945325621
1.0210677096337153
0.9949972202107087
0.9951444120636562
0.9963703164561377
0.9958610736063914
1.001188679520045
1.0011551934615497
1.0010366827160453
1.0008807429807787
0.9998266781478584
0.999855443933701
0.999807973814139
0.9998833427805468
1.0002309561811085
1.000260653757442
1.0001377084269458
1.000157891129914
0.9983961469508091
0.9981240414993602
0.9983487663885611
0.9981534218715007
1.0116676376838927
1.015259969409551
1.0171692094987115
1.005469409836113
0.9979353326399921
0.9970446803912674
0.9972660611819713
0.9981816005482481
1.0092628786857163
1.0037628459787935
1.0072012263171812
1.0046421160056924
0.9991559251660544
0.9981056790101958
0.9989758169516082
0.9987975391947704
0.9981805769689168
0.9992230086362379
1.0043510116344092
1.0008583253140186
0.9765077847435149
0.9090872603897951
0.9261433334520016
0.8990433679511984
1.0245858128235805
1.0749403890723384
1.0709257365773936
1.09579783824928
0.999443956317645
0.9941536047499505
1.00171897112778
0.9954548232980459
1.0038033959357804
1.0044868769571524
1.0039030071259896
1.003719534860915
0.9790201219693012
0.9913953827533871
0.9803402904244861
0.985325238955171
1.0052973940576404
1.0037617093756777
1.0029992780400205
1.0037813329009235
0.9992645923057585
0.9996323860824348
0.9993342564303269
0.9994329084824923
0.9958672298402068
0.9924646443453249
0.9936286416969965
0.9928148096836164
1.0184516890565423
1.025369069878352
1.0515320610620946
1.0320663485214028
0.9855031465431071
0.9867521775325397
0.9943813949665556
0.9884540943076303
1.003217300274205
1.004663155065331
1.0015482525475645
1.002680406721203
0.9654990900280296
0.9852294672250528
0.9845530463487349
0.9681406621376676
1.005689782070552
1.006838620792793
1.0036668373167723
1.004169648609739
0.9996908992921629
1.000236743715327
1.000146086317736
0.9995989647066796
0.9949389025288503
0.9934462609241622
0.994189132117907
0.9929004756766134
1.1003733874594017
1.0736377737149214
1.025804908694556
1.0975017457732401
0.964897513369989
0.9564916322239819
0.9099780007578865
0.9516427516173835
1.0380109447133983
1.0533711442230522
1.0469164970201978
1.0464387448785937
0.9882099032529483
0.9907393039838953
0.9888136192858074
0.9908843432334861
1.0005466082411336
1.0012564385269167
1.0008416507064553
1.0022895511175276
0.9996445170408793
0.9995804516369313
0.999604849802205
0.99972743280093
0.9992685726138917
0.9991594224658298
0.9996093968944032
0.99929564177546
1.006319043992555
1.0005288013151556
1.0079696486504341
1.0071736646122937
0.997765100714926
0.9967558458400666
0.99772372301055
0.9971987985104257
0.9996104945073886
0.9999736455861503
0.9996115536112599
1.0002883106214697
1.014793468725731
1.0074905761610424
1.0147804309635589
1.0053570967974725
1.0180180142896045
1.0310051596215617
1.0132725155285247
1.0144961107422419
0.9603470930419978
0.9781912316503902
0.9738604579932852
0.9610493307220246
1.0042089960588894
1.0028568113963408
1.003353798427568
1.0050693167977078
0.9991351230180648
0.9987990370866137
0.9985572873433032
0.9992584053841431
1.0001602133355987
1.0002251452544577
1.00015482326703
1.0000616126629518
0.998785881516567
1.0083562307745098
0.998619633000895
1.0070512137159777
1.1528611817801
1.1316309367770554
1.1470229806027228
1.142337196565466
0.9673024988193158
0.969620533720145
0.9549676285153501
0.9707399481664473
1.0164760162012805
1.0093033907033333
1.0258023869443385
1.0192516811556318
0.9966043381892633
0.9989853646355417
0.9959698108910969
0.9935963052059009
1.0003044170542548
1.0070458463321084
1.010710068516428
1.0109876311257835
0.9973965956409938
0.9988853334683279
0.9974158033225551
0.9978668971363548
0.9996477256218528
0.9994887226820349
0.9993489861611761
0.9992559438803518
1.0062816766031242
1.0053737650627335
1.008014849873806
1.0034072533471028
0.9932388071403707
0.9915966599476843
0.9921626368435065
0.9913993751503397
1.0499522968019581
1.0634181082799852
1.0252479666975778
1.0417809899298383
0.9911256831414027
0.9901954667130031
0.9886849652805227
0.9866004242994338
1.0034305310429263
1.0032968411456489
1.0027030336209295
1.0023413144406546
0.9983124961460212
0.9985565472441003
0.9980496825895657
0.9969724306300496
1.0070625392209995
1.0090994972472018
1.009088442317391
1.0116716444023313
1.0066822609690964
1.0073295421465631
1.0027120160059517
1.008244559018689
1.0055386519436662
1.007259149537921
1.007123304538408
1.0046658013679428
0.9996100738087618
0.9993592024524339
0.9989341987689853
0.9990914832579819
0.9995250583547542
0.9998874174854532
0.9997331456248796
0.9993003879274702
1.0053887940170168
1.0031587134947597
1.0046203601371644
1.011518128936747
0.9989945219966587
0.9981110279592653
0.9982283749636937
0.9977939624975672
1.0004349515756124
1.0002791591530513
1.0003080011857122
1.0001518454606166
0.9999736652746933
0.9999722168874159
0.9999630413624228
0.999973319304059
1.000014188766944
1.0000048035066469
1.0000122736058141
1.0000105128689347
0.999986042874913
0.9999846270461635
0.9999912825421168
0.9999817183944258
1.0000930922147233
1.0000821821197234
1.0000698563796344
1.0001422010874095
0.9993366414868075
0.9983897391140933
0.9987727374480655
0.9993198009435191
1.011056248251842
1.0074779858177798
1.0111123585632298
1.0026090463940855
1.0119158398446793
1.0245315787413574
1.0048484504976694
1.0295781116638756
0.9888464449645249
0.9897621806388717
0.9722536340550683
0.9857648713169658
1.0037120712321679
1.0053278513202735
1.0039344626131401
1.004520434759025
0.9993803148833788
0.9993851834737609
0.9993504400855818
0.99821002550891
1.0004728563540974
1.000323085321593
1.0002801559293986
1.0003048437960367
0.9999021659502473
0.9998680006972528
0.9999599759458503
0.9999126880859243
0.9998059399293595
0.9998484525034629
0.9998819674000453
0.9998058029970694
1.0008188718793674
1.0012058230439889
1.0006082367082691
1.001678102934556
0.9971498946791495
0.9975819604623867
0.9942733233022688
0.9955226192531191
1.0198603151237864
1.016678439146745
1.0058702421078505
1.0187896478129368
0.9990852223676839
0.9983283905955664
0.9992471285613606
0.999103270254828
1.0019829393167905
1.00153997032168
1.0019335260683357
1.0010319580101055
0.9890203562661212
0.9962636376640259
0.9904032899741121
0.9953790555796866
1.0501683898932668
1.0502659087290596
1.0314206791289706
1.0474151885361964
0.9374901591629106
0.922624375939863
0.9366812738380138
0.9134256775244439
1.0219022597595568
1.01562875241592
1.0159984778650426
1.021954709203142
0.9953967585863905
0.9955311125509935
0.9969982186871124
0.9958929523800306
1.0007590346235375
1.0013618030840727
1.001098419904115
1.0009731774566133
0.9923153627836427
0.9932083605641433
0.9902120460611195
0.9845310318011111
1.0044187871795573
1.0055531127540247
1.0041835558709467
1.0027945515399022
0.96558203368003
0.9927394890676718
0.9887216858784151
0.9807075869442655
1.0078943314150832
1.0121157777707102
1.0030698796403377
1.0085444814251898
1.002842026146199
1.0024007054207464
1.0033195323198718
1.0023123223831847
0.9633940739939038
0.9725681223877672
0.9535490577366216
0.9806378491115839
1.0435149750847839
1.0906548461875527
1.0996664560883522
1.0912248643469828
0.9634638726537027
0.9730632149671241
0.9688302612687837
0.9785180566368541
1.0020651478288085
1.006149610622121
1.0029283111220935
1.0052206186522377
0.9941788391264439
0.9962311907386039
0.9966356322745955
0.9958578916925283
1.0125102694765595
1.0215384185001166
1.0260113044537278
1.024290033843689
1.0121342638468878
1.017708073914346
1.017820103835438
1.0228324180084327
1.0023210995626757
1.0005553730732348
1.0006588601232576
1.0070285977731486
0.9982355738664528
0.9988081545094837
0.9983880494840246
0.9989869113764273
1.001334451371399
1.0011903280434458
1.0008554428996297
1.000778962349584
0.9957401774454603
0.9969570799185606
0.9940972169819386
0.9917650103865041
1.0021868029493186
1.0023399101022332
1.0014355962168737
1.0019516733714797
0.9997767479951867
0.999912317058806
0.9997297538007519
0.9996675444332788
0.996522219490122
0.9948309554465024
0.9952943254596762
1.0010912237657954
1.0437418811915846
1.049745703887904
1.039084766828646
1.0422310190774338
0.9691681195335144
0.9789731708024958
0.9517817745936925
0.9702855918463633
1.0022852295510145
1.0052458913271833
1.008218715007058
1.0055236517585953
0.9989566743663305
0.9984734355416782
0.999019494235093
0.9987702072241633
1.0003013230727604
1.0002689841399302
1.0004544955102475
1.0003322314382057
0.9992655016888656
0.9968546801566471
0.9995068837801685
0.9997549376014603
1.0846480829221257
1.0626992752217308
1.070254220836243
1.0293990406741407
0.9838064562357228
0.9819864700740736
0.9884321472099789
0.9775757518343342
1.0527130164095728
1.0428750895042675
1.0478084285305174
1.051848027140579
0.9789995999398112
0.987955897524139
0.9909358364194375
0.9911026808648781
0.998652696449887
0.9964021720824793
0.9976248236403282
0.996034951692196
1.0515509544337625
1.0306595218029826
1.0103708448964548
1.057704281862394
1.0144270046857398
1.03879348849472
1.0222766700398414
1.0236172221499056
0.9972840755245999
0.9963964502554492
0.9957420540873079
0.9968787411063063
0.9885204410918818
0.9881487066386633
0.9874066976579685
0.9955702704811216
1.0567337783080195
1.0681893036453325
1.086703331398259
1.0508695341324623
0.9873832833722936
0.9884161931416064
0.9891565622539966
0.989410788402102
1.003477142635368
1.0026349848571237
1.002168658554675
1.002222428606338
0.997496368340202
0.9971397769253494
0.9984239499398037
0.9970592295140697
1.01361023642047
1.0083981489780318
1.01560611438798
1.0131495565327486
0.9951005467387971
0.9949278285828435
0.9909433454285113
0.9957152431055138
0.9968034324235354
0.9887167559262233
0.9888737701972258
0.9972411513558475
1.0166518681422434
1.0066377562011588
1.0099783468426553
1.021736015838187
1.006366264239801
1.0015113251591032
1.0061900100023666
1.0153101582742163
1.0247488003841754
1.017310337326345
1.0260793641520507
1.0297098001631022
1.0052647221177635
1.0043983389946871
1.0031032519390297
1.0024017134142746
0.9349921315904127
0.9922069980785053
0.9350165665530571
0.9299910252648416
1.0115976736194476
1.0114931779043097
1.0172700703918365
1.0228548494645926
1.0032838713978829
1.0066453342818775
1.0047608982692557
1.0233809621216214
1.0150036085350622
1.0146100637889455
1.0248606886165048
1.0072885606641724
0.9926936962194121
0.98816590996009
0.9836035666181933
0.9955450989862145
1.0020360669999877
1.002601959739812
1.0044706020266434
1.0040205695012938
0.9993393091520459
0.9991353691099373
0.9995452603238826
0.9995745914605281
0.9981830143279864
0.9986895700551761
0.9983812154067037
0.998631775307891
1.0141847280718335
1.009173705394243
1.0127015410424416
1.0144911317610334
0.9807650699250773
0.987555280479706
0.9921692979764013
0.9889008393735256
1.0041406258929395
1.0022747822352445
1.0022250263750507
1.0034008236848304
0.9988440433489788
0.9986692344255055
0.9976876714581266
0.9990911606788461
1.0056800681269453
1.0055070289905774
1.0026506601793674
1.0057405781416495
0.9984445190228107
0.9981645949336339
0.9981046896984749
0.9981355115693913
1.0004229877070245
1.000604483091677
1.0004204925122704
1.0010448612111102
1.0045938670687575
1.0027598476298247
1.0086714321385317
1.0028446512199138
1.0029018314166784
1.0029085749255866
1.0021417527766305
1.0025975172907404
0.9467415609630405
0.9442821656810755
0.971808237524575
0.9407047955275375
1.0233013556161803
1.0266202489082479
1.0280887569509363
1.015919120346643
0.9997619666796241
0.9996477747934159
0.9996116977109509
1.0002349373122783
1.0002678015601933
1.000402970114899
1.0002370660893611
1.000423742566467
0.9975028337513989
0.9955206632016008
0.9970672064794405
0.996457728704531
1.0181438153896618
1.0096868207305558
1.0162871465553363
1.0265430489550498
0.9956940159073903
0.9968305569763699
0.996452190818496
0.9972380755233347
0.980467112319669
0.9887377571278856
0.9900683284740224
0.9733762392236792
1.0704575637411906
1.140171877573526
1.0883897997597591
1.1347463852479107
0.9720696709759257
0.9677274949826901
0.9833915422402995
0.9762009592407441
1.0033484605482756
1.0023232049303257
1.0026884177027402
1.0028342450973098
0.9947318859822114
0.9925177153683805
0.9958285372979203
0.9918655815225508
1.0217271767110325
1.0159615362514764
1.020831979216643
1.0443015160589917
0.9956701458948132
0.9977825540805642
0.9980114621700387
0.9975411745108552
0.9872974410838076
0.9894010671820234
0.9822358963849623
0.990408889910319
1.0496053648370376
1.1020357500885058
1.0213969960501308
1.0840882748352163
0.9898321380765023
0.9880360028950064
0.9888680777094223
0.989650856170522
1.0035652667100803
1.0025388141007303
1.0018255521965653
1.0008216754368504
0.9976180868362196
0.997394345651144
0.9987696045247201
0.9976895133777115
0.999131814257367
0.9987066787893927
0.9984898493459257
0.9978651282883767
1.03929384593148
1.0355850722121465
1.029144434383172
1.049608574666377
0.9695764198612364
0.9468848833069738
0.9704323078098701
0.9711747603221332
0.9856454534854084
0.9921548103173637
0.9845770486523023
0.982145714951924
1.0145433973390423
1.0206745462935078
1.0145837776621687
1.0220063443084346
0.9926481490875831
0.9835174243244962
0.9938391470717134
0.981482679401427
1.0063802677647966
1.003722419529275
1.0055946833445057
1.0037404929816467
0.992353684023836
0.9945885693719305
0.9933813511833787
0.9908767357244292
1.0140380235652207
1.0182925550093287
1.011491709635592
1.0102245482158843
0.995579045146802
0.997334569072796
0.9981161746364944
0.9984427429089454
1.0017742946999664
1.0017078186336754
1.0018367402811157
1.001960559212717
0.9927169638722961
0.9897522599624216
0.9944712646228016
0.9881418790265186
1.0015311365848463
1.0007890570262996
1.002371733060122
1.002930514154217
0.9981320002939497
0.996157126128565
0.9931461223184417
0.9975914391199556
1.0458127943536533
1.0146442605851038
1.0481868726980963
1.0613730583559544
0.9900071788655347
0.9829192391213669
0.9866498368958567
0.9918397634215765
1.0025497464412396
1.003020414904206
1.004346390429896
1.0030978379400868
0.9989769882301308
0.9989372508407605
0.9986375724059335
0.9985570192649993
1.008280531775111
1.0075245589030841
1.002665101044805
1.0067283053155123
0.9730923593909789
0.9741674619264784
0.9775793624836038
0.9790957601371479
1.0082361900232282
1.0068010368867912
1.0057131777329928
1.0049322017428464
0.9954719591024904
0.9914044019127274
0.98922906345063
0.9865960159720215
1.007362536833294
1.0692116696116565
1.0657476993921713
1.0390069165920421
1.0032787805516077
1.0106933110726004
1.0110305506804604
1.0078599532863046
0.9997758180786488
0.9995263603919824
0.99998359090335
0.9999684940624459
0.9897660802556631
0.9893311263391263
0.9870038154311679
0.9863217831442244
1.003355035344693
1.0059951305899089
1.004355043911385
1.0040657082701703
0.9885200066021124
0.9895361355033416
0.9879434231683233
0.9933812042524086
1.10097943456074
1.0855859615633618
1.1172620481406113
1.0850854645007288
0.9702117275864987
0.9889569125063321
0.9853153454828406
0.977205185414377
1.005677476321563
1.0021138947572947
1.0089661409638417
1.0068242197097412
1.019646732478325
1.038822957483472
1.0176286562251016
1.0204754194932413
0.9939506024379128
0.9934010633342681
0.9907137861591017
0.9939389828207178
1.0024258895255258
1.0020863942971985
1.0017400093907884
1.0014483335671274
1.0010306491208278
1.0005640556467839
1.000841040468276
1.0007688863618027
0.9838132596951307
0.9848149616307849
0.996919107824363
0.9901594099451866
1.0037373086983123
1.0015059457677897
1.002650935756894
1.0028652459055782
0.9998533579109591
0.9995240563282778
0.9998595976621567
0.9997427038693043
0.9976816285596352
0.9970602915809298
0.9973278368646199
0.9969870624091557
1.0044885218400115
1.0030835315655244
1.003491799528056
1.0021531386820788
0.9991074299391324
0.9994631370228263
0.9996326944293029
0.9995505373932974
1.000207972631286
1.0001825623932663
1.0001153451024993
1.0000945157196324
1.000078851936586
1.0000985667509132
1.0000498713742096
1.0000644045008935
0.9991135049419837
0.9991890597937128
0.999067991817952
0.9993033724611843
1.002402668856304
1.0086195920225154
1.0088202388051113
1.0101025432943656
0.9983138984147029
0.9986405141965552
0.998232606476592
0.9980446963738996
1.0002902938375922
1.0003707446434527
1.0005158196029529
1.0005184605311517
0.999120141576894
0.9982368434523409
0.9985128510021306
0.9983355650956113
1.0077111078498948
1.0035726154801268
1.0071292717497795
1.0046839332431803
0.9600740956549064
0.9580501116309702
0.9808152061031152
0.982621649632537
1.2189827303736818
1.2060691604198142
1.190158276942486
1.0621197700551122
0.958838943908876
0.9522774081057637
0.9484991799994937
0.9525666978310613
1.0138054631787177
1.0137024972984328
1.0092604394061968
1.0137777126883691
0.9914383811562368
0.9975201683954391
0.9946810604967904
0.9908862580573594
1.0456489013026067
1.0420965354189262
1.0357226105657393
1.0444722157366582
0.9753407583144758
0.9752630554272114
0.9511808750486922
0.966571339617674
1.1735303971435722
1.17682624570674
1.0767518614069627
1.1076906139200282
0.9368849918185159
0.9429176483735802
0.9441615960616391
0.9323074409992427
1.0338098221528147
1.0265743892867447
1.0166328449032875
1.0457835724424107
0.9982664966755186
0.9971324647005765
0.9963429406059559
0.9963634830014164
0.930757837449463
0.9287673355701545
0.9489443003050431
0.9343119924789973
1.0084885661622143
1.0125622858332612
1.0094180164925335
1.0175019171065756
0.9950916740963748
0.9952291199719803
0.9959266528201481
0.9978104717821328
0.9972536942644504
0.9979363052656596
0.9969612475761284
0.9969670263505849
1.0278873682412908
1.0193640708428937
1.007605557771855
1.0399876259234067
0.9933231575285774
0.990590470037774
0.9916045222194741
0.9919048554037472
1.0028233544444776
1.0025691731134119
1.0022609660044635
1.002831652563413
0.9967277379263662
0.9892017332533884
0.9909886764824152
0.9911643301697098
1.0130761464500548
1.0075235864408596
1.0063654417009031
1.0063130388539159
0.9865423806523247
0.9371519904345914
0.9694503062436673
0.9570323345382352
1.056413001409898
1.0167749726889759
1.0228473882693019
1.0701274878227658
0.987813435579025
0.9877643541962318
0.9917806396876875
0.9876079897898989
0.9941766130479717
0.9987833485124362
0.9936522274367374
0.9968006825561129
0.9961203082332406
0.9976183248331445
0.9947754119188217
0.9958740277876457
1.0177129586184996
1.034682839381845
1.0669112347777912
1.0400767134787017
0.9898614310401374
0.9931558383500392
0.9857009224530107
0.9881023173669203
1.0020272823783847
1.001685110083663
1.0024305818707588
1.000322662130922
1.0231009032902874
1.0122129713726578
1.0139214687463816
1.025906204593466
0.9521954677237984
0.9526773549601276
0.9558482354287172
0.9530056674395351
1.0063637757239903
1.0043269398626085
1.0070001691655728
1.0067728765619577
1.0101870071918673
1.0097844014535682
1.0112090668950868
1.0067146473202455
0.9983883996075131
0.9981926241095631
0.9983059108956102
0.9987985745482492
1.0002588770909606
1.0003199467043578
1.0001493991883308
1.0003726379451037
1.0008289367792025
1.0007699368390934
1.000874668715351
1.0014042529719756
0.9972215713368183
0.9969514440698312
0.9987376189735598
0.9992495474120294
1.0146122805626054
1.0114232765213882
1.0286187351400302
1.0067750025753541
0.9896293470204023
0.9987315372854754
0.9924403455634268
0.9957382739790563
0.9954877696263585
0.9826193748800456
0.9740814414581481
0.9868212952142683
1.003759382985188
1.0061317117822624
1.0037952235471508
1.0024306313387568
0.9988063469244624
0.9986791226135622
0.9987717651369126
0.9989971924802855
1.001463223515182
1.0023561598731774
1.0021388962212947
1.0014084958329477
0.9947134391815714
0.9956542361388194
0.9895050963297711
0.9929412567490579
1.0119245594317245
1.0768343140643775
1.040193532632765
1.0790398929020242
0.9880638518691455
0.995787981771345
0.9833736941261969
0.994216657691027
1.0186553168715544
1.011871408681678
1.01966626711932
1.0101330292652042
0.9980638300208693
0.9974383171462387
0.9965951192777187
0.9989920541064983
1.0075905972970514
1.0060601107969938
0.9961652589142042
1.0030204767452955
0.9470513213839991
0.9434518704308232
0.9430269427312907
0.9355860501609277
1.0091911348074887
1.0279053671231155
1.026913556598337
1.0142735897075568
1.0092864580938186
1.0054449760680355
1.0022964704705035
1.011536658314273
1.007600208839183
1.0074678568341557
1.0086162057172274
1.0138213853155742
0.9968169475474741
0.9963879992898278
0.998020183039729
0.9973105887788742
1.001824444632964
1.0012623774746177
1.000933668094556
1.0005882001203537
0.9988191479127241
0.9982619489994686
0.9989773504182647
0.9981421157237246
1.010335577199659
1.014565947866678
1.0017065554696207
1.017116578414117
0.9959247647937273
0.9947237266202813
0.9982635181764317
0.9967211603557848
1.0004700343954718
1.000733977932295
1.000794204627177
1.0007049389365
0.9996961699469122
0.9997180213966511
0.9998958336784853
0.999897058935108
0.9998004084034408
0.9997296635779747
0.999751234834786
0.9998315539058018
1.0023495973017635
1.0019691431564397
1.0024878700562418
1.001146346359771
0.9805953521100961
0.966009260188095
0.9765253669429401
0.9871036416571196
1.0783612512367746
1.059185563682183
1.0485690609300458
1.0894306502606523
0.9785335141424011
0.964441912236531
0.9635427285795638
0.9792826195454247
1.006819721627938
1.0062165497819346
1.004171362632795
1.0052450787862877
0.9985821947129075
0.9992298158603432
0.9996491083097703
0.9992825986168702
0.9994419173846083
0.9993106090705105
0.999460803754951
0.999385313231093
1.0069670314742358
1.0066119694792426
1.0032326063503465
1.0058525835425698
0.9723293556882961
0.9564307520854348
0.9793820504698416
0.9674437683790913
1.0039930284854122
1.0089478308904205
1.0096991211906903
1.0081510275400536
1.0022316003671001
1.0003900568864825
1.0036912858538503
1.000270756606199
1.0147662786042868
1.0280981545979844
1.0197005766606924
1.0239848249885117
0.9925805715037432
0.9915980215257828
0.9936620412792199
0.9950429771736177
1.001844571076581
1.0035005213578678
1.0021029775685804
1.0026934066733546
0.9979503773744114
0.9918066391101141
0.9939720356727645
0.993621314594085
1.059380874651793
1.0316023833317105
1.0265153001676919
1.039049525765261
0.9899962021461031
0.9915642243206462
0.9927799516079534
0.983851380329581
1.0322566695059194
1.0148329865825454
1.0311268265779476
1.0110750933233106
0.9924064647515526
0.9898737030469409
0.9920293678152893
0.9930368961278698
1.0143460509667146
1.0128457743228165
1.0131921411196658
1.014931631915727
0.9956447621895178
0.9968695848220903
0.9941329395543179
0.9928307422302847
0.998179764866825
0.9988660756012049
0.9976157003258612
0.9985362392780557
1.0321590786792385
1.0337382690309667
1.0326824213977452
1.0209723538335667
0.9664921059381026
0.9655885732894106
0.9635371985547696
0.9836518046136251
1.0060870512131121
1.0048322784688235
1.008980840237825
1.0045993458156197
0.9992296697418929
0.9988878121826036
0.9992569408419205
0.9984532051037922
0.9970955197078832
0.9990365571111965
0.9989487468794994
0.9990367871827809
1.012186661637027
1.0101583333792579
1.0147320712298682
1.0107265379944308
0.8843592124083461
0.9248680331122874
0.9455631236192047
0.9328453211178742
1.0189863190385497
1.0162164295016847
1.0109495534659223
1.0048812721221059
1.0044158340632612
1.0033874436611425
1.0090171258228777
1.0085587441075983
0.9965593177248155
0.9962846521984104
0.9972312985838399
0.9976056665366853
1.0090330007411437
1.0070743763346481
1.0115825374816345
1.0042935894355143
0.9641759652812081
0.9041844774885138
0.9348058226115289
0.9396848867441696
1.0173787055510337
1.0207753341537038
1.003952148554289
1.0155254378921394
0.997160599067877
0.9972050490617245
0.997465471858063
0.9967676846847497
0.9923410663533123
0.9916239147464536
0.9911567693370901
0.992110492981435
1.0451477579371742
1.062058981343834
1.0423968198158768
1.0236947425723353
0.9674759477500944
0.9569037923600217
0.9671741446701246
0.9618991676441799
1.010395032991212
1.0176594521323927
1.0068927337258966
1.010612358830664
0.9980417246186101
0.9955477696626797
0.997756201431734
0.9973945086098889
1.0094276580690726
1.0042902934321696
1.0093553810475167
1.0024141567221312
1.0080751501779068
1.0088287150651032
1.0039601281316184
1.004973591393022
0.944149020639438
0.8971190329836045
0.9287449369813114
0.9415083824517738
1.0137540008640316
1.0197784311916602
1.011557248816381
1.015176015973136
0.9958078801291087
0.9934158473396248
0.9965112286924322
0.9965701899306814
1.0006299207410878
1.001042569452895
1.000994604012185
1.0009057245612927
0.9942227078390298
1.0017299978478218
0.9978580787881354
0.9954855903707923
1.0205250476160261
1.0770818612425255
1.02665987682954
1.078797898274346
0.988165691050113
0.9832460023714289
0.9868070088055763
0.9837312196781263
1.0044402533781707
1.0033911254103491
1.0044550253607119
1.005397779580759
0.998818324533716
0.9994438225893421
0.998303429461798
0.9982317166593392
1.000042276629018
1.0000395737049377
1.0000234217334294
0.9999837689795792
1.0080641245825848
1.00591416719054
1.0054677047171172
1.002694098001695
0.998548678817324
0.9955089668022584
0.9973163770236213
0.9968186878224736
0.9982334420385651
0.9974207074026775
0.9969754171161888
0.9968933940885463
1.0221651054633756
1.0008978331833045
1.015068485246068
1.0065503162736664
0.9978946844399071
0.9958456893701911
0.9980221936129988
0.9975763246260593
1.0005897884145982
1.000309799954025
1.000473754857678
1.0004216585966859
0.9998475327015269
0.9998023847380342
0.999848647914309
0.9998359923533603
1.0002990298840038
1.0002302938247074
1.0003298846003763
1.0002578974405925
0.9982162666172137
0.9987576260967153
0.9983304569691918
0.9986457845220309
1.0158862664154367
1.0145871712781056
1.0101110353170517
1.0193560896858558
0.9975718629763983
0.9949665643878417
0.9947876265708907
0.9952993542275547
1.0012461144766769
1.0008843909809089
1.0006123140488101
1.0011018623076982
1.0024810791386412
1.0012905099158391
1.0015970397411285
1.0015989097091884
0.9889683879675184
0.9801265258810464
0.9761487386699782
0.9906385537744768
0.9985479815597968
0.9964784029103082
0.9972519220476408
0.9963811867472623
1.060553071509402
1.0263724862583221
1.0505092835264218
1.0311198299039752
0.9866238110453164
0.9887639146985713
0.9898710270618185
0.9911528908989757
1.008023188504009
1.0092895838911353
1.012583736615575
1.0096011665875324
1.0070179518055586
1.003216395251284
1.0025527364150015
1.0070977801186152
0.9956135704553912
0.9943348088983395
0.9945667533337346
0.9957729637164082
1.0227895702658454
1.0296714480775442
1.0175445736044633
1.0203801995216322
0.9088073601514725
0.9220703162652323
0.9044352751713555
0.8868767661158289
1.0609990612047764
1.0446473768288107
1.0470155276966993
1.0364097839371365
1.000496345237843
1.000230191462675
0.9998429999871986
1.0014430886589805
0.9771773985796084
0.9762226840798754
0.9854276804697707
0.9732570605953812
1.0042702458675665
1.0066240378357085
1.0036813549556363
1.004509958512595
1.0090503519462448
1.014894915393057
1.005242782432438
1.0160603825650696
0.9886431403890639
0.9952397508925722
0.9930985084007703
0.991711108667569
0.9973354954203087
0.9981598430744821
0.9969208692509346
0.9989638446405325
1.0267003879715997
1.027950231045605
1.0213658776443946
1.0555708307118548
0.9621900579825271
0.923155609890354
0.9527624156522337
0.9233181627014356
1.0410644302294763
1.0317852110862815
1.0441926035589264
1.0511684184572077
0.9804582953574755
0.9827138537120211
0.9802741298511901
0.9758884736862175
1.0350929960441788
1.063224706063265
1.0290873945115642
1.0630924350964814
0.9861678579333881
0.9896393396839949
0.9817714069053487
0.991338759932595
1.0006257829568475
1.0000932745033229
1.0012393791103613
1.0018867317456566
1.0189923610688998
1.0100034300989262
1.0115584316346253
1.023981255746851
1.0018095128305402
1.0006129192076143
1.0010020051318043
0.9993991462718976
1.000740913632383
1.0006729126704077
1.0010900149613118
1.0010410245048815
0.9970401231339109
0.993600965887483
0.9966847408475189
0.9954145668305222
1.044906401778917
1.0383453867585721
1.084730896482303
1.0258068205700006
0.9965868427771806
0.993336703749683
0.9935604735800484
0.9935453090768933
1.0022332025849867
1.0020723741180626
1.0050890196299742
1.0029927703167216
0.988018948297501
0.978928937989697
0.982972154101852
0.994512621522104
1.0032608025302037
1.0041025411124775
1.002003992983072
1.0015027756232204
1.0001094669718147
1.0006405841231434
1.0003760755296378
1.0001084084830207
0.9965396932448558
0.9972555357210341
0.9988093187770298
0.9941016670289903
0.9995680360689789
0.9996721384177816
0.9997083115840372
0.9999896682660113
1.0146430339358932
1.0079089990579613
1.00609385934895
1.005243067648512
0.9645656231099169
0.9667771651967426
0.9319180038211182
0.9338594131186052
1.0371697223177785
1.0429763161617411
1.0898681050836614
1.1096781148790662
1.0129336417591923
1.0064127772336031
1.0234771113773224
1.017541861014504
0.9981732995990221
0.9987978216919762
0.9984118351276192
0.9989482142430294
0.985268224717784
0.9887633687542516
0.9858599027138064
0.9876564399134362
1.0109415359953755
1.0146800595042882
1.014383307970784
1.0129577302732653
1.0009465026324578
1.0018160679604353
1.0057759410255305
1.0009042222576856
1.0171682662062966
1.013287526375225
1.021393682428657
1.017953257750902
0.9931291225846736
0.9911003153091902
0.988612405848019
0.9883029726515071
1.020653679098598
1.0121857509390513
1.0342524113893057
1.0552646186218566
0.9986502546586008
0.9972066908782472
0.9970165854530457
0.9986106689388289
0.9919210939598475
0.9879411249545748
0.9868347607234015
0.9860727716519831
1.0787088669961615
1.0796002758364656
1.088657108945589
1.0758290664094152
0.9852964919574204
0.9848598055516756
0.9872752380802821
0.9889781929462352
1.0398229763063023
1.0655291964506561
1.0671724910766025
1.0471463062997628
0.9964320606116821
0.9975973833304317
1.0051233949049596
0.9906822112885119
1.0206280677129842
1.0223851866311342
1.026997760994728
1.0257275350645887
0.9918546603874108
0.9853402787278289
0.9850770303038883
0.9849891927296271
1.0666170097626138
1.025518923279334
1.0728960876713576
1.024832752926185
0.9926988125870044
0.9910996497267448
0.9927496881813099
0.9903303132799907
1.001658453628927
1.0026657029158959
1.0022562145238145
1.0022382295551107
0.999652489190736
0.9993580385760851
0.9991188675924445
0.9992636024534566
1.0001283985568388
1.0001096994651144
1.0001637601201436
1.0001434715385382
1.000111638308804
1.0002141560193014
1.0001049929737484
1.0001768696713498
0.9978002453108356
0.9981901158981811
0.997602432802251
0.9985075047678
1.0085470640306784
1.004555875238589
1.0247113757699873
1.007782279665574
1.0002130070452286
1.0002731722087768
1.0006336943487593
1.00052436234601
0.9911179515277554
0.9936414288320377
0.9888124349499039
0.9881809478650979
1.04274308054782
1.0808967471415778
1.0613029198162043
1.0626189660197878
0.9898892568042815
0.9822150595617264
0.9907622873235102
0.9760458568445951
1.0031123281132002
1.0056617726106822
1.005594874798894
1.0048423951243342
1.009293905925529
1.0157208816931085
1.0279054734209307
1.0190361863401611
1.0006361671949269
1.0013440637781854
1.0020854687982788
1.0015146616038155
0.9824038804352285
0.9742592014364837
0.9660636585163395
0.966263566041908
1.0778533483242707
1.0851610126337707
1.0443295095065745
1.0638812919389784
0.9719841964429097
0.9781217639509666
0.9455259084452254
0.9710451789958221
1.0057522774375387
1.0048307650494765
1.005820927097026
1.0085928729328262
1.002004977439755
1.001648267932484
1.0025116563803895
1.0001335287494535
1.0036774678908638
1.0079241964239
1.013298818240984
1.0140376569555654
0.9989482280303129
0.9985317050058741
0.9989233593309065
0.9997129934853364
0.9917251879827116
0.9908478592055145
0.9861930743467021
0.9937578721489002
1.0648059257816815
1.0774182201067648
1.030280321794308
1.0861283643218214
0.9809701162480263
0.9852960917755608
0.9822239782682382
0.982602918766766
0.9651856693568511
0.989704717589846
0.9654526327579959
0.9874569227652866
0.997714489302781
0.9985971071960366
0.9980055029235211
0.997013747832066
1.0047961658886022
1.001818442100712
1.003068593677765
1.0020725751322166
0.9693952790989875
0.9910878889819877
0.9712483405052421
0.9768840824395669
1.0092920661940237
1.0069531543734762
1.0095285626235837
1.0051878703302755
0.9995029447646511
0.9996292144725268
0.9994981697303662
0.999434687460068
0.9924516324559509
0.997477171409771
0.9973134498078905
0.9953050356095516
1.0102797057145114
1.0373011771963827
1.0717539007067673
1.0540642932810376
0.988661132655956
0.991507562753551
0.992547278774302
0.9884158606073467
1.00331200184675
1.0048413962620018
1.0044718761717844
1.0041383933996106
0.9978580052358699
0.9978409428515417
0.9959998076713461
0.9976940414196301
1.0066447544427006
1.0209785133218796
1.0070532564228416
1.0289584066802937
0.9921670879694527
0.9899711104864968
0.9897222545600057
0.9849009974578247
1.0248672328743111
1.00941222046233
1.0111481156969928
1.0246886283974357
0.9888574438879348
0.9827181191564014
0.9933147789387533
0.9930877967588101
1.0277513637563305
1.0682312155139655
1.054717932299208
1.027605081312345
0.9960150257801597
0.995979498423055
0.9936019540104087
0.9969607831575664
1.0013195575324403
1.0012267890294966
1.0006298004693404
1.000508845392613
0.9998849696512878
1.0000501410730498
0.9999549774488028
1.0000677419516288
0.9972969195128202
0.9980546723629105
0.9979553887354423
0.9989502298717438
1.0124961784308917
1.0152217132939325
1.0124617959834112
1.0083556987613624
0.9440282547789812
0.8919196729186115
0.9621969440238936
0.893504668188449
1.0269163110648893
1.0257449525849653
1.0159348553532455
1.0163131044421494
0.9957798744547108
0.9978729530559759
0.9965965230032597
0.9963510246344073
0.9765123853202301
0.9695464440654624
0.9762380507688322
0.9926444237562084
1.0042313565885488
1.0032361955103017
1.0027584342908507
1.001474952291379
0.9991360523336789
0.9991808393557181
0.9987835496142099
0.999255979972716
1.0023855607950718
1.001298191414083
1.0024038613456903
1.0003145887350582
0.9995712615446193
0.9995830145691469
0.9996175556416552
0.9998129629884905
1.001011617953855
1.0010536351160866
1.0006283917972558
1.0006647513507472
0.9959720433455754
0.9969552957488078
0.9973397449028385
0.993673442859602
1.0206221102355217
1.0188709095083575
1.0415641014545365
1.0283769067966289
1.0135382080864648
1.0108668765704638
1.0010073206540508
1.017902095412948
0.9954071425436506
0.9973022355395681
0.9998136338255906
0.9971901868172938
1.034142225037182
1.0437291543169993
1.0144269128503696
1.0224013590241952
0.9946413627396069
0.9957678597816502
0.9956056187591567
0.9957988730849711
1.010583968488077
1.0050027438116114
1.0060519468608566
1.0085585830447363
0.9811474052966174
0.9522794499608882
0.9373983444889917
0.93367797393266
1.0127982438623
1.008203384142733
1.0050724888245035
1.008839131568502
0.9950262412983409
0.9947539387723718
0.9912302307029525
0.9956396015778094
1.0015255591237502
1.001408315463492
1.0007688835291861
1.00250538378895
0.9991638703289167
0.9994179239610498
0.9993991570406477
0.9994212690724965
1.0021203271749863
1.0011839755887475
1.001822075518604
1.0013930725340403
0.9954634178225888
0.994782615518188
0.990538656410489
0.9915242994385626
1.027935203182532
1.0448601007426268
1.027590622122341
1.0511514937425332
0.9936561459316108
0.9893110633596334
0.9939061515513474
0.9907031869906289
1.0045657580424325
1.0048329487671201
1.0021972316385845
1.0039062031373922
0.9955493183630822
0.9939227807177589
0.9938183571863307
0.9920622004390001
1.001005158971431
1.0006356524635152
1.0008938152484026
1.000694935552036
1.0045826675011522
1.0062641028560855
1.005400106453253
1.0001741014976415
1.009953407370026
1.0229041643903238
1.0158431098564003
1.01511687780675
1.0008997272384543
1.000134559374109
1.001934366221546
0.9986018097723135
1.0096207849101893
1.0144388251258056
1.014220523487207
1.026123302151396
0.9965552467011367
0.9944023490806827
0.9951276597199766
0.9958773573521456
0.9985207051672742
0.9964653494935011
0.9972952619440868
0.9979172443560699
1.0312353097907296
1.0067623396774505
1.0254239031716366
1.0244465326101668
0.9917195959352008
0.9947503116225483
0.9898628912592189
0.9916503777927234
1.0110980749006537
1.017683042188783
1.034255208694851
1.0244768669155022
0.9964093152175177
0.9978469656437152
0.9964762855091035
0.9977032213420127
1.0002026102694426
1.000232611766416
1.0005587616599139
1.0004750300603014
0.9998348005858454
0.9998274974109564
0.9998920591332362
0.999777905506516
1.0003288152803231
1.000536446586262
1.0005295798508744
1.0001826984193014
0.9962576169333583
0.9971341359282132
0.9978162958241168
0.9976876584178848
1.0204570969127436
1.0128481529427416
1.0179911124546834
1.0368724686894675
0.9862473168481107
0.9935088560336475
0.9945805084161232
0.9918459853692418
1.0025806574176859
1.0002426472366517
1.0021481347436743
1.0009522828390978
1.0037165446771992
1.0039682194633162
1.003224924238903
1.003154779735236
0.9852463921082771
0.9797983157002439
0.9785699036755174
0.969948249590322
1.0688320387225383
1.0713931935427712
1.0612967912107352
1.0605825265057376
0.9825314523575271
0.9924932633345336
0.9906517053977829
0.9786184874485692
1.0264450423833789
1.014211869753337
1.021311572994726
1.0181466743002048
0.9943636069615726
0.9940801498622409
0.9940149072617734
0.9949401446462252
1.000019811650374
1.000232202112262
0.999670901824199
0.9994234870228146
1.0052008815080047
1.0070974432122621
1.0050616497227598
1.0078912097185553
0.9978452400918998
0.997991751652989
0.9977671755027062
0.9991116714911943
1.0004382182880664
1.0002299035959175
1.0001294902832008
1.0003053239066493
1.0015276589734845
1.0013279276217615
1.0009110049324856
1.0007736048640024
0.9880095023434448
0.9914876744479638
0.994400485958338
0.9813991911164845
1.018488299322841
1.0081350454186593
1.0242073307400612
1.0313895255182142
0.9949296239887567
0.9935497847198093
0.9966083830804067
0.997894284953243
0.9590492043965442
0.993198419833767
0.9698206949132392
0.9592627380155657
0.995328809875009
0.9936328798445265
0.990191090083309
0.997962561227892
1.0224323998036242
1.0336460631213467
1.0303653989591768
1.044593107837998
0.9968562953537154
0.9973120060192824
0.996539635775939
0.9983811199168479
1.0002884309570312
1.0000952763928044
0.9999921936467215
1.0001957941308712
0.9994418602983989
0.9996065090659778
0.999850645860024
0.9997902078601453
1.003161483163122
1.004052435714198
1.0024111311200103
1.0030091557935121
0.9839771916112192
0.9876099337475484
0.9842827124448597
0.9777921264154904
1.0487433777408806
1.064782872369098
1.0802945032310018
1.0650662619604865
0.9782018846491052
0.9754565620295227
0.9780096046354028
0.9857844339005639
1.0030887913889546
1.0027809632908973
1.0034151597039176
1.0048572061616485
0.9992113948995747
0.9995087705447051
0.9991371297678354
0.9993475539230635
1.0001716219828896
1.0001463976190892
1.0001627752119102
1.0001282376324399
0.9993915294809695
0.9995961910161996
0.9996375724979379
0.9992547585294618
1.0015439115218334
1.001663993918915
1.002862309719736
1.0032286744605285
0.999030725565624
0.9993750363499742
0.9996035503884829
0.999551352056171
1.000130827602429
1.0003382779722658
1.0003802899002323
1.0003947895480854
0.9992163680179578
0.9987040586342856
0.9985239192243185
0.9992475750042704
1.004193563213529
1.0079384780321798
1.0124630665709684
1.0112166739200954
0.9984316485528715
0.9980395344243684
0.998558027727227
0.9973577653594614
0.9981086932777181
0.9931913298361833
0.9746734108129859
0.9852217607405126
1.00347273042233
1.0034041148158248
1.0015854142295455
1.0032470569648104
0.9980553960931089
0.9912479756540004
0.993229567634464
0.9919196235643845
1.0323516612316355
1.0474955861041901
1.0485865610459961
1.0459908579401154
0.995038269077568
0.9948633442767203
0.9912382107136671
0.9895440174054366
1.0069129052241959
1.004862331295436
1.0067598117703767
1.004886734813402
0.9945191987898221
0.9747357540680467
0.9908823826245227
0.9717371051268486
1.0039097217833723
1.0044404966947122
1.0021178938307989
1.002274634833951
0.9993071854731929
0.9997862204179648
0.998857997993427
0.9992392337165545
1.0014310294367816
1.0012368307165826
1.001451891626053
1.001501390927299
0.992690839310734
0.9881580986115961
0.9890717112918018
0.9939513615953589
1.006427728607575
1.0043974528985147
1.00409528729617
1.0023721473016167
0.992570315986638
0.9805251144987792
0.9854923481349614
0.9881137845139832
1.1000813030201073
1.124353876350431
1.0502253952758556
1.080094713565187
0.9577706080765106
0.9383488592501256
0.9722054325747447
0.9190308792627125
1.0175429912258287
1.0140761448337192
1.0074186394789728
1.008987781413697
0.9836133185695816
0.9872479280813604
0.9568638212015166
0.987307302870251
1.0009392430915491
1.0013737675093262
1.0005177460332384
1.0009230679617185
1.0197465010621556
1.0240371361150216
1.0275580400958566
1.0257367840250808
0.9956917527500121
0.9979237196262697
0.9923491980302813
0.9961495906518876
0.9973481309805597
0.9918487764396604
0.9968100664841882
0.9963628780937638
1.1552055344675645
1.059187149862462
1.0937243442221019
1.0997072295008261
0.9429824497152568
0.8989275627222162
0.943414979904582
0.9158131070849699
1.0656968434716823
1.0774403230578506
1.0490301171055452
1.0232892062637247
0.9598284989200448
0.955768005564195
0.9472994339116793
0.9452539021429986
1.0281940072850044
1.0359099974705748
1.0827095826348905
1.0848993315157414
0.9633007874655309
0.9673560370480886
0.9867278982710981
0.972258046889957
1.0080090956637549
1.004058159037024
1.0056682389381835
1.0082709139678288
1.0049308193457935
1.014717536583912
1.015442165381274
1.0036577391172727
1.0066039984032333
1.0027700247166502
1.0058236247396408
1.0036566602823893
0.9958852809552013
0.9972972328918155
0.9971385262879177
0.9973901660560004
1.020975143662449
1.0093488709256635
1.0181408692248406
1.0205096957795927
1.0132170002325422
1.0249804203336452
1.0112810306086575
1.0230256960190984
1.0003334494623604
1.0053691797098314
1.006927771308247
1.0045051121312976
0.9997794996797508
0.999517412473602
0.9993931610042031
0.9993809561438116
0.9994254128107426
0.9996348944836326
0.998901284735648
0.9991740817766687
1.0098189348603057
1.0051176686099397
1.006134395041219
1.017724487146613
0.9964063508397611
0.9971022834331301
0.9972890191854008
0.9967254380431184
1.001557323010521
1.0011893927536877
1.0006250098216471
1.001486937988474
0.9969627810340626
0.9959245366681767
0.9947566285794144
0.9976785476823802
1.0347644682329429
1.046563604595355
1.0152284105412113
1.0327127705383332
0.994047174415673
0.9963434250242987
0.9950277413319856
0.9951673542558621
0.9999711730202013
1.0003333327665649
0.9999933471879874
0.9997675691748173
1.003146105266373
1.0042331170361072
1.0064804264701164
1.0052202749775228
1.0041181050246835
1.0039996899664574
1.003364650201589
1.0020036219867712
0.9678026578381
0.9709447605110098
0.9750514294040045
0.9705496710265233
1.0056956387021134
1.0077140264930695
1.0072591782117848
1.0050246628686819
0.997870328206026
0.9984591091856223
0.9986683937890801
0.9977286224709496
1.0011153321012982
1.0014209437222918
1.0015223236826218
1.0009190560553727
0.9974818922738005
0.9974827295464972
0.9972790613344685
0.997803509997355
1.023552374265201
1.0301530375180445
1.0135804321641053
1.0154106724330323
1.0012971319970088
1.0005641861278372
1.0031593592359982
1.0002885362552565
1.0106794069626406
1.0032556725101465
1.009604716583742
1.005894362837578
0.9601325645399884
0.9806416621786987
0.9569680638183085
0.9644508730136262
1.0175219825198867
1.0167619137303867
1.0528985287177475
1.0587352584300287
0.9944631990412396
0.9954554283344881
0.9855686864863142
0.9944579567136528
1.0225491953176868
1.0174200346028464
1.0158035979065843
1.0151126280771068
0.9980268565836439
0.9962565048269919
0.9972077038119752
0.9956429379658822
0.9991476434110114
0.9983682444750495
0.9980974735026463
0.9986257892343449
1.0153691785096541
1.015843410258594
1.0127899060942154
1.019162216282382
0.9982492923682855
0.9965550980210136
0.9974667542625923
0.9964019391258654
1.0000484841930173
1.0000511152005773
0.9999133415187721
0.9999255819118347
1.002371974438315
1.0044782555106875
1.0006833276407325
1.0049654557087448
0.9993683759701526
0.9996580264924766
0.999543704013948
0.9995798610503054
0.9992361711431996
0.9991329022460576
0.9991922919904457
0.9991883966013851
1.0069394629936166
1.002879414732335
1.006013233544565
1.0066775337864788
0.9925309265085596
0.9931519955684658
0.9887618682364127
0.994430306898739
1.0236471023941267
1.0452476400421895
1.0299001175026765
1.0492926482173572
0.9877065528593594
0.9889796902616053
0.9794206730217572
0.9767921266384674
1.0566752218042197
1.0178751361523206
1.0232802856631917
1.0886830973584196
0.9914537446810752
0.9876331018652651
0.983001616553785
0.9943512535544106
0.9996880061167847
0.999945696203118
1.0003800937299883
1.0001470936688222
1.0330299253004664
1.0406237332728345
1.022425512895296
1.0196589042552517
1.0073120308232126
0.9996260085490318
0.9989516438877305
1.0070109412226904
0.9988342422129295
0.9992260060940462
0.9996949852645319
0.9993121946556639
0.9992052561120828
0.9989714906052867
0.9992858045872132
0.9990349513094756
1.0115564616325163
1.015697812861836
1.009543796605748
1.0080689532482836
0.995470781281237
0.9951918709458805
0.9946734019371221
0.9951596790337018
1.020792519190976
1.0345163517741194
1.041243657853443
1.0534286273394406
0.9958924624063161
0.9891002876525751
0.9853950920802608
0.9937410962464802
1.0046404203699046
1.0043700451365292
1.0060565294885788
1.0017349365934352
0.9990898547104182
0.9993153354731962
0.9990901546815071
0.9996156665006993
1.000364936887034
1.000451097107716
1.0002385393111646
1.000350852200853
0.9981340088095216
0.9984517389575238
0.9993596060924944
0.9977437496083997
1.001888454401773
1.0013124266578137
1.0008899458171159
1.0018147532925523
0.9996803284437771
0.9994452904692658
0.9994563634220937
0.9997044785563124
1.000062688738227
1.0000545285374536
1.0000754402016812
1.0000849105542513
1.0016513831835148
1.0016403198560926
1.0014616953732047
1.0011093004543323
0.9881956614542232
0.9901859952025476
0.9859459721512631
0.9969532583888114
0.9970586062870748
0.9985593624059539
0.9977860118255263
0.9988031270623652
1.0000990559390965
1.000096802301161
1.0000834933634875
1.000163977218656
1.0001772760433818
1.0002877938643153
1.0002834596454964
1.0004014335081832
0.9979306880162818
0.9976002481820814
0.9962783013220137
0.9955960231106579
1.0588926310682905
1.0215177544790968
1.0518954452462705
1.0460351953670477
0.9856319802151949
0.9864984135830058
0.979778373715917
0.9848578863333047
0.9993512590405558
0.9988240086920246
0.9990156840833103
0.9994603619040429
1.0240793311460061
1.0073306422414925
1.0371734180811611
1.0474733737161792
1.0448910519485044
1.0338348033962668
1.0435732349483149
1.038676072319584
0.9945406270630415
0.9948128485662286
0.9953921433240964
0.9949571936564244
1.0016462950675535
1.0012417264389506
1.001752765099715
1.0015983683162177
1.000529196731523
1.0007850244196486
1.0011308863968482
1.0008105506736213
0.9934724844957499
0.9919349131034829
0.9891215721921354
0.9909539494211743
1.0349818886179192
1.0531874532506125
1.0178243563597684
1.0657435203451475
0.9788697101609997
0.9844757713177672
0.9915848475647722
0.9810866397180008
1.0016340954489265
1.000865682585915
1.001682578195125
1.0004027565690439
0.998968810670364
0.9995512405714785
0.9994191418375671
0.9995269834780925
1.0059691410189138
1.0066729521707
1.0030897042154032
1.0053391089480386
0.966565348078975
0.9392894577951881
0.9947533281971658
0.9540612518258388
1.0165126501002073
1.0110727781956372
1.0081424999287838
1.0170812005113967
0.9978525461164478
0.996108752994812
0.9956187885491349
0.9981463725953992
1.002636331673901
1.0020062790099695
1.0023831484149315
1.0019040367359366
0.98914467529096
0.9888812321119206
0.9907278111918065
0.9908359679780598
0.9956867186575079
0.9868685885946196
0.9865642081961257
0.9902226686840008
1.0199986041633204
1.0102534635620795
1.0111897659696671
1.0064572452904494
0.9982579373307359
0.9983267905072892
0.9973335499204565
0.9976720502417686
1.0005349239029624
1.0005707122512504
1.0005601424549773
1.000435637692965
0.9998720274589259
0.999785631868654
0.9998644682062982
0.9998541902257563
1.0000433268256104
1.000032254274593
1.000027986384374
1.0000304928446604
1.0000385795271771
1.000037639344978
1.0000171695198463
1.00003689541881
0.9997386569754779
0.9997557841288718
0.9996156031803897
0.9997246030166448
1.002130744107008
1.0009515427997349
1.0018326585754638
1.000682184155251
0.9928054290155682
0.992438213425935
0.9905229885290816
0.9843301111331709
1.0084393650527381
1.0076864869331155
1.0129348657602373
1.0082155473061372
0.9985578783709591
0.9998507292285826
0.9989191355625779
0.9995237581280552
0.9909151361886136
0.9859627163425158
0.9852741774351149
0.9876717834543286
1.0024734588927962
1.002288431476482
1.0028265388313404
1.0028451791805526
1.020731010868547
1.00849422968811
1.0156623753179888
1.0216318617050286
0.9704998976662524
0.9689771396475109
0.9660947998186535
0.9791938080803488
0.9963847826290364
1.00053345142355
0.9943993470574597
0.9979390956868587
1.0544481059860837
1.0112764248583779
1.0555302061625698
1.0521635400115832
0.995713221310724
0.9896883821140129
0.9931510141823275
0.9924486290807262
1.002062295175308
1.0015424388944871
1.0016481208804502
1.0027628743562225
0.9977961581954715
0.99786283407108
0.9976706354750472
0.9985506463758533
1.0135874446853486
1.0229371359968948
1.0117494104253313
1.0230975836943859
0.9885061684057912
0.985782077251474
0.9797193657737457
0.9761751837298673
1.0213320218330493
1.105271353823624
1.0663710587945288
1.1081230873021062
0.9908681721963587
0.9663963948976798
0.976727245394406
0.9758711464465211
1.0029333124548698
1.0053715331604067
1.0020496650768713
1.0028699351432773
0.9991977606938742
0.9982840412636785
0.9983066721670161
0.9987634595945137
1.0026747065698296
1.0058718215152083
1.0037729046983401
1.0054958270331942
1.0081847062082652
1.0095469705168714
1.0164148300171816
1.0122975159423566
1.0167322253865483
1.0101080463801944
1.019971265523589
1.02882641220428
0.996910351969969
0.9894287793633989
0.9938470382795144
0.9941721602490103
1.0020005967644223
1.0016568951839344
1.001384301078848
1.0010072786573576
1.0056378866187345
1.0045618965172358
1.003425612987072
1.0038336724892358
0.967638769741217
0.9733660751987461
0.9660089103336523
0.9663013508996855
1.0129581988109
1.014648883164186
1.0204523037077027
1.0208709343609759
0.9925443671197816
0.9956405223203009
0.9954576660283659
0.9960050013293612
1.0018717941870077
1.0006668258564404
1.002076751326589
1.0012576254254766
0.9989611291836797
0.9960126960990715
0.997307558199636
0.998808309993988
1.0143162006427797
1.0184724360506625
1.011450778658167
1.00259276026234
0.727229879107115
0.8025228799870242
0.8586886561985764
0.8269654929666146
1.0008928686418328
0.997424439858793
1.0051595509982238
0.996410344077768
1.005322953026499
1.0016706026184006
1.0054563033163997
1.0043003699123914
1.0373587561662296
1.0214117580949371
1.0143130827819768
1.0428257014029334
1.000419859611799
0.998829925661482
1.0008867986121612
1.0005654908055626
0.9725608979892483
0.9636494604002218
0.9707001478459194
0.9984430477188456
1.0012498279017599
1.0009540667980783
1.001013623276839
1.000800625861385
0.9989894737198695
0.9993692082912669
0.9994844051359868
0.999444346515593
1.005794009935074
1.0032251084878885
1.0049229515968114
1.0025326658552458
0.960491491093065
0.9912819761352849
0.9754738358765985
0.9823864915714369
1.00454863969608
1.00309862502669
1.0021521223014993
1.0022329353197228
1.0227418970216604
1.0266604869166014
1.0166610797986437
1.0146393892139183
0.9201425708160407
0.9088696150483653
0.9803292534096347
0.9284224495514676
1.0117703376897456
1.012218027545779
1.0230318047210654
1.0147429822308074
0.9998104493492013
0.9995437239083361
0.9997013192039087
0.9997463535929452
0.9792571189873649
0.988168302201341
0.9771148674812726
0.9824918117743189
1.1302726651596358
1.0671914134792129
1.1171764639784436
1.073188376256496
0.975397173050216
0.9601541973548458
0.9798347546494739
0.9731401005489995
1.00772695268553
1.001093345142459
1.006703034095444
1.00434316699121
0.9988204352685223
0.9989471218273185
0.999105753379219
0.9990954884285969
0.9990920354003506
0.9975758658194519
0.998754518572799
0.9979046606232416
1.0318114484259697
1.0390042898024359
1.0529258712217473
1.0251834493672627
1.0212211941083025
1.018820059521591
1.0149642048622842
1.013367307064618
0.9857202789753841
0.9946274810265027
0.9808553149681879
0.9852194913425167
1.0809583334546613
1.1689462940558615
1.1074627580145016
1.1630875588952116
0.9709388796684666
0.9477401486585354
0.9497548727149883
0.9479283845201406
1.0508917237433117
1.0552394311956799
1.0218570484337097
1.0324515258425233
0.968876949474027
0.9729786622877665
0.9833539197285865
0.976574014855125
1.0166372668015295
1.0212022066844268
1.0118127725227575
1.0094533822204261
0.9649058893735606
0.9438492391505797
0.9516971901503275
0.9189899901563017
1.0167297199046512
1.0338252590180748
1.0441659186562875
1.0216517192767482
1.0089793908913487
1.0068558433421884
1.0080570589642488
1.0082157012398372
0.9994279709395336
0.9991867250088949
0.9992470011647643
0.9994972574122303
0.9981335297408727
0.9955939950303578
0.996312288898361
0.9962857422543459
1.0012142939341393
1.001146845383856
1.0009937400176172
1.0013234712545622
1.0013389420432857
1.0007575063650276
1.00187210499584
1.0010982189176645
0.9981386926961238
0.9969073364245027
0.9991186501467211
0.9980860308936623
1.0149677130356936
1.009370094125841
1.0087023831034674
1.0112516623265404
0.9807601349212465
0.9335648781946682
0.9403975597500168
0.9314050089329249
1.0174956251784526
1.013447860706969
1.0189718071494875
1.0160696289738136
0.9975361604460893
0.9987185724334795
0.9978358245133887
0.9981896459409735
1.0035871948188955
1.003120533101053
1.0035906766929399
1.0049237301802305
0.9775834514592178
0.9859112406043615
0.9860467117414354
0.980226184979888
1.1098778868581871
1.115841921204091
1.0784216110661022
1.108171925750187
0.9721114644340623
0.9650769672674542
0.9745125177416392
0.9635389482025744
1.019587408206927
1.0233638589057166
1.0112851863076857
1.0193057928474893
0.9956172174610264
0.9934783401991674
0.9967053224228086
0.9949108646447788
1.0006232808024642
1.0015004830987113
1.000681220182679
1.0010936805662805
1.0012279643431616
1.000973992126399
1.0010129841359474
1.0003379234826684
0.9997126017491276
0.9997735191602334
0.9998204986111299
0.9998470505126277
1.000369601454836
1.0003396220089367
1.000258400204261
1.0001403884351383
0.9999326785668933
0.9999405860080289
0.9999805139648151
0.9999828059432275
0.9998280745339106
0.9997462152018186
0.9999130862721017
0.9997496087116275
1.001779156470809
1.001959473704734
1.0011481755448082
1.001707451361856
0.993991928188531
0.9805438002329225
0.9902546842527442
0.9806985133368153
1.0068688649086845
1.0068481657734096
1.0045337020946088
1.002202476323051
0.9826215025353933
0.9703379487871185
0.9716903291710336
0.9924443232229495
1.0053917994695838
1.0027093559383338
1.0028925228785335
1.0022671206370275
0.99937913318776
0.9994896396521906
0.999602255620876
0.99947455653502
1.0001578437211542
1.0002036723316063
1.0000868289629439
1.0001413462777387
0.9998853292449277
0.9997788319252139
0.9998620241727505
0.999844957081695
1.000749042597967
1.0005973854654568
1.0011084620495778
1.0007669136918178
0.9982567119132818
0.9940606803361457
0.9951176617064773
0.9925309746312824
1.0406806660326111
1.0244826297067031
1.0363568657365831
1.0350101063061965
0.9612510175423704
0.9520481578027422
0.9578239580107778
0.9741817463569448
1.0051341863255907
1.0053209072358178
1.0044915886455774
1.005849666744539
0.9991447132543659
0.9971210209083555
0.997698700909183
0.997236885842787
1.0298157388737752
1.0245053639003985
1.0225511661572124
1.0117025229420742
0.9893390284133347
0.9917655765655214
0.9951672422090541
0.9985856514353089
1.001367908889886
1.0034114545775983
1.003775882506515
1.0066262255968381
1.0213412322217097
1.0222854664277865
1.0196614965184607
1.0220257858590212
0.9963506297850929
0.9962844703751231
0.990739097868292
0.9918292733767617
1.0012554638127031
1.0017019822768345
1.0011789221852057
1.0016261699138422
1.0021851513121836
1.0019975412407502
1.0026311655449518
1.0099820807489026
0.9991658424527881
0.9995121218321705
0.9986444418368298
0.9995576313481492
0.981121694571857
0.9653504785205075
0.9626489952278474
0.9876602612303854
1.01863672518845
1.0258189753372857
1.0151838762604417
1.0119781546914979
0.9135846539315011
0.9658450730085784
0.9338311486443563
0.9187523703755021
1.0249356467498483
1.029895306963304
1.0321385441959168
1.0219285224442176
0.9894340769188827
0.9906876791790725
0.9840089417972125
0.9859933098397876
1.033771538304172
1.0130987313555837
1.030094363639604
1.0245093380465708
0.9945439925664614
0.9909839366989655
0.9957173019258011
0.9946063272615454
1.0036565531568902
1.0013872586116244
1.0038513802279465
1.002512724251329
0.9991948127675339
0.9996171003221854
0.9994873708456832
0.999412797991028
0.998481384308063
0.9988905538842021
0.9987181619611294
0.9986834381045245
1.0063039296191405
1.0051821415365632
1.0061827924660107
1.0103066408292882
0.9977669657857862
0.9971270251497057
0.9983113504346369
1.0018550326266835
1.0286890242071023
1.070463077853646
1.0324258413511556
1.040982797009748
0.996586573022693
0.9987536391831869
0.9959782470499453
0.9941458194588868
0.9937715834685857
0.9932236993640097
0.997215850114424
0.9953953210642159
1.0633216336453324
1.0363675224112099
1.0392059679627916
1.0240215103085624
0.9519596691243745
0.9884709919523664
0.9402188937209942
0.9820516567146751
1.0039352161025252
1.0019545702423034
1.0021198557434359
0.9991292315886726
1.0473857810169764
1.0480254941372782
1.041392649145941
1.044851683308017
0.986855975752077
0.9943026626753568
0.9881557205066461
0.9922898552235051
0.9994602097619603
0.9986990229005721
0.9991767784823419
0.9991929912123874
1.005618739450074
1.0175598909042132
1.0144889701540465
1.0081980621180542
0.9975796223085744
0.997277144545739
0.998310238251658
0.9979567648055726
1.0097670833840535
1.0050264542221536
1.00289238192674
1.0084671519876593
0.9718998988541703
0.9925467017156616
0.9797110540662664
0.8911900553059348
1.0094799726723214
1.0063563110391247
1.0122647333417014
1.0134186418037257
0.994849846629919
0.9929242333592567
0.9947665476155517
0.9945903529961306
1.01936514655745
1.013239616200344
1.0126516806755512
1.0192045852284397
0.9861957675034672
0.9833805194277182
0.9886890026334945
0.9790508111494173
1.0052180773732777
1.0039022092761163
1.005692616101938
1.0038024405806991
0.99998866129045
0.9997209851596551
0.9998197641463763
0.9995302917451129
0.9962041566467167
0.9972442365606545
0.9968953076870215
0.9984855918085617
1.0008002021965232
1.0006094735667788
1.000428375106899
1.000399217851171
0.9998521484982504
0.9998962935322515
0.9998030594621389
0.9998664207739946
1.0002118586610993
1.0002346491704017
1.0002377793328296
1.0002324398757154
0.9983369993504637
0.99730532863275
0.9984068300484715
0.9982982530800673
1.0127127247927952
1.0162265959492087
1.0142268803389185
1.0095957807273535
0.9951551342445931
0.9969676396932841
0.9953593120824383
0.9959940390486275
1.0017325994843072
1.00226230006476
1.000744129735849
1.0026124613419631
0.9951621414553723
0.9939157132175577
0.994431046843162
0.9967395132585385
1.0416790752351648
1.0108640237523634
1.0148555580914524
1.0362525189832823
0.9946204344811275
0.992691771184974
0.9912042207408093
0.9954536216887679
1.00096622394021
1.0009738350944064
1.0007330322534296
1.0006644335619326
1.0005606580810875
1.000461287282011
1.0004227418259573
1.0004118327987732
0.9962283393477581
0.9861176535022708
0.9931870968499403
0.9836909250731493
1.0022506847790544
1.0015852222072672
1.002879750667941
1.003297948616339
0.9984642288584181
0.9995679471272453
0.9991560722966464
0.999383544395692
1.0000717494302604
1.000081631109033
1.0000609568569407
1.0000535392821497
0.9999845872615116
0.9999846267799143
0.9999874556974117
0.9999817638045051
1.0000351076972256
1.000059422320395
1.0000345198446625
1.0000234605118703
0.9997055255852754
0.9996467011599179
0.9991782873664024
0.999708208806105
0.999980591814282
1.0000167460722227
1.0000191535858118
0.9999979385358495
1.000109341128961
1.0002641050858916
1.0003042213951208
1.0002120862913193
0.9939722094144677
0.9949030246835642
0.9985499137278753
0.9957404852307773
1.024157470372082
1.0228250988700425
1.0385519283074134
1.0299383812292506
0.9890100123541256
0.9917209465179022
0.9947824030317491
0.9943964896508887
1.0111210952312777
1.00601518704937
1.002422118166395
1.007808339561333
0.9795785156482835
0.9748679971827747
0.9546887419798951
0.9775666260961777
1.0051589307912123
1.0054853984197427
1.0074292515696612
1.0068372774138248
0.9979164915550506
0.9985023377134808
0.9978571506927414
0.9986634432488651
1.0002951476256323
1.000764363511993
1.000393297540299
1.0005766682807342
0.9997171720272723
0.9992582628520005
0.999149939772552
0.9991264929945846
1.0027343272640694
1.0034226811515798
1.0049002848474435
1.0048805606993467
0.9986802746626796
0.9991987179698947
0.9990772711445857
0.9991131609695334
1.0003249889576786
1.0002699556270855
1.0003716618712715
1.0003390453576768
1.0035740771054298
0.9995241147615759
0.996273394385875
0.9974344379731925
1.1507345230732233
1.1638201784536417
1.1658419453493882
1.1825067811013832
0.9766478727407597
0.9808404997476472
0.9769361132609337
0.9919170544337558
1.000454972424605
1.000995613624058
0.9991499417402919
0.9990639392908306
1.0146807409667002
1.0265850485879013
1.0257453820427347
1.0270354385245963
1.0105197810832505
1.005817939016586
1.0082800007096544
1.0139795032909185
0.9977971670689421
0.9985408864638102
0.9974286732475747
0.9971372883425825
1.0006077086497625
1.0011577636014957
1.001055050506489
1.0009800300076872
0.9993893591317853
0.9992832462840936
0.999261597256605
0.9991766506880527
1.0024415373658704
1.0037046642688803
1.003693674579517
1.011073758668974
0.999125836503215
0.9992281760229627
0.9995202569583317
0.9994659529893862
0.9936384824935338
0.9934370580425071
0.995585894978635
0.9968115960541247
1.0425144058037252
1.056080606854437
1.0329859761697677
1.0334697563532405
0.9638736724064428
0.9811899462607134
0.9867514130902731
0.9570368761845398
1.0897514693060857
1.128270351991134
1.1216025219382506
1.1299451627736647
0.9786955511692392
0.9719017758172083
0.9823678609905179
0.9725371938717262
1.0357841094915028
1.0146674455102793
1.037912146323389
1.0308583219979253
0.9853792225736125
0.9953026949124324
0.9895048935836088
0.9852439141490775
1.0259816971566433
1.0139159504034647
1.0086330347741912
1.0304068376013198
0.9964158137035602
0.9956094357982496
0.9983372962997487
0.9981585091971915
1.0003159171970308
1.0014107145649267
1.000616196871118
1.0005045427636183
0.9986208486081978
0.9986550396303217
0.9990772338042015
0.9984034066706222
1.0132637904436579
1.0084443248834538
1.0079955134967706
1.0053034231637679
0.9394172970082342
0.9533243457473032
0.9794911613069511
0.970644644527536
1.0047645016238287
1.0075947562890104
1.0045721458110497
1.0059665139626028
0.9984469369321163
0.9989944737498183
0.9973057044500246
0.9988725449772153
1.029651250615125
1.014449466777245
1.0130087775617764
1.0217611414942227
0.984383009827555
0.9737809792770378
0.9567809942902672
0.9696236145447379
1.0043099310998505
1.0071859778413805
1.0082513649179146
1.0053778313798685
1.0036908298085465
1.0005500195906385
1.0022508338801925
1.0120562007055023
1.025340568994875
1.0241456050958884
1.0156103885940995
1.0352162037547377
1.0066792367122612
1.0152245218189804
1.0013420999535094
1.0090223066887054
1.000964299877571
1.00068274415139
1.002176576889176
1.0012288514607117
1.000216264187792
1.0002546805930217
1.0003477846642643
1.0003690456117291
0.992904237005555
0.9957134540383853
0.9971261728330878
0.9956276828631816
1.045536543988874
1.0473443010616632
1.0394099679157769
1.0338213044436342
0.9624787373567618
0.9383595011439894
0.9659703042580925
0.9623286525496356
1.001831333014103
1.0008890109628636
1.0028062569499132
1.0025730656835985
0.9993330561145859
0.9992888773761793
0.9993524120299169
0.9993236917194145
1.0002077905710711
1.0002070692755978
1.0001762503590848
1.0002133702654574
0.9998046949690185
0.9994473237594289
0.9990123652606289
0.9993692978408203
0.9999640141428778
1.000088266477831
1.0000853143787414
1.000038164024516
1.0011588749223541
1.000642809245915
1.0012759301254466
1.0015493105743947
0.9962393667969291
0.9960789842285631
0.9922082132089075
0.993405022940859
1.0643355770447112
1.044976208650713
1.0219950719660618
1.0407404339148056
0.9767878685335297
0.972707699427934
0.9810572426516778
0.9376753975958644
1.0159525736154256
1.0088654223230906
1.0150463156433611
1.0063606152062634
0.9974065382899472
0.9962915180577114
0.9976107621484726
0.9972894110948851
1.0097346656438977
1.0051412557974992
1.003293914133109
1.0138160102463174
1.0039858226840948
1.0026393767127784
1.0036498506060962
1.0017763948306215
0.9985863145469513
0.9971068173819235
0.9971791013777046
0.9972150188934285
1.0181755587397352
1.0174921832800208
1.0231399047846206
1.0191733636380247
0.9959964062246155
0.997406023999496
0.997507380343219
0.995409896651263
0.990749950712532
0.9846793124031632
0.9908469004357562
0.9906559142750816
1.0804020077103251
1.0683511473572325
1.092762909135156
1.0272798904264049
0.9881980392716724
0.9868406522637498
0.9868042406890167
0.9905748779786308
0.943185625048649
0.962906323984713
0.9645998101943674
0.9749991954243722
0.9856804997417843
0.9863673374471104
0.9993025012230852
0.9900222784217295
1.0005156972620308
1.0007501181801162
1.0007187290091384
1.0003508806622294
1.0218438390153366
1.0078417498399537
1.0117106099553932
1.0151609544834572
0.997649736264177
0.99470180555591
0.9947842095344469
0.9932475158878481
1.0006507540084395
1.0009147648932288
1.0005946512307824
1.0009879796465542
1.0051728687990356
1.0049575322518507
1.0033224747564147
1.0044161910678908
0.9868038696052993
0.9802454773393356
0.9680028509574218
0.9886002220952391
1.0023808644133467
1.0023366333840658
1.0015888611040562
1.00175369645507
0.9996617631643573
0.9992534193894925
0.9993962253323495
0.9994472139713939
1.0005574476117183
1.000569538847487
1.0003359964905207
1.0009002870092385
0.9971699465124011
0.9971246062231017
0.9955557273365838
0.9978141040206534
1.0039983568598885
1.0045758374664364
1.0117076947195947
1.0147165710519979
0.9968171304876455
0.9969488094987695
0.9984462103029405
0.9964064664320345
0.9998597423636244
0.9996447081400256
0.9999468262352696
0.9997981131577118
1.0167406019731176
1.0212336984164903
1.0052532656990658
1.0109919957202074
0.9947286472617878
0.9947357009380159
0.994716349689068
0.9962496080751414
1.0064359538645755
1.0056910979970437
1.0099787507355993
1.0074025815656333
0.9922159919164535
0.9955203675668476
0.9926210558294458
0.99391701659181
1.0039346693051285
1.004257684867629
1.00231308123325
1.0035580436887277
0.9999305339171012
0.9911338324648432
0.9842129709961913
0.9978973467797052
0.9929318493783209
0.9962294605286434
0.9931398059320007
0.995232644913701
1.0310798794822411
1.0456013715999193
1.0266859496130463
1.0541634451158228
0.9937971045556372
0.9855098941424686
0.9908901076159066
0.9831743455609666
1.003304602143913
1.002480694029432
1.0011663876955421
1.0020249719116612
0.9997532600320391
0.9995533912973772
0.9994968145156374
0.99950447680787
1.0000116543932838
0.9999999784068748
1.000006178304857
0.9999815054257696
1.0006992664620658
1.0009503954258612
1.0012425381389678
1.0011016603489495
0.9953154172073765
0.996199614117007
0.9952478292609055
0.9964955700103757
1.0140619785437233
1.0271399151530596
1.0172158621568665
1.0394942997598042
1.0268807800945123
1.0135477309015442
1.021779543800794
1.0062640728837335
0.9630481851528905
0.9613750967815868
0.9414259204735956
0.9813181059447612
1.0039427162468166
1.0149267106881816
1.00872912195915
1.0038600730051266
1.0013007656397872
1.0010489933267899
1.001308200535066
1.000069025145303
0.9866016967920901
0.9667159443444986
0.9742702903678863
0.9803525984737195
1.0027199562407252
1.0040261335005933
1.0034952286521894
1.0057464850323135
0.9973379320752936
0.9971190973459897
0.9981059904811038
0.9968976356032135
1.0060193241645297
1.0028413681382802
1.0070690120325485
1.0111610060883756
0.9824520091310432
0.9800744152920517
0.9796015047091773
0.9842759325273157
1.0131277337847655
1.0160535329417295
1.0112811786004097
1.0078124583393961
0.9565813437647582
0.9433959549541027
0.9409421309881719
0.957168205465659
1.006151235372633
1.0100706407341895
1.0141460965830822
1.0065787467077334
0.9993026030129094
0.9984459268882141
0.9984325198969033
0.9985151045901999
0.9935712528124829
0.9929868975400956
0.9902937021818273
0.9906393453876491
1.0161640929467235
1.0110668324764926
1.0064069752105407
1.0146713332879436
0.998374971942052
0.9967958377166143
0.9986780064659987
0.9971872326206889
0.9906010986484058
0.9893935561289722
0.9901219913066538
0.9978359835097038
0.9801686862245539
0.9851337355845899
0.975734862820909
0.9776576249093162
1.0061711040471695
1.0057269448803756
1.0044453182474815
1.0029507951392562
1.001697840359646
1.0025285960686374
1.00205877183644
1.0004283773691436
1.0255543921654986
1.013981898211703
1.024909269312675
1.003025505052481
0.9665228978594451
0.9168725828362172
0.8977515267555626
0.9321068256410482
1.0275519796248962
1.0264354592170548
1.0239781644848758
1.0328648632673694
0.9777580379418545
0.979053201647239
0.9766891036765304
0.9834447585452623
1.0166677033414013
1.0078223831250732
1.0095853113178086
1.0117563654589383
0.9843737849525974
0.9749258685836685
0.9666507477792821
0.9536569115843067
1.0160115716542175
1.010734779671066
1.0147907893995727
1.011465401869124
0.994639415971251
0.9960345253934206
0.996330732083288
0.9946165517946479
1.0009542500566404
1.0003714984147354
1.0004006804660592
1.0006586921640168
0.9999433302089967
0.9999237367198075
0.9999620366205432
0.9999463731774856
0.9988412419916006
0.9986901311228837
0.9986928441712385
0.9992785757806752
1.0025129944719982
1.0025281038402452
1.0027258387667803
1.0028485951827777
0.9871552921104217
0.9825991187532462
0.9944790706803828
0.9796629802509358
1.0002887931238138
1.0001177570155044
1.0010390460113683
0.9982652367089689
1.0000253205546281
1.0001653327913762
1.000103173088513
1.0000982908519493
1.0009703183465473
1.0009433107884333
1.000601828573944
1.0005337123042082
0.9914736569829335
0.990344568677398
0.9920263832670485
0.9958657519684256
1.0018792364041653
1.0022142370527238
1.0015463031979606
1.0005704094042172
0.999160109667909
0.9991472928880731
0.9993325900203758
0.9996270116607713
1.0026339815877667
1.0011461938857733
1.0024105750155285
1.001557434854751
0.9908812684865193
0.9825621506728116
0.9883007149394054
0.9883093491008051
1.044827392739406
1.044320598419685
1.0909538689072287
1.041920294081814
0.9688615102989863
0.9768963801077184
0.9871472020797409
0.981284389606894
1.0046625422000899
1.0013066267593906
1.0049142242209477
1.0067842507088207
0.9983861541205242
0.9981358768650541
0.9988811484519968
0.9983385806752405
1.0005296953140765
1.0001525374309759
1.0004821672466973
1.000266231893434
0.9999893724788793
1.0000264992243229
1.00000579137057
1.0000198221429024
0.9998023372047761
0.9992317244271004
0.9996148295612055
0.9994433825940631
1.0018532129805862
1.0026652937155445
1.0024956999980843
1.0023683914807369
0.9993178129241773
0.9992478018798738
0.9993587850512785
0.9993639523496968
1.0004868068707995
1.0004274563569542
1.0001785492095574
1.000512869991471
0.9955376311940674
0.9964643364349396
0.9970942472031515
0.9991878957493353
0.9990494161972946
0.9987318376183999
0.9964365787719224
0.9989746367250573
1.000157875058078
1.0002094778760404
1.0003253017049136
1.0001979753323538
0.9998624047289638
0.9999104398265468
0.9998766889516495
0.9998650054607122
1.0001854167944577
1.0002695489083375
1.000150280322017
1.0001858079957333
0.9985207733818696
0.9981076131171231
0.9983858786397422
0.9984933061726627
1.0061701623523716
1.012860973023963
1.014136119421418
1.0120601087533037
0.9973462536109503
0.9975348389806827
0.9975561746844969
0.995870808942946
1.0017275001878436
1.0021440801478112
1.0023655023322051
1.002464891556575
0.9993955688512294
0.9990661733778942
0.9994698139339646
0.998514712849755
1.0033109827570694
1.0054336687325915
1.0037250066521957
1.002523474393758
0.9990597021239713
0.9996500956855132
0.9993602970751922
0.998785818157452
0.9975706545822861
0.9974833256275705
0.997375206076543
0.9981454854313226
1.0212543681932844
1.0162037289987806
1.0181110629875865
1.027774094493642
0.993046237883852
0.9915586478207392
0.9937272492608804
0.9911152116070374
1.015973313334385
1.0064720607453121
1.0232369545829252
1.0048291676962646
1.0026689918626157
1.0036088285283244
1.0025314792330906
1.0036440985671542
0.9803126560137664
0.985551172670947
0.9913129818070692
0.9694997552178067
1.009938960186013
1.0226805349866293
1.0216440539120375
1.0062060943413904
0.9964767300728555
0.9979170296943437
0.9990728272690282
0.9980403678387914
1.0004381399002367
1.0004880044103128
1.0005875527940336
1.0009335989978776
0.9981319534381823
0.9982472357206468
0.9992519030656526
0.9994420817638748
1.0177755111177373
1.0095690866515943
1.0303222173653919
1.00651405217969
0.997855680091089
0.9944276957280236
0.9926940748196582
0.9949898590667372
1.0209657907028644
1.0197917886102092
1.0064056807509276
1.0175820605151848
0.9903618950988959
0.9870632036343943
0.9921963377368542
0.9896637645796929
1.0123826903355386
1.007435615657242
1.022279402233934
1.0035158529225146
0.9992724407550467
0.9983677099958108
0.9990757259555891
0.9994368099931252
1.0002179020511275
1.000397747513049
1.0000687494862095
1.000254044216487
0.9999419892767782
0.9999639833758698
0.9999515280696768
0.999947874405407
1.0000325889665982
1.0000267037537034
1.0000367613406327
1.0000265828371977
0.9998568403289811
0.9999000094774034
0.9999085412569634
0.999900033169158
1.0003103832660885
1.0012972406990528
1.0006144503839038
1.0011362495341574
0.996733681459626
0.9923166487226215
0.9944400589147914
0.9929037226990701
1.0798280923319776
1.0339560567530641
1.0480859845396155
1.0403367248570152
0.9444229663128889
0.9327378092886168
0.9316817238170464
0.9175910780244726
1.019814735237378
1.0239332060467425
1.0149947048455157
1.0139908141474678
1.0354997538261752
1.0127582994696425
1.0434888925279873
1.009166916054012
0.9884240186770108
0.9900725712847536
0.9893895007390091
0.9892659283158448
1.0522546201085363
1.068055208292699
1.0274306131183348
1.0472281864963944
0.9888391945002227
0.9909041575150651
0.9899874603852243
0.9908772804394942
1.0034775192062801
1.0048741468860698
1.0054103227540163
1.0048235047585032
0.9975148568886694
0.9980161920362933
0.9987938639867587
0.9977709848013373
1.005618853934102
1.004779080534588
1.0038437332090242
1.0055112954805494
0.9540442589160246
0.9823204261047395
0.9749643134238868
0.9736950685817939
1.0049189125493294
1.0024790913528139
1.0022500334744506
1.0032280865580567
1.0033440685967696
1.0115127357735603
1.015679105867624
1.0081641216690957
0.9964172760440924
0.9952249598676712
0.9849404913812222
0.9940240474127219
1.0638894251113662
1.0567869091425877
1.0691423289409334
1.0143987978010813
0.9386362133261643
0.9606270725903402
0.9361791699398814
0.9006367816962606
1.0137373209887932
1.008912598369832
1.0165373190538414
1.0145484837386487
0.9982987769283017
0.9976968888796481
0.9981327219736373
0.9985073553347901
1.0002738731109768
1.0003866957206173
1.0001788789828578
1.0003793604863103
0.9998772440231534
0.9998192397681384
0.9999034991873094
0.9998034799981181
1.0003654997147913
1.0005273399588546
1.0004666905395614
1.0005171870123633
0.9967340047530499
0.997041635461481
0.9950936470064965
0.9972900749970635
1.0109424149849822
1.0329343810465674
1.0193052563211749
1.0256671008411768
0.9965625159863573
0.9978964943871569
0.9978693722233665
0.9969022156860967
0.9957823221840723
0.9960342395027839
0.9950037409762713
0.9934575346982873
1.0326103201678627
1.0273213902402702
1.038561147658179
1.03105045353996
0.9800767512930918
0.9875660348281897
0.9846937611489042
0.9780829130004759
1.0330006755315475
1.1211736456855372
1.1408246550630294
1.111068768967441
1.039451875109464
1.0073718020502813
1.0362491535707405
1.028307480130324
0.9875288991833067
0.9912943259906308
0.9959417371760203
0.9919179711030183
1.0024636402543745
1.00390151408283
1.0022831686201394
1.0028693319870252
0.9989244105241037
0.9991361165608637
0.9994506198888952
0.9996484859414867
1.000537349484656
1.0004669274975053
1.000491530914919
1.000349788596905
0.9990024914598344
0.9989203253383516
0.9985709305847095
0.9978489319308639
1.0067000244347983
1.0125467215644604
1.0074466823759738
1.007051474716923
0.9891810488168757
0.9134264896342792
0.9393700816117475
0.9626402682005488
1.0185994426974216
1.0167561267859395
1.0385857096965578
1.0300548687278197
0.9813096862899382
0.9849154221638595
0.9840108906772141
0.9755911644901236
1.0787993827006002
1.0455658938527652
1.0449570786739244
1.077190432890316
0.9809571773256548
0.9843686051638728
0.9905774612557086
0.987963039435403
1.0016657613504578
1.002294403229634
1.000676923412701
1.0005452137952238
1.0291959800266692
1.036396188913725
1.0465221322508083
1.0053219748870048
0.9925875238947477
0.9957851047258477
0.9930249666681575
0.9903659555319715
0.9952976344363004
0.9901702736678754
0.9926185039938956
0.9935515605823255
1.0009293510595554
1.002063515349184
1.001969055126828
1.0018189468282797
0.9950676876547487
0.9979477491725732
0.9955394113776116
0.9954977906856493
1.028632934129044
1.0101866449070145
1.0145737051061976
1.0432055610196929
1.0269611611683216
1.0259077107737977
1.0120885061903102
1.0165824570173414
0.9984331021308477
0.9991230840455567
0.997072282395886
0.9976275445875483
0.9969620364274092
0.9829589847376902
0.9808532853473579
0.9955506158343094
0.9717081376840564
0.9683120477403461
0.9721739076176896
0.9876616165734946
0.8900545657567509
0.9343110133316849
0.9417181567271379
0.8798176134444697
1.025749311904524
1.0301723294835998
1.0411319903948513
1.0301909853273123
0.9960746499132007
0.9895742490360943
0.9891567781448006
0.9932429456621076
1.0040987722013914
1.003278752100493
1.003932743669609
1.003554457582194
0.9915724386271398
0.975698089846108
0.9854222055001374
0.9907113701373572
1.0043747322617746
1.0019720026258536
1.006031198801057
1.0053722513752088
0.9820164603745716
0.9940397901859648
0.9795193835340402
0.9871002255112168
1.013454182926523
1.0311706479606868
1.0290440119159545
1.0325842890884398
0.9930040287102968
0.9963122278564398
0.9930496695206613
0.99514972631198
1.019552594280402
1.0053285820577884
1.0208008975041338
1.0079243844343697
0.9957668212638171
0.9964619212277837
0.9965223315785879
0.9956558863579043
1.0006700534839004
1.001093759045858
1.001087563953341
1.0006827859928218
0.9987757039226314
0.9988696012034403
0.9993755961961059
0.9987323391252606
1.0543886260978543
1.0302168619154741
1.0396105276172731
1.0213906564491029
0.9960374185122614
0.9983206064852657
1.000047880369358
0.9991293874277543
0.9947720826297995
0.9826167706121164
0.9809146787300115
0.9802178210595602
1.0068637513250793
1.0022269556552268
1.0056804902590986
1.0074806600440744
0.9949730227958857
0.9941414826915018
0.9969467291946352
0.9955340040825605
1.01278720306136
1.0130051899673673
1.0152077222013396
1.0080332904909195
0.9837898897402664
0.9611354268001413
0.9325837090741507
0.9167519743189059
1.0212409669079436
1.0191956410856555
1.0137717559709132
1.0188454968943466
0.983053507724468
0.9854115120500091
0.9887791449987957
0.9865838728868883
1.0411711187029504
1.023002052610543
1.0574779406208625
1.0453637056925729
0.9837493045527502
0.9890202501737146
0.988815875312106
0.9919095428190864
0.9943847013211452
0.9962845173598297
0.9902292953866666
0.9959488710146299
1.0029312475216838
1.0024791202715568
0.9999057246964954
1.0035887451493355
1.0908515744039027
1.0258624699989631
1.1107794738088812
1.1460390052279243
0.9444448703983852
0.9574864244437833
0.9704279933066924
0.9219185931472895
1.0164650189707838
1.036840833724317
1.0297092617189525
1.0249778609582356
0.9946368317606806
0.991513247735162
0.9909941135409706
0.9953825916565003
1.0145049358871983
1.0103660945038078
1.023733008850625
1.0158586241106558
0.996477068924984
0.9967487836008746
0.9973932747882328
0.9968367191217111
1.0000979426626961
1.0001136014986218
1.0000921711089255
1.0000413369524823
1.0052402500930055
1.0037011660353512
1.0045403593738622
1.0053652721414776
0.9989867030457854
0.9993074157380908
0.9992612321059567
0.9997471241573505
1.0003034057740905
1.0004543670669328
1.0004056286679066
1.0002929857289586
0.9990751223733003
0.9984097510841299
0.9991436850696154
0.9993978584971875
1.0056996510040916
1.005921999946419
1.0031307204211977
1.0088044270758512
0.980100184576115
0.9879579305108781
0.9836573140241245
0.9869599856596202
1.0075459888903422
1.007013177478637
1.0064331356763567
1.0065606786883623
0.9847314233911528
0.9763721550841141
0.9876303220106248
0.9884181516200864
1.003719612961823
1.0023163812857911
1.0033966387405229
1.0021199801557323
0.9991854353227451
0.9994333049933666
0.9993102716488257
0.9990786058601301
1.0007934982762068
1.0002921948916492
1.000832615179387
1.0002284415934484
0.9976288802110844
0.9972216804602382
0.9965854949523676
0.9978677833929582
1.0197703818756871
1.0152268690137505
1.016078306423975
1.0472373310687686
0.9927587752622042
0.991612207591782
0.9909696912561612
0.9896363488395605
0.9999301628908128
0.9983441539472026
0.9985211298759664
0.9982182131434845
1.0316686192723696
1.0438223743669868
1.0202291390726677
1.0359595967335704
0.9903550434631981
0.989453810088468
0.9930548952512418
0.9896753654136253
1.0127544052414634
1.0136548508163454
1.005125970658824
1.0118527088850953
0.9416215633872765
0.9766711793891053
0.9361386561614116
0.9367692517931473
1.009268819108632
1.0143706269350121
1.0147846147862798
1.0141541332257202
0.9979529538960606
0.997974815984904
0.998092597783131
0.9988542907938681
0.9946236772698827
0.9925703847406689
0.9930588932230706
0.9963698799312976
1.000007437331437
1.0004699859899797
1.0007167963300863
1.0002001487776777
1.005505470421434
1.0094317924688192
1.0047452383381088
1.0090077504626462
1.0126960539262293
1.0099458599461788
1.0092186515669597
1.0239281754741991
0.9930461544603371
0.9924072648746475
0.9919703375337922
0.9951540300846397
1.001692820735428
1.002478343002867
1.0015131791980454
1.0019569018637036
0.9971812859195285
0.9960035993925069
0.9937324527070385
0.9951150685193146
1.0256323910980882
1.0298034485160807
1.011311024517582
1.0374753554798866
0.9859396921296801
0.9826208400770624
0.9870679529274842
0.9917394765880543
1.0032583484638948
1.0070197751770709
1.0088374454752032
1.004351384856886
0.9998766360842295
0.9995903527375201
0.9997190004476203
0.9998662228248975
0.9947479209282805
0.997761428005674
0.9957767689258143
0.994191222911338
0.990019810286535
0.9951258402672842
0.9939714034968617
0.9969653893234547
1.0209762872883028
1.019670038244994
1.0130769179949943
1.013035159403968
0.9759554608270538
0.9578357280061062
0.8995519543104593
0.8769215526676943
1.1877085146659725
1.157910568615462
1.1022166569248106
1.1735934847211866
0.9732929580543965
0.9774892347511434
0.9729539338695002
0.9700292423367076
1.0019410760342662
1.0051706277557113
1.0066861330769505
1.0041349828444774
1.0046167503839731
1.0283723790798853
1.0223760461391542
1.0091146305132284
0.99690410181516
0.9981487247466896
0.9947500983162967
0.9977838144019785
1.0018757377350485
1.001142623978679
1.0012290350557265
1.0012271046055607
0.9962712504569572
0.9956496994473661
0.9976187815356135
0.9969932786184695
1.0608328876737767
1.014738393515641
1.0610415455440143
1.036343919719653
1.0239194961665632
1.0164850750212762
1.0204390705273207
1.0255057253451174
0.9959401914492662
0.9965109170491889
0.9940308928329112
0.9962395410587217
0.9947065084995553
0.9953488835319226
0.9954192087808358
0.995673450488022
0.9980412904145743
0.9971063204946846
0.9981551487166381
0.998210539693005
1.019228292770176
1.0232866055802958
1.0224859818630305
1.0125887723257128
0.9991694845091962
0.9980478427327153
1.0001087540187774
0.999075774740316
0.9966518270326465
0.9901246948539938
0.9890837933695892
0.9889257731517376
1.0363012938170115
1.0653137022879517
1.0275394278853507
1.081036266811095
0.984531407935635
0.9798877282839291
0.9874618105796285
0.9822497701126142
1.0261941696701995
1.0394853706359213
1.0246249538253238
1.0367445092806267
0.9939109169997205
0.9904799695136686
0.9962573768887679
0.9921647625649527
1.0022503942612768
1.0025377303757477
1.0024685413157173
1.001134004582005
0.9995900492830282
0.9997193598525068
0.999547453819797
0.9996470131602282
1.0005460836223172
1.000346824177168
1.0005636260807558
1.000300111925449
0.9979603135635002
0.9975781408581406
0.9968796607907165
0.9969745478213723
1.0213391606121442
1.0069457975354599
1.031384958395906
1.030682764808947
1.0032897012439534
1.0098086565574764
1.013003824506559
1.001595040622196
0.9975558926740897
0.9981431560172175
0.9991406139966572
0.998357684011527
1.0004341924281521
1.0003141343280473
1.0002938322081447
1.0004757938800983
0.999905079558188
0.9999293063198345
0.9999222940478175
0.9998994993014682
0.9999345078278661
0.9998606047288545
0.9999295790484257
0.999891897113232
1.0006772516238123
1.0001985061327954
1.0001828223016818
1.0012911458396854
1.0003216468038234
1.0003866189375297
1.0002437331626417
1.000173442383003
0.9960029457000003
0.9953586465143259
0.9923785225410952
0.9940953706997696
1.05281683122892
1.0465301333679735
1.0273093031512925
1.04658639136722
0.9874655050587277
0.9922924035689255
0.9918136669662063
0.9957277742015682
1.0009269329784436
1.0015381487207649
1.00097180060147
1.001626395961037
1.0008717698242262
1.0004605097256423
1.000922467258688
1.0004824307423628
0.996029631858795
0.9893318519846215
0.9851451641446255
0.9912283974826207
1.0662014884516968
1.0563301443675808
1.0437268917790001
1.0754567663348942
1.0154841184792374
1.020394611666962
0.9943150249422225
1.0256236413242277
0.9631614807047011
0.9764889666235057
0.9720687203331951
0.9901971166653917
1.0082917817187775
1.0039051184900862
1.004122530506542
1.0062919593443662
1.0023178193623672
1.0007165493598047
1.0018162078671007
1.001267465016845
0.9994369701060138
0.9994741681888168
0.9994686437855986
0.9994315299421673
1.0004616827264856
1.000143986961627
1.0002906469483357
1.0005799188464362
0.9990361745347056
0.9988654268499768
0.9985291024069212
0.9986504406403771
1.0071729566829002
1.0036812671715276
1.0047431235391755
1.0051943275390514
0.978364911090579
0.9692513143784702
0.9868333631910485
0.9704779581615328
1.0082659856437701
1.0112772934877166
1.004331691447356
1.008241864488964
0.9989136993093372
0.9993198859409589
0.9990913758241493
0.9987590399315203
1.0002867373043733
1.0006944459806073
1.0004482234262735
1.0002679101462437
0.9994769664078035
0.9997661140300004
0.9996526310239725
0.9995973343147296
1.0017940879993767
1.0022251378998095
1.00106532876029
1.0011713645122606
0.9993723367295085
0.9995702939067295
0.9997417667276686
0.9996852313014696
1.0004499685560175
1.0003199011767483
1.0007792902613217
1.0009923109340837
0.9944613661782963
0.9931484890524304
0.991512127419939
0.992229816249882
1.0543287637013785
1.0774479172109672
1.0833378577810882
1.0726014375683524
0.9938361222725726
0.9941358227763621
0.9905253753367622
0.9924257600405022
1.001513551019923
1.0019478260550139
1.002632872217773
1.0019671577291798
0.999483047278091
0.9995167344007597
0.9997371001212028
0.9995418729403907
0.9993108300413194
0.9990471084747203
0.9991610362637814
0.9995808438983501
1.000871841575929
1.007111980665196
1.0057031445939337
1.0030751406691645
0.9993717289876337
0.9991343670769697
0.999678046964998
0.9995220247091297
1.0000524887557514
1.0000281092212453
1.0000498928521933
1.0000865714242237
1.0014164637853271
1.0006271253633465
1.0004513086944906
1.0006822988897581
0.995270905539959
0.9911988211970939
0.9941857339859689
0.9941559898976388
1.0469708991748912
1.0371302427780462
1.0310692677436444
1.0214047367317183
0.9903420897910484
0.992123944869749
0.9922749809015375
0.9915126431998865
1.0087014111805255
1.0097744137936873
1.0095086502290147
1.0060321986859977
0.956238843113095
0.944312744004941
0.949465909247073
0.9234904530379258
1.0198821162841283
1.020869564443058
1.0207635618077948
1.0266617645539466
0.9954950028128371
0.9945574860328377
0.9943897477825954
0.9953343193419658
1.00474354101001
1.005822744917301
1.004129140458803
1.0073982219800286
0.989089727367521
0.9477311191378475
0.9540979216769244
0.9707846084941307
1.0055496767073844
1.0059686738317004
1.002981413361496
1.0048389556392643
0.9996221320761927
0.9992396222111896
0.999325321752121
0.99910454260786
0.9998141324505055
1.0001426368993407
0.9995828287778898
1.0000872720112064
0.9995247853430076
0.9980491321616092
0.9979493962086512
0.998676377453233
0.9940803906229437
0.9967753988307314
0.9957433921128109
0.9937860765628777
1.0010217481916805
1.0023556487967091
1.0011481019977115
1.0012498448109544
0.9997673297016456
0.9995484156799344
0.9994054360254134
0.999487425106174
1.0002202916487992
1.0004857399116986
1.000604910950969
1.0002801452426455
0.997573882327837
0.9949051673162319
0.9940659870227537
0.9942340480539333
1.026818137790857
1.0190736228439425
1.0398786154745954
1.0493445763668843
1.002252017657524
0.9998333161787984
1.0002712264592741
1.0086508866208654
1.0371450125624224
1.0383271007429684
1.0138140917717995
1.044079321738612
0.9922268595256625
0.992964694672286
0.9846045242076622
0.9860401144149221
1.0025665736916538
1.0035911852323396
1.0025143925324402
1.0020593133784963
0.9929854770149369
0.9929058239612877
0.9912432498693728
0.9928389856264931
1.0195440064424521
1.0197206805039902
1.0028713428546703
1.024349885596806
1.0576357379396337
1.0348372166922999
1.0467615978148246
1.0610739509485858
0.9771372375948869
0.9862170056275902
0.9734802662379898
0.9660567049023567
1.1369075359793104
1.1667193941441174
1.135292079119979
1.1187525405682228
0.9350304141637836
0.9378437566359145
0.9559318941868651
0.9361839611921595
1.0235586325858972
1.0204318078022168
1.0194414962375704
1.031978696912903
1.0173409910354452
1.0420412905797494
1.023464549282165
1.0187428932803764
0.9963511615183087
0.9958061823702666
0.9979021374964987
0.9974769663202631
0.9902814646654877
0.9810839308724458
0.9645974963467263
0.9827626259203203
1.0020990001063015
1.0052251150436953
1.0037920799922206
1.003643838786463
0.99782115365292
0.9988834513047093
0.998642056870115
0.9987228174389174
1.0044560233658626
1.0022927939022739
1.0031427780465783
1.002622899746614
0.9628029605522053
0.9749427161672313
0.9722892099019116
0.9629403885636374
1.0065855292585095
1.0081604445625683
1.0072381158530732
1.0087029512863164
1.0004004246937728
1.0012373536355101
1.0010410413576143
1.0006842983185074
0.981945484008956
0.975903764007379
0.9800323755078139
0.9697400494958816
1.0172257089515506
1.0077931544250611
1.012409497023903
1.0092988677103756
1.004577806099175
1.014716447288909
1.0145230117506805
1.0172954533971166
1.0628196032768502
1.0497838773017023
1.0316255279767175
1.0627970998490262
0.9427974818195104
0.9728384917169528
0.9541979673958292
0.9715656857328115
1.003710388688285
1.008193288607738
1.0111658083849486
1.004334695441747
0.9978150441403778
0.9976491739780492
0.9990563718188917
0.9985100034656966
1.0008286446784613
1.0004307885171828
1.0002524354010578
1.0006414626084303
0.9998291795019237
0.9997454287957201
0.9998622716681936
0.9997034303462677
1.000494077977545
1.000307998640637
1.0002337204063956
1.0003158425355672
0.9986020421122559
0.9978959348802043
0.9959014637033861
0.9973500596768231
1.024845086920992
1.0143667610459663
1.0207103533294553
1.0153666537988641
0.9551342537264312
0.9627682942456702
0.9294831327412006
0.9672734451821295
1.0075414514849244
1.0126353022043029
1.0127083834295683
1.0097075488897143
0.9960915207401823
0.9970789808475121
0.9950287709086345
0.9958224369805212
1.0152333793099444
1.0127146213765184
1.009510064771991
1.0085611420400058
0.9618371200161693
0.9509220674614096
0.9337076268562163
0.953156000327374
1.0144367032821084
1.0078273413914032
1.0143868510164205
1.007478013586286
1.007195590452752
1.010483371424271
1.005031443014566
1.0081895478398146
0.9973631433065164
0.9966477182326969
0.9963920598058554
0.998163415607463
1.0026996364240643
1.0020578355298349
1.0023256835819325
1.0019109986416563
0.9921874942102598
0.9864227970697553
0.9888030989960973
0.9937003903551694
0.9812570581698538
0.9815825985350971
0.9879300926615409
0.9838518881924389
1.0072088675146362
1.003741147812425
1.0047007967584032
1.0104723784811065
0.9975307730714741
0.9967709394944977
0.9989338224459452
0.9984066128635148
1.0003489481672068
1.0004935125948342
1.0002431081262173
1.0002759272297266
1.0001261324793314
1.0001330268825512
1.0003400910956706
1.000303971958824
0.9974842979570379
0.9975715529017352
0.9984294169656857
0.9987982369233886
1.0120807640848708
1.0100221703086327
1.016198102923459
1.0361170892337852
0.9929719668105356
0.9907676289067221
0.9877110617883337
0.9901946102824544
1.0033856984364848
1.003930530588595
1.004248699217161
1.0027179233285388
0.9824434344669707
0.9955414740441624
0.9914095921868512
0.9823078861827702
1.0056881923368415
1.0047826009621483
1.0041151000095958
1.0029838111081701
0.9953511614918121
0.9975183263422935
0.997340971379654
0.9935933651649014
1.0008259487620508
1.0013468931146305
1.0019796343693677
1.0011375169540422
0.9983796116451173
0.9966341519672065
0.9979062563793721
0.997786546718726
1.0190422045407828
1.0234826140782214
1.0091174868329753
1.018382212151873
0.9976091648348124
0.9948135112275469
0.9973091018671855
0.9943312323855691
0.9997317656294542
0.9988797646527989
0.9993678565880555
0.9987037649005084
1.008948272575375
1.0178097825444807
1.0119791595287084
1.0336055037468583
0.9936150576048167
0.9918548917673896
0.9927602944271361
0.99476622431085
1.0015237959348768
1.0020820856483823
1.0019418269150169
1.0027689141537308
0.9993529944279057
0.999054468420789
0.999740135198879
0.999283864197514
1.0001895840508503
1.000229128262498
1.0001261874266643
1.000141333315983
0.9998830602162208
0.9998770621884614
0.9999196826645721
0.999866927413909
1.0007765074705885
1.0013341058251293
1.0014878737570254
1.0007843344245062
0.9932740390218365
0.9929726027798415
0.9898293886775855
0.9953662106502688
0.9964923374216171
0.9969781739378365
0.9935534774197665
0.9949933308558007
1.0013157739696288
1.0007832216442147
1.0013175560978327
1.0011270175660099
0.9995422597441936
0.9996537782613799
0.9996547884196935
0.9994237300408096
1.0006251733631413
1.000977840541376
1.0011809107275624
1.0006117888152737
0.9920340239419437
0.9924543063424678
0.9971042102176529
0.9918061090680309
0.9961926142487373
0.9990227152594955
0.9969905772923308
0.9974992167255861
1.0098823628928146
1.0109762230735506
1.011926542580569
1.0098428964315946
0.9967019249872621
0.9974921666997345
0.997216818273499
0.9972593387682182
1.0019256923302609
1.0024037621891164
1.0022819128018723
1.0023137944923872
0.9994055933906063
0.999401369730955
1.000037507596777
0.9991618008625769
1.00228797824333
1.004439016051588
1.0122884292413927
1.005934585449117
0.9971630320777509
0.9981949268165367
0.9970346520425354
0.9983233692368253
1.0007228356685398
1.000644516749303
1.0008460598260174
1.0003971343947409
0.9999825163766336
0.9997319282605149
0.9998385344316674
0.9997586787119552
1.0001139947527158
1.000065651211323
1.000080248737216
1.000049503896664
0.9999099324774265
0.9998201081531698
0.9998555484851404
0.9998789759888346
1.0015970409910098
1.0002647804050917
1.0002277595261977
1.0008566711382185
0.9905343357695643
0.9768303802314103
0.9832574429153536
1.0071601703855178
0.7309273592031686
0.8584590802090611
0.7386157017537064
0.83490515874822
1.0628779778042872
1.0424887563563179
1.0826603657910248
1.0410203910025233
0.9910556502299295
0.9776503948380535
0.9892427632591099
0.9817567915358597
1.0420878269446243
1.0423949197036733
1.0184844379785651
1.0346595044558373
0.9948293857482391
0.9910813429196903
0.989125100822227
0.9848102243725531
1.0029483828832508
1.0023399569266014
1.0017979037007498
1.001571247666933
1.0028438828888282
1.002613163882579
1.0056630710955918
1.0085975225686516
0.9971742760166843
0.9971309270743124
0.9994627825358657
0.9967098237733617
1.0021758598444572
1.0020352164747062
1.0030658310440925
1.0031169443431969
0.9844333640574325
0.9872486668375761
0.9811401162832796
0.9775666580182287
1.0583055946338753
1.0695800745123454
1.061600616539709
1.118420451784475
0.9659845048775064
0.9804604865306229
0.9799908900180743
0.9865464360593785
1.0020437875238155
1.0007002451076676
1.0027235112310928
1.0031642094310769
0.9944547656883514
0.9967734333306503
0.9954349028502453
0.997403981959052
1.0008678949808396
1.0010502258138048
1.0023052817779625
1.00125480015966
0.9970526691626863
0.996278044448794
0.9969093854965512
0.9950238840071206
1.0272786997953824
1.0348631574361484
1.0229929571942444
1.0385794590044801
0.9817560102879405
0.9858710236269126
0.9900486272983575
0.9899745557484687
0.9992225306380907
0.9997257525599562
0.9989099043873751
0.9989725993463434
1.0173689485753192
1.0211784264208899
1.0222357291454114
1.0280092436471626
0.9879244040733991
0.9890822851579102
0.994272764290608
0.9932385547342734
0.9980425327485022
0.9974183875143137
0.9983600543772885
0.9920350404846376
1.0202947176775257
1.018397398846354
1.0090121786635502
1.018769527016598
0.9755446088827758
0.9613628733977257
0.9756292218887842
0.986939811000777
1.0055155751332316
1.0068963920729856
1.0079877189193058
1.00426591061945
1.010338209339597
1.0052922021517132
1.0062087835762668
1.0041473849935207
0.9998222375062785
0.9999038100351946
1.000316309316656
0.9999131199803225
0.992707238477805
0.9938652465386615
0.9901271515821499
0.9975813023973844
0.994737841236951
0.9968136004924809
0.9879060509891129
0.9905435942398609
1.0245792122674096
1.0373588696200464
1.0576638827659037
1.0943435239141883
0.9899490372068662
0.9899667578272859
0.9850357639851346
0.9993859844248785
1.0298272853032029
1.0216241477802621
1.0076061533918759
1.0121829097612716
0.9300199087964013
0.975591535832079
0.815497898019195
0.8549776262361448
0.9930198304757257
0.983734320785754
0.9839848993927987
0.997716579899586
1.0285479936874375
1.0355808242144322
1.021051460266794
1.0353189150820192
0.9844591704814913
0.9680930196002158
0.9706443734396252
0.9525055013404706
1.023203635196489
1.0248668935019922
1.0218511570106754
1.022448866676815
0.9946434520803267
0.9943561148378801
0.9922541936056112
0.9914538915694677
1.0028788236292723
1.002480861213216
1.0019689140822101
1.0023103436738796
0.9993493033341664
0.9998916162445955
0.999472748542553
0.9992883489542699
1.0001535311657817
1.0003897743909147
1.000533362742625
1.0004035422454103
0.9975016929403829
0.9958053371887786
0.9975811055271344
0.9969739580455401
1.015392775298709
1.0135002503387847
1.0253815411514076
1.0333938712165172
0.9936648778700864
0.9938023950819721
0.9965785245624045
0.9956683494389413
0.9945244166290625
0.9935353193715833
0.9953416761775422
0.9898697330199328
0.9960498508827689
0.9877805343664108
0.9916918358604713
0.9844032386278156
0.9975186742566029
0.9989791747178405
0.998361089860205
0.9979127047811731
1.041575626296296
1.0279613509034318
1.0557033643950737
1.073453040542238
0.9870640795846974
0.990861813279556
0.990106592084969
0.9897768490514128
1.0026358677708653
1.0026732594430146
1.0020748315351027
1.0015401479164463
1.003804137298677
1.000787906401859
0.9998285073816492
1.0039382857236083
1.0068173282499764
1.0133343750621473
1.0109843110890655
1.0015808857304176
0.9979002521365337
0.9996409049927986
0.9986694294980945
0.9993964641789155
0.998151552229028
0.9988168201658124
0.9988950794132615
0.9990042473529828
1.0180676281576826
1.0168682111117802
1.021205150217164
1.004009129379819
0.8922697525678822
0.9374908736362868
0.8527342552479329
0.8733110548665707
1.0712158594361467
1.027484636135893
1.0377884551252323
1.0353880482154894
0.9660360795950753
0.9762821855145255
0.9616105009582425
0.9736859418649428
1.010871036787873
1.0223588284335363
1.012425827316171
1.035181126215415
0.9922950451901987
0.9933107003891382
0.9935451006739803
0.9957233200298505
1.0015687635586301
1.0010847919215928
1.0009243979063642
1.001544789302591
0.9993559035170565
0.9993505270606694
0.9992327412130299
0.9992004946306433
1.0031584633433595
1.0021564589863237
1.0016422860705163
1.00276211704194
0.9869063880775963
0.9916808505777083
0.992431106940957
0.9866612219463461
1.00841944442978
1.0104214219331744
1.002090144636171
1.0074236943777106
0.9980410708855354
0.9988292278889609
0.9970922641245121
0.9986196516707914
1.0005475630086382
1.0003612011593406
1.0006046551871812
1.0003128751712445
0.9999430536197651
0.9998835591593608
0.9998952314229583
0.9998889344838725
1.000041648617511
1.0000545027469945
1.000036788908591
1.0000319339551267
0.9999482276545618
0.9998790268171094
0.9998576673433492
0.9999122111442197
1.0004374614347418
1.0008044910680696
1.000448749124794
1.0008206664823778
0.9956612300727502
0.9958996598710506
0.9923707010979296
0.995799839507374
1.0305526841093344
1.009344311832037
1.0499952277724194
1.0310580553997704
0.9932025489619482
0.9898726039926926
0.9958927440156001
0.9933826486121646
1.0013372746000626
1.0016233324484018
1.0017728274340172
1.0024329212185294
0.9970130189902753
0.996851614653023
0.9966867042295461
0.9987701780809701
1.0140491508039344
1.0139587570782385
1.01239234765294
1.0136379655043186
0.930198229240835
0.8802288137305518
0.9425889560982768
0.9272869425833444
0.9829726174481062
0.9375409790721085
0.9581980592258836
0.9490352774350691
1.0106777642914542
1.009441763400918
1.0067313520296692
1.0082594153350017
1.060741937310278
1.042156256521728
1.0344417665724246
1.0512707761999818
0.984803626048634
0.9844349208472197
0.9921654856542685
0.9909842914471354
0.9984197654874437
0.9971968289236856
0.9992963490700087
0.9976767141235245
1.0032797425396758
1.0050995405932144
1.0017057032768184
1.005647083141981
1.0017079071914523
1.001292288759136
1.0009400192721165
1.0003760796640022
0.985750741103819
0.9901517897132109
0.984141524992304
0.9927341422560712
0.9956502055878094
0.9963156212735639
0.9969746816302962
0.9888532631076993
1.0030550856156242
1.0023196397790162
1.0023612581547947
1.0019078328964022
0.9977155207035651
0.9964381643884359
0.996394713687773
0.9984164711692267
1.0092944074459824
1.018146088289171
1.017654937921924
1.0276121909960065
1.027742974712822
1.0526547420731627
1.0335640186071302
1.065823375098245
1.0005916313139913
0.9955326245314613
0.9945125754169729
0.9994683337489966
0.9998291970205294
0.9996873325308716
0.999727601764297
0.9996022198232565
1.0036377033382669
1.0020111036977655
1.0053063862325966
1.002982364810353
0.9300979256385802
0.941525788117977
0.9356372062609499
0.9787808565994421
1.0024509257838436
1.0032720462788018
1.0022207502446665
1.0010856207415881
1.0000042043612605
0.9997575671599701
0.9998101630286911
0.999873945738517
0.9979093051769643
0.9986656376964022
0.9982106264334785
0.9986464102794763
1.0119866245376903
1.032334460134532
1.0098979771694938
1.0308218464175696
0.9920191222653195
0.9918364671141255
0.9944213317110797
0.993528694986958
1.0045343116142313
1.0117442277759874
1.0093259200033078
1.002990191742609
0.9773199412036633
0.986958163534226
0.9817026655841301
0.9839449359698911
1.0044817366658956
1.005072662743971
1.0061130407913015
1.0028873167947687
0.998619074638579
0.9983554504446952
0.9984494527582461
0.9981492154542209
1.0005766441432185
1.0007637086830137
1.00101354974217
1.001019748146113
0.9966087057862789
0.9977331175288757
0.9960088334268308
0.9973940803938649
1.0078827637270333
1.0168816919903756
1.0094099829858052
1.0073213993181704
0.9632623089349635
0.9685878056539622
0.9527428617749576
0.9644637392358715
1.0164717018108236
1.0207414127912178
1.020458718540647
1.004711601127087
0.9962166773896726
0.9948767250119482
0.9946505048311084
0.9971602997457307
1.001912967044383
1.0046523753789434
1.003342625468512
1.0073003565440632
1.0101267225986306
1.007182836337136
1.0103966296425277
1.007491449818825
0.9977833121325324
0.9976443460722871
0.9981864339201724
0.9978309043318956
1.014610262135193
1.021850574157183
1.0058557495582419
1.0088283837487886
0.9391690859083899
0.9259750094127219
0.9334630595969636
0.9020961932865416
1.0488443685516575
1.015871043072187
1.0402055777630201
1.0310850782690413
0.9692858868444448
0.9818939791010655
0.9762811630177947
0.9683902912964009
1.0269698757832768
1.0262481344881804
1.0178059570609894
1.0382373497622543
1.0060874212440476
1.010984264784054
1.00982375839686
1.0181162647196806
0.9943501067339608
0.9956087290746073
0.9946927852322103
0.9963900628712157
1.0121963083076568
1.0075631326447685
1.006757613289202
1.0298386013464635
0.9829183982367474
0.9880960259713178
0.9820419660986291
0.9803799559428629
1.0273412938669024
1.0440649155647228
1.0306927684898575
1.05069520766938
0.986923886370704
0.9892724333467932
0.9963236081148478
0.9974694477878296
0.9800189072955974
0.9893585274575739
0.9970651366901414
0.9733101476151431
1.0023089739329736
1.0037230839015374
1.002289686087015
1.0046863478829258
0.9985194428477612
0.9982839741286624
0.9977170825054986
0.9976873630403694
1.0105188873489428
1.0133008714798701
1.0031060967897236
1.0129890739403913
0.9794029717630723
0.9882078264422017
0.9747732980201741
0.9777676910141804
1.003412524387568
1.0042539423387804
1.0028018500496994
1.0045276024879009
1.0006273079486698
1.0011475014013074
1.0007624617909783
1.0003031568277752
0.9995699550861288
0.9993264626388709
0.9996021780466012
0.9997060460062425
1.0024910760058134
1.002726488500339
1.003064373070752
1.002666875951534
0.9797139731495523
0.9907853047468891
0.9868252369646102
0.9792262360077956
1.0033416427732078
1.0022730750289608
1.0034870518381909
1.0053734025785017
0.9963424811748349
0.9931941905153411
0.9950219092744041
0.9974805615133967
1.0147163236663346
1.0377822441506501
1.0123891765495074
1.034369097090042
0.9554910116731151
0.9762756297138455
0.9234779709492127
0.907776323695278
1.041765745587723
1.038051895210685
1.0319056941818676
1.0302196510084747
0.9922600108372075
0.9969465262253646
0.9941383268487131
0.9922613439553816
0.9998561179161121
1.0000081041475959
1.0000286942127143
0.9998804841531094
1.0147058958995792
1.0105320713498627
1.0103689825364388
1.0039190267833247
0.9977000312828683
0.9990116424251579
0.9983750787850453
0.9974599102785484
1.0009632342719492
1.0006755624410772
1.0008908790272055
1.0003298728373236
0.9998734270219715
0.9999335738936599
0.9999313745031015
0.9999447133889894
0.9998116189129631
0.9997104600150633
0.9997461623948365
0.999726651902535
1.001449125285557
1.000985456066261
1.0012515008706055
1.0014395880070737
0.9943082209824465
0.9924661288022544
0.9924858007415739
0.9933507106022396
1.0061310711865339
1.0090834138474392
1.020979700952623
1.0199785318182244
0.9976523131423712
0.9974956251275464
0.9959224559695923
0.995895718892726
1.0000533458424161
1.0008534259654813
1.001228909266901
1.0005960693244542
1.0007802048095473
1.0006905796864958
1.000685712866201
1.0004644214195588
0.9945530239866469
0.9865753991411996
0.9914529074438618
0.9870780225959833
1.0033633501176202
1.0029873133214302
1.0040158160187478
1.0039707785853451
0.9994315891395459
0.9985242462377694
0.9994248356655452
0.9990755859597599
1.0003549556074984
1.0001658712428394
1.000192892118503
1.0002421844002143
0.999843171450773
0.9998767083151656
0.9998695874657592
0.9998186247867098
1.0006920376955217
1.0006912323659822
1.0023541643284255
1.0011075280451864
0.9993570916302236
0.9993770298566308
0.9994375682162732
0.9992002529477335
1.0012435095278613
1.0042636284175912
1.0024879351531828
1.004916714561055
1.0030699360941226
1.0016978974044939
1.0018297437929202
1.0034143417158787
0.9913621043408524
0.9467487019916797
0.9721569857010507
0.9644123134056133
1.0062207098041263
1.004087290218852
1.0076241126655603
1.0040649147923144
0.9990130045604593
0.9993575330086649
0.9998375961514276
0.999388850791136
0.9968499191890816
0.995603473536963
0.9949556780401357
0.9952251851450106
1.0112880620127371
1.0120103467504697
1.028084744231624
1.0279890691455564
0.9990360652709944
0.9992186470876283
1.0011092551781375
0.9993950325439823
0.9992291896958714
0.9992441599835291
0.998830749506319
0.9991548922400482
1.0089080470788336
1.0084427348329343
1.0085930856627057
1.007915735593977
0.9821111631936144
0.9682373620353711
0.9580203200461256
0.9530749899139186
1.0073874764830375
1.0151681303206355
1.0126128079248806
1.020038738511343
0.9918302807285267
0.9831472373291559
0.9877000186994876
0.9860710605621326
1.0013972784662093
1.0010134463112703
1.002836874990418
1.0028993822686962
0.9998705828245957
0.9999899167596012
1.0000219236792913
1.0000136957292833
0.996467156209714
0.9976034451752288
0.9950893106284795
0.9983989379895868
1.0014534664405643
1.0019663151010925
1.0013827289088126
1.0021989329422563
0.99130403628774
0.9946105972665803
0.9818912151815508
0.9913780246107097
1.0021836329368339
1.0038713839893552
1.0040763605686451
1.0022404313632642
0.9995635659253046
0.998910022018229
0.9992693834303249
0.998861689846523
1.0002996099309136
1.0004498819978873
1.0003102990614587
1.00042375804894
0.9996608139888964
0.9996790871614265
0.999709740573031
0.9995410166325306
1.0032168756498319
1.0036125495190737
1.0034418088407353
1.0012379048486233
0.9996828924796669
0.9998010058558244
0.9994081193386889
0.9997271699442314
1.0001358506214535
1.000044543826867
1.0000944519190205
1.0000901889859042
0.9999954325688545
0.9999934605547999
0.9999946205157471
0.999996173413182
0.9998808403560255
0.9998175494190182
0.9998102596748253
0.9998524039140063
1.001120911618521
1.0009833754060649
1.0012761651924453
1.0012178225370822
0.9997563701954585
0.9992906217734401
0.9992374245767351
0.9994364772332133
1.0037333835946873
1.0032196806106017
1.004417756770238
1.0005486469414129
1.0042227407261242
1.0047151736815656
1.0023681937949114
1.0040419521342618
0.9855955921726689
0.9818491582219423
0.9584610750771537
0.949099984922932
1.0761473902199339
1.1049455685852962
1.0599224493951895
1.0475885344669207
0.9848906155255751
0.9736877073640182
0.9885624754987477
0.9832782838487854
1.0184207089492816
1.0294280349432465
1.0118622689969132
1.0332049718587584
0.9927258250689149
0.9961417960940078
0.9940282649592259
0.9939274313332025
1.0028841177653995
1.0039744272294442
1.0014083031423882
1.0030514322544655
0.9962565306199828
0.9985649968495178
0.9956995792456518
0.9928712080745904
1.1064376355910872
1.1108936263441251
1.0353815142339862
1.105768020580562
1.016352170245626
1.0112732620504812
1.0222837443755324
1.004725389061038
0.9971158122781174
0.9976706819881227
0.9995024039295317
0.9976432204569272
0.9987367150333604
0.9980203250226177
0.9989156468763393
0.9977345319754171
0.9984839553035794
0.9987844821882155
0.9986193733829961
0.9982910164756078
1.0093541528100174
1.010261371663481
1.0090970232612806
1.0044072832472766
0.9829996507720395
0.9611806191520649
0.960998320026406
0.9357072899811691
1.012695345248339
1.0201626768198415
1.0192431465808875
1.01945104727323
0.9997298035051789
0.9995455937934906
0.9990581801671388
1.0015943429986018
1.0001958020771455
1.0002134930362163
1.000278835507379
1.0002131113505242
0.9983367728209948
0.9986836023446255
0.9981161182041143
0.9977886282250563
1.0206868264779811
1.0375227962703912
1.015007119382037
1.0187692756612876
0.9935207018763198
0.9926733540949056
0.991793021783411
0.9934987462165098
1.0043698294532044
1.0141081668920773
1.0172322697244067
1.0097240762132866
0.998714258053934
0.998335343638993
0.9996136942817265
0.9996998124131887
0.9593491484345721
0.9899536473385276
0.9664778725503058
0.9799040193926906
1.0060444522460557
1.0056578198410084
1.0061692397867794
1.0052775745956941
0.9988297524808186
0.9980224577819267
0.9986151904232449
0.9986179375164017
0.9987265554790486
0.9976880595061669
0.9971631988198074
0.99845512493691
1.0128992540962711
1.0103744347187826
1.0245350022225927
1.0240029064863936
0.9973034785145399
0.9934346158983903
0.9928665313554337
0.9931721723460862
1.001192927649374
1.0020334855485493
1.0007296473776155
1.0007568262335773
0.9984592386984296
0.9984138821081847
0.998499977065788
0.9980118938573765
1.028191701734599
1.026540161892714
1.0047013890063903
1.0195403162567116
0.995968562202069
0.996969443094561
0.997524045519336
0.9956282471256155
0.9936583714577061
0.9921277911365605
0.9938904651737965
0.9837761167736561
1.0066255841722518
1.004290210782174
1.0087766812555004
1.0050811387237844
0.9985401066817984
0.9991909638276173
0.9991897234231945
0.9980765784509101
1.0001620039248147
1.0001754279526356
1.0001033514305058
1.0000755527556928
1.0013804091872514
1.000117249151765
1.0004548356165566
1.001812355201507
1.0002293997599188
1.0001024323213739
1.0060342051698354
1.0073179177355298
1.0079446683571325
1.0221187047803484
1.022014115512289
1.0167532039091347
0.9903923357202493
0.9962569583394885
0.9956643666840618
0.9987112290002251
1.000986650202871
1.0003933679050432
1.0008979460670189
1.000906653875101
0.9959916867025153
1.0001622864386992
0.9971517413711022
0.997860823433006
0.9787692918146049
0.9902640334777995
0.9922959464811223
0.9818182814480406
0.9817214128874381
0.9928332594588866
0.9816880086304981
0.9802047154438132
1.0191672092179207
1.01493067550478
1.0242985766868689
1.0155531231942694
1.0456594762685238
1.0441432687379701
1.0426697205528812
1.017598192122995
1.0030661500729243
1.0019753035088732
1.0106304418187364
0.9999761184369219
1.0071174016160327
1.0076282266221552
1.0041663360901334
1.0049914304373229
0.9788651551317328
0.9728390135709379
0.9881902015909542
0.965908902067003
1.0103056704395388
1.0093190972595008
1.009618245623024
1.0091724398093134
0.9994239724889841
0.9984634973043639
0.9993164737048227
0.9996614775549768
0.9863923851552676
0.9918022477041862
0.9908834097512158
0.9863502153896616
1.029633308456914
1.0358373958849243
1.014473219031634
1.0468991473042095
0.9921994786246374
0.9893544015684612
0.9941240866402229
0.9901595362375478
1.0039614567747615
1.0017650458935274
1.001212616515503
1.002285499196723
0.9994205352923415
0.9982303348217915
0.9981662123368795
0.9982356501376699
1.0049271970603815
1.0114276720705118
1.0108306818604507
1.0125104945932786
1.0225357755591433
1.03207262195656
1.0320280814602643
1.0125401579493878
0.9954370936703592
0.9922529277612351
0.9925100451809955
0.9949243836773596
1.000546581053384
1.0014268875968837
1.0015009215807793
1.0008429210893164
0.9997593353313139
0.9997564827653348
0.9997738885423906
0.9998457635358208
1.0000228434104994
1.0000477198299
1.000063388670756
1.0001342281008394
0.9997673139239351
0.9997093606109991
0.9995683567012015
0.999648577471595
1.0034367957725856
1.0019877654128513
1.00277493678583
1.00185511249211
0.9900567455626599
0.9929944957134993
0.984708502441943
0.9813058708808304
1.0025075538472579
1.002233254838384
1.0024294827508655
1.0006199982370634
0.9996106915041245
0.9996652509480647
0.9996169497781796
0.9996831617404284
1.0009788916769018
1.0007585881020444
1.000714643881792
1.000490080033008
0.9958514410335875
0.9953055948527285
0.9932121556280865
0.9918663831512091
1.036630492556366
1.02611795281211
1.0385590668568814
1.0352576749454088
0.9794195769384065
0.9781918710658996
0.9762126174125314
0.9696741972499464
1.0906807041560627
1.110752714633528
1.0148973276953057
1.071267998625857
0.9280730668705436
0.9277940610798593
0.9700018216113798
0.9058284105498386
1.014680620438661
1.010162793004492
1.0090598105460644
1.0107837312058736
0.9993477289804384
0.9978364528166286
0.9983659340298944
0.9992364073828144
0.9983225812058989
0.9984640427886781
0.9976880817321486
0.9983657482160427
1.0184630938650376
1.015557769376329
1.0158894015126791
1.0194617958663534
0.9959934240089973
0.9959288878750131
0.9969344371801684
0.9975505584028074
0.9810314566620724
0.9886283014560712
0.9941050477360507
0.9836522701394804
1.0061188228683589
1.003105975823686
1.0032836184846576
1.0053073266603822
0.9991354596248717
0.9991330971251535
0.9989460990812875
0.9987993444665185
1.0001879643258424
1.0003369062920069
1.0001683126099128
1.000336160926696
0.9996328462596233
0.9997633559606642
0.99968166050867
0.9997094794898033
1.002803012446539
1.0008266015922314
1.002362950848201
1.0026355000915845
0.989250867198676
0.9929194686751899
0.9914962670002205
0.9909113965257829
1.0580797375161008
1.0527652415635536
1.0458209041093351
1.0498794843218258
0.9664516765376997
0.9708344331541839
0.9822752560798315
0.9739427376575719
0.972165386410383
0.9684247705753288
0.9828366289203175
0.972975706410506
0.9998083660861496
1.001365348060624
1.000656721176157
0.9985959985979883
1.0012063037276426
1.0006537453354059
1.0012109076458449
1.0005006908412835
0.9943434785692791
0.9950440527729495
0.9901496121083021
0.9949495331034925
1.00339483177105
1.0024117138839037
1.0016930147440324
1.0019156311901194
0.9991739568019944
0.9993156712162754
0.9993144717271388
0.9996445538332124
1.0001923463023727
1.0000937327374688
1.0001447431317096
1.0000892547351699
0.9999717501141118
0.9999720119566359
0.9999696580564729
0.9999685183235707
0.9999708207643794
0.9999719873926878
0.9999632758089466
0.9999877135971368
1.0003129387333067
1.0003316660000745
1.0003318564721635
1.0003381425106013
0.9978994116647831
0.9978026457915184
0.9969193164044011
0.9972400184021352
1.0098716373096852
1.01152354653331
1.0144219711791522
1.0088685336446024
0.9963548033434633
0.9946526590376813
0.9924284461795028
0.9953720886830596
1.0169621277560579
1.017590554810761
1.024892610524302
1.0024711895185843
0.9940473222710442
0.9965876158430698
0.9896887517783873
0.9877803445090096
1.0904077837538566
1.0659867257226692
1.0176669610489666
1.0899584065085677
0.969681617811464
0.9796691684468997
0.9869777722666249
0.9579056889922101
1.0100155336319552
1.0103599370827026
1.0127763802021161
1.0138057434369256
0.9957147017941271
0.9958920442756966
0.9975659303567038
0.9973323737332804
1.001913736159605
1.002053414154169
1.0015720625839244
1.0015997047792236
0.9859982692156267
0.9896117675105466
0.9865450020005154
0.986946971280923
1.0037731021739105
1.0040547066132444
1.002298250218514
1.00552936474734
0.998917508565851
0.9963248695206943
0.9979805895518238
0.9988701313906891
1.0001073377632421
1.0000906263903793
1.0001520350263116
1.0001519147031606
1.00098257483336
1.000759410819653
1.0012426432120958
1.0011324302759605
0.9960299746798734
0.9944282581476772
0.9929979571573097
0.9940669618900372
1.057749886310958
1.018160903446219
1.0272809118516097
1.0546006235016125
0.9725043954395367
0.9841157630807398
0.966667107812134
0.9856142398647506
1.1000181272817748
1.0436485283660741
1.1752942957993204
1.174407415608336
0.9794001969782168
0.9813391516493382
0.9677101028729163
0.9724959955152755
1.0041747157831635
1.005663797811616
1.005326513022694
1.0066959253457777
0.9989956190475358
0.9978447584110827
0.9990947871638608
0.9989351197337235
0.9979049633498971
0.9982103928774836
0.9979763521459152
0.9968174650626993
1.0005094013805134
1.0002927447453582
1.0002670855315217
1.0004782249827762
1.0009839762589965
1.0004053197186966
1.000918603200922
1.0007682439457872
0.9937505132808319
0.9941837417339394
0.9868873189169418
0.9935864444364059
1.0568393600985981
1.039951256918349
1.0247639137661158
1.0592770187947238
0.980992144192793
0.9916074804169163
0.9824135214637344
0.989435532769369
1.0000992589813529
1.000130814046882
1.0010141499914613
0.9993747651015337
0.9936990350835622
0.9944809875196117
0.9910190379511487
0.9920165788208479
1.0034519230718941
1.0018983172524827
1.00314492738934
1.0028401867457364
0.9970529829676418
0.9980509259772767
0.9966218663676756
0.9976545540465815
1.0322590481304053
1.0159493278681448
1.0362875212971074
1.0326091335490837
0.9918751765501619
0.9891196393138191
0.9923224343775284
0.9913756428414219
1.0078634171461782
1.0064385602387005
1.0098903069070337
1.0061939261461965
0.9882251676621938
0.9908445203942091
0.9870246652973619
0.9944732233485736
1.0455631371182899
1.0504183390114816
1.0451222382858276
1.0532342454459964
0.9956797117186024
0.9985849201753315
0.9971869207941878
0.9941023809918927
0.9516711498614097
0.9644497278743163
0.9811052245591138
0.941558691487336
0.9885885512585497
0.9964599722821329
0.9887763103224024
1.0003804459902728
0.9918793871368344
0.9893294851030959
0.9898273530279373
0.9876718033580942
1.0879179194576651
1.0737846604149601
1.0696035493996674
1.074779725060416
0.9847920203871582
0.9793099739434478
0.9803985276595825
0.9681221726954908
1.0080055624306559
1.0145062800733151
1.011855504521187
1.0121816886382589
1.0136746528125504
1.0186686974637995
1.0120632509991794
1.0309290146555516
0.9917584595483253
0.9907353352570235
0.9895819652983495
0.9907229327550678
1.0069352339505606
1.0145540447045247
1.0076244871936482
1.0311754222588063
0.9928590444774338
0.9931085160505918
0.9957615633024329
0.9922205231915732
0.9944513986025769
0.9811349059785471
0.984971978301556
0.9863575600582045
0.9867640794258972
0.9770049604219342
0.9797302042091836
0.9727320902850962
1.0202848438199212
1.018211607834391
1.021333933117875
1.0164466642707664
0.9931212451233105
0.9948441173501784
0.998441445364346
0.9949138185030896
1.0012471630514974
1.0025659957827269
1.0019851367801318
1.0016157254039357
0.9966303665354698
0.9967010836284808
0.9975627662872564
0.9970451652751031
1.018750192386012
1.025592636516156
1.0140484296847072
1.0189572879118343
0.9252725762774349
0.9028473124558102
0.9052402955349913
0.922839474278287
1.029094760842339
1.0387491645511377
1.021124046627599
1.0399598170008277
0.9891106370186213
0.9906518649352769
0.9874463854897548
0.9855053383555609
1.0053046244588437
1.0044355493594264
1.001580796705984
1.0049145619949644
0.9992190819585512
0.9990162183766063
0.9986127121709095
0.9984187798653263
0.9993567118298301
0.9995043445560003
0.9994411134955136
0.9992379542471708
1.012262474521881
1.0075361088230403
1.0093989671176693
1.005899624104805
0.9428275011077228
0.9586546242770221
0.9922764574683697
0.9506555677418808
1.0010491006432696
1.0041403170350296
1.0002982378852618
0.9958180037333804
1.0256274589241896
1.0701679728708677
1.069156398477628
1.0695809775232312
0.995780518949173
0.9868574742653192
0.9832277874556499
0.982426848709648
0.9993891677984923
0.9999374982468895
0.9998740802752706
0.9993387684291223
1.0245335692140087
1.0155174453606106
1.020361279840719
1.0211563812430038
0.9890990301752747
0.9864295048931916
0.9900631903224497
0.9824317050761333
1.0317350205287195
1.0529694577029134
1.0535051951311725
1.0405159067874878
0.986561845533075
0.9829375126326887
0.9807513217767415
0.9958718464288555
1.0302937201835924
1.028362980886248
1.0307509932162333
1.0208902488524028
0.9967266160089867
0.9972124033769222
0.995521856802877
0.9958530302414167
1.0024713090785438
1.0019341833010638
1.0016557515067988
1.0022479224947358
0.9917546069756824
0.9931529906333094
0.987813393588754
0.9930772088889677
1.0339854745436294
1.064079660238314
1.0876883503887107
1.06154158576109
0.9880151918372615
0.986789312645264
0.9898286534808468
0.9856554380597904
1.0024733172028304
1.0031446095751078
1.0044064043645236
1.0044042668294242
0.9987102779740832
0.9979581432914999
0.9993653203940526
0.9986334172248874
1.0011476785311846
1.0017575274611221
1.0021889455483273
1.0021266460190836
0.9963204538369677
0.9922808397628679
0.9908895266830702
0.989627505536202
1.0644034450817492
1.058561837001806
1.0596343298156679
1.040388913465194
0.9154453275065304
0.942122230896499
0.921703485464095
0.9527644349958402
1.0423777896435378
1.0297015579405475
1.0118125904625377
1.0307006471169204
0.8016820305218817
0.9253566447719219
0.8131577777866723
0.7838669898573745
1.0687372768774857
1.11105523439857
1.1237967765713475
1.141426899104234
0.9902420341187472
0.9943265102776914
0.9925627600549283
0.9869259206479924
1.0001018312237626
0.9980186614119738
0.9984884424926483
0.9988388576459131
1.0716712900776415
1.064371591959222
1.0234300565760888
1.08031448036908
0.9694792541374831
0.9586292839201503
0.9831569062627845
0.9556401001898019
1.0125103074159243
1.026779406170963
1.0388014618029138
1.0474799595993083
0.9950166187944011
0.9962494138939004
0.9938177434093118
0.9888106261114376
0.9972510793974059
1.0001239484685487
0.9967896175817225
0.9979862276171346
1.0009191149315795
1.0008911141228043
1.000784801150573
1.0007459817650453
0.9986522868616374
0.9977937373120105
0.9972379427304506
0.998100012025381
1.0099321001215502
1.0126466803787009
1.0109612673114756
1.0032601666054706
0.9990539259982405
0.99861018267929
0.9994011324272052
0.9985536169305467
0.9982367643475892
0.9992996981048361
0.9988772728940991
0.9981391495016971
1.0069196122992072
1.0106568171463801
1.0087964604411988
1.0147250551179927
0.9975727457180926
0.9976205668341382
0.9990193402712741
0.9979954014596303
1.0009556436101423
1.000814317890812
1.0003669025802144
1.0010157243428521
0.9994376292976676
0.9991521054551601
0.9993779939151632
0.9995555166913107
1.0028784567304898
1.003685919575982
1.0038854497601073
1.000310418370763
0.9873292112181665
0.9894761572036671
0.9820347551655089
0.981043377652053
1.0060666686975304
1.006290659002669
1.0050873259928852
1.0031443913027003
1.001427698653892
1.0009829729881363
1.0011621382673759
1.000627036160225
0.9834439067052478
0.990835521050119
0.9886532294072693
0.9821223823123687
1.078071975037803
1.0615772952874218
1.078480949081836
1.0555621251610687
0.9858662519269382
0.9855182975235244
0.9882495741845768
0.9781934156605603
1.0042072846222534
1.0041182878149664
1.0038521825949085
1.0035375417217351
0.9987359059048658
0.9986872517776105
0.9986891106715293
0.9987839002838642
1.0003808653517614
1.0003666062822474
1.000067857078018
1.0001671440516509
0.9999802367338845
0.9999534665655163
0.9999493880129926
0.999977365810036
0.9997886002762081
0.9997996107502336
0.9997781031614973
0.9997673470767069
1.0016486638524575
1.0018333021744679
1.0005592533398573
1.0018891553954425
1.0007219733661357
1.000430587105734
1.0004276608685485
1.000654689605943
0.9912641762085868
0.9925460582419239
0.9908797798204179
0.9950459200143513
1.0436061359587514
1.0558250963110707
1.0171643371877972
1.0534770812374668
0.9297838554707614
0.9391629479318672
0.9584302597236904
0.9564152717947647
0.9810658416604412
0.9888144361133824
0.996023647257819
0.9710172834147683
0.9931391588884751
0.9898101309932645
0.9949027320672374
0.9912455779493772
1.002674759307766
1.0026309806831566
1.0020266221837133
1.0017592405505455
1.003210524133881
1.0021777119029174
1.0011295025615679
1.0027659254752093
0.9829103256579146
0.9863025137568707
0.993680678436344
0.9827208382051207
1.0036374412249671
1.0040927038069616
1.0045056497366265
1.004444688337457
1.0094060791406427
1.0060233879687313
1.0067738569798286
1.0123526674839822
1.0012444019967903
1.0013748385671666
1.0007198245667057
1.0008069438078444
0.9658368249395827
0.9768240005690347
0.9606181612245186
0.9786973161933492
1.007189239285206
1.0089508722282508
1.0144258066384928
1.0040073146841095
0.9978071705002948
0.9974599407543912
0.998034370135471
0.9975193602153147
1.0007579464444034
1.000511508684146
1.0008450596674119
1.000724244338664
0.998345839301661
0.997609043559201
0.9970636387353319
0.9957729509154758
1.0007996320637675
1.0005016978579724
1.0009817490380084
1.0006357275478615
0.9993073249274086
0.9990915832237677
0.9990112059595279
0.9991708057045472
1.004689032797113
1.0049157510447007
1.0055897878152134
1.0025902945258738
0.9894646320790588
0.987155998158102
0.9816067924284326
0.9884114985385626
1.0015067059482485
1.0018063860952677
1.0017923944785312
1.0021839949761002
1.0065894970273328
1.005734051146345
1.0034989998870016
1.0086958743239827
0.9982661376391758
0.9953831444660728
0.9987953374422573
0.998407617691248
1.0033697965574293
1.0039102337913943
1.003280230249825
1.0037960872190839
0.9838332502761449
0.9883704494396566
0.994982678389235
0.9746985420831131
1.0014607996082427
1.0016509028754046
1.0023296843306508
1.0011895223113911
1.0363423515144794
1.026334414882266
1.0144474849406442
1.0081803025043619
0.9985481677534833
0.9978863400500504
0.9974102106722298
0.997766513852564
0.9991060238008234
0.9994140171487322
0.9992617169145741
0.9992004712517002
1.0093943278383577
1.0135302778805875
1.0061644576434103
1.0121254021575339
1.0144460851881842
1.0125300251531009
1.0148165463035042
1.0098053021074713
0.9907513746619696
0.990663464737213
0.99356049184283
0.9874245861550572
1.052219452210686
1.0830699276619975
1.1203535134981388
1.0859324714252439
0.9754634825525375
0.9592660072385952
0.9742247171264531
0.989356674949401
1.0064738921205012
1.0039698695314017
1.0059524639899668
1.0029005156564916
0.9932974426710812
0.9916527459548089
0.9908847296159919
0.9931277237279333
1.0263902981414246
1.055265874882305
1.0149468493560772
1.0456667793697214
1.0305211979510136
1.0388547179504957
1.0175724084020437
1.0500201301853298
0.9926840315342959
0.9920089768371786
0.9885488166730728
0.996944509697011
0.996178076095112
0.9975047069550759
0.9951894266708814
0.9957040481237379
1.0168051110984098
1.0206681481880078
1.0168700026185271
1.038044277273844
0.9866522596835017
0.9814108655583741
0.9913523752478564
0.9779237239105402
1.0069540825015
1.0067731701335856
1.0052833231818836
1.0044154247227206
0.9992862736091167
0.9979645485516853
0.999180537435103
0.9992572127982213
1.0002709249260497
1.0002345536423536
1.0002342447940074
1.0000351192863783
0.9999812382503414
0.9999647180352804
0.9999857098289439
0.999992825002541
0.9996285844450288
0.999558253382861
0.999611072278543
0.9995005638789201
1.0029719429592994
1.0023756238008512
1.0027129449640046
1.000712212846988
0.9899293439641174
0.9887261457480087
0.9817782595614524
0.988175083232264
1.0418085276057174
1.0325536124720234
1.0285981595466986
1.0506632110805072
0.9910635799786136
0.9904839721758777
0.9935131976031875
0.9867348867120408
1.0014460527624531
1.001612899129475
1.0012561520922543
1.0010583465936624
1.0027065007579459
1.0050110830208976
1.004394618300159
1.0027577120685907
0.9950994174397433
0.996380056146885
0.9971893084612699
0.9952969941771506
1.0473288280659347
1.034386469842158
1.0215887825318488
1.0414512143751946
0.9868928844074508
0.9843905196824051
0.9792741925132438
0.985233566861761
1.0338683269377307
1.0347170626251097
1.0429029356505186
1.0108778686909363
0.9985490081235859
0.9943531533314826
0.9949768320830281
0.9951723276746924
1.0006997127464463
1.0006376694463879
1.0008063005755348
1.001216772936318
1.0011457227195513
1.0013115677004976
1.0006953500127205
1.0010914766556014
0.9925407220667333
0.9908591540414449
0.9880145132819924
0.9957539216487152
0.9984718136639673
0.9996649394009703
0.9992493667563332
0.9994810329698404
1.0092807576681344
1.0236435753456294
1.0228242820695141
1.0099568842490316
0.9960329992567516
0.9938451101381671
0.9947619137954801
0.9958023876265248
1.0016653348513291
1.000937187909743
1.0013903152704184
1.0018516798337855
0.9996262049140109
0.9995539002907715
0.9997442690932717
0.9996023144549788
1.0000846258518052
1.0000279565456278
1.0000431074791778
1.0000503895836659
1.0002016537025795
1.0002365475657542
1.0003572834839651
1.0001429521436105
0.9983886036860519
0.9984758503569522
0.9991538334866629
0.9985087447539662
1.010518552075125
1.004435968928977
1.0123408408960666
1.0053964432940905
0.9986565930474873
0.9983030889573333
0.9986628996802954
0.9982652578891399
1.0008390687415178
1.0008830013476426
1.000925456460458
1.0009216964576586
0.9984224199386791
0.9979705249104026
0.9974643898087733
0.9972173827563032
1.0066527809370263
1.009351336831407
1.0287699533798895
1.004056074750459
0.9976578223130553
0.9978844240648512
0.9985143317205498
0.9974740344973066
1.0008195609258135
1.000448471319832
1.0005566523183218
1.0003082661240936
1.0003506300804095
1.0001904133200452
1.000222969245358
1.0002222900196178
0.9992378187286197
0.9928020952733895
0.9913723785689174
0.998118503801129
0.9861033079629653
0.9801851371564348
0.9887150155029103
0.9718669723124066
1.0262591207884773
1.01652397516085
1.027599969286145
1.0214519036332623
0.9912636657421836
0.9772975592873767
0.9816106983003661
0.9694530975947676
1.0097096447511509
1.0063714753111135
1.007282790116546
1.0111351514390414
0.9838396288438519
0.9958216937780915
0.9820778315797857
0.9797540817892397
1.0168818043697487
1.0085392284303258
1.0145169518341148
1.0063821462858011
0.9971635791784302
0.998169151834532
0.9962557551200341
0.9976312871196288
1.0042307500769756
1.0052343112823243
1.009053007658103
1.003953022847592
0.9986416354934974
0.9989656938510334
0.99860102093289
0.99825576733507
1.0001214036345847
1.0000652116422433
1.0000725754036721
1.0000752509039028
1.000102540460641
1.0001796480104101
1.0004997285983581
1.0003177105741259
0.9984391776134238
0.9987836680206941
0.9987933737228816
0.9987156742439114
1.0048317360482788
1.01165890108049
1.0132810676137156
1.0043712979375519
1.03900728101964
1.0442400278221518
1.0106385266872584
1.0444172057597725
1.0118541470125637
1.0175256043577816
1.0250059473732502
1.0238451748778414
0.9891227020435198
0.9908193278859152
0.9894009849510401
0.98656727234071
1.0546199389014397
1.0275915442900845
1.0274552993516801
1.045402363313769
0.9841012123810402
0.9742110799713855
0.9726237698013273
0.98086431429904
1.0071643136197719
1.006567323327158
1.004669246519123
1.0054268112553195
0.9993723435048892
0.99959025705258
0.9997535028817204
0.999610161742904
1.0002814454950029
1.000242306655857
1.0002491822768895
1.0001782134649408
1.000071647504941
0.9981718676298162
0.9988707620554619
0.9966734449084053
1.0097656039263905
1.0432903386917722
1.0337158664378316
1.0277053637740203
0.9742769261321074
0.9603802636774592
0.9483534324347481
0.9364075563786302
1.0104099556636053
1.0212658477761272
1.0134462354821143
1.015105632695067
0.9969343528481637
0.9983514144046324
0.9958337142302024
0.9972800855268897
1.0009110443242357
1.0008948943206266
1.000762277627777
1.0007003255924638
0.99988642098626
0.9997706427219685
0.9998079831542541
0.9998736370806511
0.9999833872824793
1.0004263371513906
1.001362231306427
0.999657883312692
1.0090666174407226
1.007555153649203
1.0097038282604216
1.0115085477933201
0.9972815198844809
0.9992673411051768
0.9993597287287735
0.9981398726885826
0.9937042371842822
0.994141531278172
0.9945531586260817
0.9965756384084222
1.006955784611179
1.0038023724726028
1.0031138773023744
1.0040258394808066
0.8980721077413198
0.9755091414005701
0.9444844588547996
0.9110998338852665
0.9947926809189847
0.9901943195650672
0.9828744766088539
0.9887670632812632
1.0148840579535627
1.0248276361307045
1.019578011673339
1.0059913112387024
1.0023888530495086
1.0023406794098513
1.0015645385386263
1.0022320297294336
0.9734062111736547
0.9831732483571107
0.987920152176253
0.9535640719249211
1.0011959209884649
1.001195502083197
1.0022703848383143
1.003862598466446
1.0328036602011366
1.014439107422889
1.0282474607026406
1.0323221618574776
0.9972219394571541
0.9976412818158288
0.998710748703493
0.9984243770973353
1.0003792594480452
0.999963214600666
0.9994146494992473
1.0001706691699594
0.9930735380476019
0.9921904569661733
0.993430492497254
0.9911330275651693
1.0581041835602933
1.0654162853119957
1.0346607808578923
1.0490992089420188
0.940525678791108
0.9487218239255998
0.9447775421132931
0.9400293442525708
1.016034191024711
1.0217978516519233
1.0185547724414385
1.0131408860799784
0.9958478863941529
0.9974353389006657
0.9978764104484847
0.9977992740002136
0.9917042187901163
0.9947138363127996
0.993437129430698
0.993744346892045
1.0010945824863804
1.0008426409046463
1.0013827096050887
1.0014614721600588
0.999739631529815
0.9994758763524587
0.9996282236614872
0.9997119000979302
0.9999874576640019
0.999970088025586
0.9999696016312172
0.9999772032244334
1.0010741452866518
1.0010430900379876
1.0013309600049125
1.0012276816406618
0.9971237536354937
0.997054935002502
0.9891164808138928
0.9965299866382401
1.001042800111031
1.0009199276919165
1.0011318091648724
1.0012269950351202
0.9996850860932599
0.9995940311624227
0.9998166328983653
0.9997086430409353
1.0000719685300257
1.0001337533745374
1.000082966393838
1.0000169762749649
0.9999942830384071
0.9999762248845695
0.9999844260721656
0.9999861911353718
1.0000574030887635
1.0000316811588368
1.000053553779909
1.0000390197907731
0.9998296618528545
0.9996697200440602
0.9996186695845556
0.9995374883220799
1.003470208099839
1.0045287419438658
1.0014888296666196
1.0069197210434908
1.0181004699479814
1.0198879471060431
1.0137824379108595
1.0242773246482286
0.950051167628039
0.9740828856419046
0.9506298734141242
0.9377539807073579
1.0062393253741693
1.010935018927145
1.0179870829201636
1.009900209262513
1.032633316774164
1.014968194323828
1.0225868423845699
1.0443577399750985
0.9908706537095171
0.9881799833407126
0.9913129776145168
0.990623678094055
1.0113993092959057
1.0110353406180574
1.0016790812124883
1.0166159352020236
0.9976624611902973
0.9998843313034615
0.9971453261897443
0.9996672817573974
0.987192803506271
0.9851793167556678
0.9850239816472645
0.977150319648921
1.0539669522168102
1.02915756897528
1.0247385702795893
1.0274334852055518
0.9547851824240684
0.954177254462697
0.9244393147628961
0.8905898465834747
1.0198947294508147
1.0184684653483662
1.0144063931252623
1.0218857476657113
0.9934371895724465
0.9959784462317522
0.992609092652567
0.9918143670484002
1.001610884774987
1.0037546938398247
1.001871997444335
1.0038072983861204
0.9987110641892496
0.999196616107769
0.9988613816215135
0.9990724430926213
1.0000989570519072
1.0001178396229902
1.000199390685179
1.000208530759673
1.0005415491929708
1.0005549131846263
1.000285303869506
1.0004208658775884
0.9941873115733602
0.9939233193346974
0.9955665613872415
0.992411829248631
0.9972757585830694
0.9977774768707176
0.9977653481394381
0.9985698909222285
1.0303484428184868
1.0071063585128808
1.009731339986001
1.0283441672549298
0.9900320659245566
0.9891891906047813
0.9859575064363489
0.9865653076854181
1.0360113180615493
1.0478269313637634
1.0219329746843924
1.035367108208885
0.9918983999588941
0.9874239350780354
0.9925331077840173
0.9890601656875843
1.0097895568847046
1.0113665731910326
1.0090947617937076
1.0140896643950805
0.9776466250957152
0.9739164932698868
0.9634713980836805
0.9581063660519976
1.0160455062364229
1.022355727015831
1.032329996488568
1.010387354229962
1.042799917454983
1.0261231468511263
1.0344908821658965
1.0247201993894464
0.9922185640987174
0.9968331784530928
0.9917980898782228
0.9931022964547462
1.0037430872072188
1.0029854761601338
1.0024447813763604
1.0055037518160976
1.0075415564332604
1.0170667101426651
1.0099612420925896
1.0170839609382045
0.9987650138260639
0.9960675778803119
0.9963491263789961
0.9966370299706118
1.0003903926619369
1.0003634161466082
0.9999811798982271
1.0002881731302322
1.0030417087052148
1.0042089891562278
1.0042983091222837
1.003055772509276
1.0029860448642693
1.002036848189862
1.0030437265438792
1.0015803905001128
0.9753277356727019
0.9861219995416217
0.9904120791119918
0.9791308061130946
1.0174260033246134
1.0075585662066493
1.0114982318481909
1.006113141626805
0.9606109543748599
0.9480792617652539
0.9672991439115027
0.9818704069953107
1.0092883055546351
1.0174996230894722
1.0059007944556564
1.0155194921482957
0.9937356208362811
0.9942185072348085
0.9977742758861067
0.996182371865442
1.0015602143804574
1.001695495580004
1.0027093922751729
1.0014736056647313
0.9932702553236079
0.9948233606735287
0.9940534135236408
0.997840387795551
1.0187046683919552
1.0225902393584976
1.0321043502318386
1.0214871163738788
1.0025118498494914
1.0015182697576575
1.0006545872851706
1.00721134237008
0.9991854342663391
0.9989573803960868
0.998487994567584
0.9987505554195711
1.0002418537435755
1.0001626010740132
1.0002067552131817
1.0004041419120835
0.9999477563447751
0.9999477698777428
0.9999241713017836
0.9999559600694337
1.0000120268166357
1.0000073644856224
1.0000125420576382
1.0000085136554742
0.9999646162511027
0.9999369127961903
0.9999246964586349
0.9999650258097589
1.00091391546549
1.000644360710263
1.0004442581674142
1.0004195892931638
0.9966359930168691
0.9945297279661584
0.9945281768939918
0.9976392710154915
1.048120192671307
1.0321619515289795
1.037877906422745
1.0384063718578662
0.9830045559220351
0.9904341279744209
0.9854062974819768
0.9826317249431175
1.062386032322001
1.0276988749208378
1.026886870427962
1.0374699262427112
0.9678292930041484
0.9819010944904029
0.9338547567000549
0.9497200815084132
1.019953675623386
1.052513062864451
1.0333214558469315
1.0287598236550897
0.9907077681325889
0.9959371532765723
0.9905227301585593
0.9883222002814027
1.0056521139414043
1.0080218881741811
1.0045181980364062
1.0095300808879573
0.9645644307944
0.9739608138633278
0.9829804043110776
0.9616139624494612
1.0158487137208363
1.01313715112767
1.0170125579897475
1.0107222812428993
0.9964721060993351
0.9946401925848176
0.9961902926090174
0.9939226398788195
1.0056026829141305
1.006204138826282
1.0046483934869221
1.0037641834765376
0.9987069723601721
0.999271999113541
0.9989620435168487
0.9989788672527653
0.9996849039876693
0.9993187787900707
0.9993737887602177
0.9997609028406881
1.003629261117832
1.0013573780732954
1.00129332977528
1.0036072039163029
0.9840393275733212
0.9888597583613589
0.9756165580958172
0.9786345796756841
1.0148357646727741
1.0143533393449755
1.0092087965453582
1.012389221456244
0.9966768906053803
0.9914279876832203
0.9898006575197319
0.9929093330874607
1.0618494946434545
1.0426559878194275
1.0255802987551668
1.0285012724398068
0.9822706563204314
0.9911376806617541
0.9858456018635117
0.9831407582437651
1.0003469152708633
0.9965891971965031
0.9975675332728033
0.9994571391224206
0.991619488818557
0.9925127345763664
0.9905001725722391
0.9910255460508653
1.013130630756103
1.029167533153851
1.0648585632621048
1.0696813821198152
0.9924337252202067
0.9865060799308129
0.9989722517758601
0.9913187609857282
1.0004288746200845
1.000394785393264
0.998816581303014
0.9995896995833968
1.0296527013889416
1.0195652371913442
1.0361637182446262
1.0215603798876174
0.9959775972054082
0.9917123430960141
0.9942994658692705
0.9964658599189672
1.0005164589742437
1.001112826707738
1.0018375566435178
1.0011022207914897
0.9961955689618173
0.9967039455106754
0.9946010789010923
0.9964977056520319
1.0388292299991402
1.0244564612930378
1.037304676593345
1.038093748139155
1.0008728633429214
1.0028306313748485
1.0011302592943374
0.9998924475496338
0.9409999834624402
0.9499858614215118
0.9754256136560134
0.9307948541411011
1.0117470196244733
1.0222092737770232
1.0114186292627791
1.0095995364727004
0.995450495510146
0.9945789479815612
0.9926309832755151
0.9946067350912279
1.0199087627595826
1.0166631752812754
1.013394737701737
1.021965253718543
0.9930814459212709
0.9890156289178064
0.9917301730032889
0.9913638607659745
1.0089888092949162
1.0179817485567557
1.0102579104697484
1.075058544557262
1.0216966171685118
1.0078307125092385
1.0087654811103102
0.9996925864159479
0.9978617614448975
0.9996306950750211
0.9989900103995577
0.998626536645153
1.0002780918921554
1.0002796455130125
1.0003164540634422
1.0001233612114808
0.9999854276388457
0.999989054632265
0.9999942602977108
0.9999956086667228
0.9998778441097287
0.9998744657439486
0.9997823922590106
0.9998418572900021
1.0005626886446801
1.0012484102321093
1.0011966506874388
1.002528507174847
1.0048632822277974
1.004273279381813
1.0017449651352395
1.0032206840714173
0.9814206958901852
0.9718151804581717
0.954961813832852
0.9641529784015423
1.0498167136443932
1.0227657388602607
1.0374188132954911
1.0747240591539895
1.0049621283303316
1.0165149798725446
1.0104835562416985
1.0238300913576497
0.9945684426423304
0.9924003691058799
0.9938681586588037
0.993151904753088
1.0404951550398338
1.0105106645278945
1.009030779234787
1.0323237408858903
0.9949906221616301
0.9960202860642208
0.9931269837937027
0.9939123577771608
1.0024100148220885
1.0059222283542746
1.00319205667904
1.0029428053627196
0.9829299481590809
0.9850985777918633
0.9887795213859959
0.9775586307070986
1.0659373670321894
1.117995702900207
1.0758615287220061
1.135715600763413
0.9834283932774203
0.9851362061265291
0.9906380875100964
0.9912011904720202
0.9975858036565399
0.9993999786735452
0.9981319933590931
0.9983435053512797
1.0024650196822544
1.031260950438069
1.0281709418714493
1.037007480797514
1.006300938447807
1.0102051267377021
1.0130534079264248
1.0105965899871432
0.9875424159342513
0.9915224438632032
0.9886241499653518
0.9857386558664566
1.1209604760807017
1.088882243972259
1.1158359146425283
1.0983921999895458
0.9825773063406928
0.9766844218363355
0.9902202698310506
0.9783543150784892
1.003931320897877
1.0069004274268611
1.003157292175999
1.0059537310360733
0.998329024003334
0.9972374088249064
0.9977563741411059
0.9976116116979011
1.0006569572626365
1.0007705742505622
1.000393294871193
1.0006974830960547
1.0016554577067671
1.0006844605837086
1.001797105336225
1.0020050899167967
0.9810937278750378
0.9795472049579835
0.9952537674890464
0.9789180891305311
1.130968421260402
1.0673884881679685
1.0832328620713552
1.1377317869616514
0.9648716072940332
0.9856140870183946
0.9705371974234713
0.9705836554263446
1.0073776737040518
1.0053376581648354
1.004932512334763
1.0080215114021485
1.020685797511422
1.0221556626393276
1.0141525498961583
1.018210958702896
0.972183365374045
0.9715885812901112
0.976282317688495
0.9613864143761455
1.0204514508023768
1.0240379868231864
1.011891537039355
1.0183384076666506
0.9419042806054293
0.9379802168450212
0.902352029193074
0.9041032412787907
1.0765029365545955
1.1205031752404635
1.0836175021607155
1.1015208612558174
0.9887469890852334
0.9860938190100428
0.9898026667855764
0.9919744167701751
0.9599104757480426
0.9584369181377108
0.9890472712384245
0.9459566522773181
1.0096715686995243
1.007204524878711
1.0094849666076462
1.0123235545304121
0.9967555549194768
0.9984009942544814
0.9969913740957979
0.9969982145563964
1.0001916559370334
1.0003779279030753
1.0006019092936729
1.0003659441279669
0.9998924525098553
0.999901182588298
0.9999354403767712
0.9999309335972943
1.0000241451430303
1.0000333775768449
1.0000411367266546
1.0000378601823618
0.9998419535999507
0.9998678634933732
0.9998268957701317
0.9998186622393723
1.0008692030059363
1.0009657726382442
1.0006053119234843
1.000530132271357
0.9938704183547696
0.9964143588781718
0.9928475630732584
0.9940633595877255
1.0699893340309252
1.0267171576956269
1.0460372371454094
1.0399279990585861
0.9888091432621832
0.9866888364488484
0.9915359191373361
0.9954518885123477
0.9923370708875819
0.9914513586825093
0.9908941866548818
0.9958227275471795
1.0084922121847166
1.012207952061866
1.0089405333168744
1.0053500616075917
0.9976653103673531
0.9981532682552839
0.9989823644728881
0.997827819715998
1.0094028855110562
1.0121700026686564
1.0113967656877054
1.0091516727286245
0.932476670502505
0.9597648177467674
0.9537271990510059
0.9201826724090321
1.0077390513902957
1.0030876518534102
1.0087975271849194
1.004707454443799
1.005793813631251
1.0025109027665693
1.00376595140615
1.0038847364445909
0.9725904089035192
0.9280161508601026
0.9733046930434861
0.9592060470038564
1.009317265595785
1.0173785238577355
1.0222700841809327
1.0096654303684387
0.9971715380437555
0.9968571340160721
0.9983683676299154
0.9989295355613729
1.0006117469291795
1.0006442408829133
1.0006121335394809
1.0003700347185325
0.995808246983018
0.9981818663296593
0.9981269365166828
0.9955131882027363
1.00091170330325
1.0012463862694558
1.0010389127583221
1.0010720154252815
0.9995462068116567
0.9999126242700294
0.9996094102860883
0.9995814644701874
1.000139146584171
1.0000875271895668
1.0000864438811512
1.0001426571550998
0.999858998068343
0.99987265953908
0.9998915391294456
0.999885080469401
1.0006288873021563
1.000557538551971
1.0004980175647402
1.0003910513325953
0.9968298172921097
0.9943380095924956
0.9965092123464337
0.9968363521615892
1.0324524422024457
1.0049468975777127
1.0274232979169664
1.0311146075303117
1.1080864499046656
1.091459934233607
1.0282648617913472
1.0362372490099
0.7288813054227635
0.8412894746711436
0.6293531005313614
0.6805237494545263
1.0553878068205798
1.0688796548595172
1.071270156656227
1.070623734805181
0.9843047252704583
0.971138472165723
0.9743185872130079
0.9798712682562613
1.0388133282194771
1.0439339630658624
1.0387813424739103
1.0255866186230682
0.9756033612387461
0.9746015534518594
0.9773660343882586
0.9814251470879136
1.0134520926129649
1.010396605220205
1.0114914297948605
1.004741473259765
0.9475779482231808
0.940683758451462
0.9786366525986175
0.927299600060638
1.1820660453605198
1.1504394752586604
1.1091644011698174
1.181703504837086
0.9708433522525404
0.9674939076979769
0.9327840508489785
0.9634924169962763
1.0063769507298688
1.0056058777748065
1.0082786945209583
1.010487112977479
0.9928127271889808
0.9921442746517294
0.9975429188701643
0.9926751349880824
0.9867386026613102
0.9870368064446114
0.9845336943909954
0.9842328148019639
1.0089287940265064
1.0071399117243294
1.0096675169982678
1.0093353537661207
0.9999321155916607
0.9994843658423983
1.000891111491651
0.9995641406463597
0.9988560599056487
0.9982036205364173
0.9984150753753385
0.9989021698160928
1.0099219734819067
1.003828377884392
1.0143474942401205
1.0031392251569367
1.0732339136631497
1.0292461222172307
1.0589279421940716
1.0393602625971405
0.9796025512647616
0.9886207618756856
0.9856930242541244
0.9872463853014759
1.00510214738309
1.0060647012894433
1.0039215790856302
1.0034375904412587
0.9986930831206737
0.9909603135599456
0.9910926519831037
0.996280637278867
1.0048692823833392
1.0031884947544616
1.0035313932362524
1.018349282756911
0.9979143720156403
0.9980115885818034
0.9988909674301557
0.9976887555082236
1.0003430169024226
1.0001813751841522
1.0001452511401614
1.000315400673485
1.0006238235969012
1.000451413366995
1.000259785303422
1.0004044935459282
0.9967023863511044
0.9963502461674071
0.9938679356628243
0.9953781169402524
1.0021381816290196
1.0015537750194294
1.001126690128904
1.0005327337601826
0.9970996112967697
0.9987606940690127
0.9988571100738692
0.9978192154608885
1.0114173290907569
1.009039668037419
1.0101255840159284
1.0059913274521233
0.9578943997676229
0.916092940029874
0.9287815047579044
0.9384333498645069
1.0085710748015282
1.0046327022790866
1.0048898411958573
1.000013218986728
1.0004726543980718
1.0004274106614575
1.000502184189298
1.0007742731780498
0.9941737852875464
0.9940821698123301
0.9968323598011113
0.9924618073672037
1.040686590366189
1.0261694768644538
1.0405349268467652
1.0265789833223076
1.0109001370715387
1.0042984998997044
1.0120298737717972
1.0092504368837636
1.014805645242494
1.009675285150468
1.0089503734703416
1.0072791767783653
0.9590513223805248
0.8944149181076584
0.8975267151640346
0.9427252498461467
1.0191184064004302
1.0178543108879616
1.0136697437382989
1.0131712091982512
0.9624029437664194
0.9690585436527736
0.9827893714375561
0.9627668868616643
1.0076167301281238
1.0090629427785116
1.0136358957034088
1.008098096327382
1.0013613820926202
1.0033102825389588
1.0051346938122543
0.999824641357921
1.0076481604998428
1.0152445241495038
1.0107592608610765
1.0143074936978043
0.9936932186801217
0.9974554821254016
0.9926082590062384
0.9952505049981688
1.0087549232420934
1.0059303365537933
1.0026302319308331
1.0078262213026925
0.9912726942307908
0.9906111099789627
0.9895969257029508
0.9827759606439174
1.0012245341695216
1.008155728947438
1.0069975941425566
1.006894221726458
1.0243240582378583
1.0217790888974967
1.0312447948328978
1.0094922229820464
0.9964968642983184
0.9957622525028501
0.994646630406137
0.9939115019168964
1.0022705256841289
1.0018221595528884
1.0013966430883854
1.001866152428227
0.9993185750986989
0.999457594117488
0.9997680895851359
0.9996738580338856
1.0003400812784766
1.0002842004902999
1.0002561545927282
1.0002714591463382
0.9993583442352107
0.9991203768335595
0.9982753022924942
0.9981069119458438
1.0050920529503895
1.0061415384920485
1.0094233236806733
1.0033075422333502
0.9971617865990058
0.999003937032504
0.9979767718035535
0.9972531928816906
1.0040673123189723
1.00470237255209
1.003096351141954
1.0039252038920594
0.9797408168599336
0.9802214284491982
0.9669155005838629
0.9934575390171586
1.0056491728693806
1.004347848268473
1.00413478187232
1.003060244289909
1.000413904565622
1.000472841052245
1.000102246370983
1.0002527776146934
0.993579660129422
0.9941043285429297
0.9899311221090265
0.9883506895776074
1.029401258601385
1.0373123718182458
1.044660873359767
1.0627438154318785
0.9790684944990761
0.9822192252710663
0.9749845255409781
0.9835618007912716
1.0042763827719667
1.004087559621399
1.0039888628094484
1.0055371262176869
0.9986398808810202
0.9980424889952005
0.9989973771574068
0.9981183612479998
1.0004200667204846
1.0005279806771814
1.0005674094849994
1.0005144131390762
0.9991198317358824
0.9995019638785817
0.9995173477254774
0.9993008135957997
1.003527041074404
1.004050146776683
1.004349053783336
1.0025814193788747
0.9750616150146343
0.9749168500157298
0.9686568608171165
0.9890993418477136
1.0017938733865945
1.001169873186281
1.002950539053011
1.0000166279823943
0.9570454950807399
0.952543701631365
0.9711175971539957
0.9815230339227256
0.9868311378870831
0.9764995546677377
0.9659681103059798
0.9859036193021689
1.258356475390192
1.0945977458250518
1.0944574347906058
1.2141119372302767
0.9632547026649532
0.9897534408678862
0.9779975452221887
0.9742808837044609
1.0060633686453506
1.0065973857810802
1.0064468763276053
1.0093124552880062
0.9979863092089364
0.995952257946364
0.9974325208415399
0.9993786224816339
1.000921594169452
1.0007040025703682
1.0008486323533219
1.0010263570280369
0.9997009651286597
0.9998119441814142
0.9995152970602884
0.999750805031385
1.000556445896566
1.0003119633341941
1.000698766624674
1.000639290530606
0.9957601192973374
0.9985883884697914
0.9960311036932313
0.9970663912960214
1.0725676428871003
1.034363312193175
1.0343892365780558
1.0732096996232172
0.9939182489388403
0.9941500426745127
0.992329562113198
0.9965766432636223
1.015216739601086
1.0165770976311763
1.01211810026615
1.0116076893961419
0.9371495861093805
0.9679253182553228
0.9518823101374982
0.9377218546392623
1.0094491162406631
1.016980294433225
1.013017190283884
1.0187271640743403
0.9956111856787505
0.9934553586912722
0.9936820725880962
0.9958999484572079
1.0015059108928746
1.000716650992978
1.0006323132342707
1.0006132911759105
0.9999350639862973
0.999900844469079
1.000057939331968
0.9999693713776484
0.9996315599928343
0.9960565432747
0.9940989647835435
0.9989353310870182
0.9992753442092429
0.9994448316343333
0.9996077142876495
0.9991517634844388
1.0054167438605872
1.0027499151552657
1.003954181107243
1.004251175960491
0.9783020067058652
0.9741079087261039
0.966983778636106
0.9820735022882765
1.006094103727016
1.0011636836619056
1.0069003656815942
1.0054287384412752
1.0033073964016195
1.0042912138455071
1.0015336401366237
1.0016668407767753
0.9541379306463992
0.9534002381643203
0.9797606527002866
0.9616418470874724
1.0096158973406932
1.0111643275926603
1.0119781593013544
1.005845310693859
0.9972429358519331
0.998261640815412
0.9980517765000962
0.9991674038833949
1.001372998219475
1.0019128999900377
1.00047081453117
1.000731389883176
0.993544682500582
0.9957721344740837
0.9921326920036465
0.9932038713523623
1.0534141559488752
1.0231640450397124
1.0421343945257582
1.0715345059333465
1.0245015447681622
1.0302168574554362
1.0159889366269113
1.0457955733784452
0.9776651568774749
0.9871198416674073
0.9783586343939974
0.974694232774289
1.007741597624161
1.0029499192808788
1.0075166161797289
1.0030898788449802
0.9980182290000191
0.9971754693916726
0.9938071918530492
0.997232746874325
0.9979653199819974
0.9980210554660895
0.99642283259365
0.9949971592406041
1.0152821350935803
1.021492596192794
1.0401400875037838
1.0371096221982437
0.9956084182002516
0.9965063086757604
0.9961880124613741
0.9941329546701749
0.9996272912004367
1.000038724085629
0.9998004305789808
0.9995468928520885
1.009926916480642
1.0041573012646952
1.0074983733468532
1.0039157035269337
0.9934115506020923
0.992510386765019
0.9876492737216814
0.9973392770338037
1.0285547115444165
1.0349383003693076
1.0372192280452992
1.0572809838035573
0.9912045546855207
0.9940997235124756
0.9885006852635516
0.9919894500038464
0.9995656940743145
0.9999043169154033
1.0006633702282592
1.0010029112232857
1.006897315462764
1.0084658193401548
1.0171688213781644
1.0143527364039724
0.9966199974154346
0.9966153111464706
0.9961101453573221
0.996082226264813
1.0015851749096565
1.0013435028403506
1.0006943685707321
1.0005698629305269
0.9997417906184181
0.9996971118753711
0.9998211333834323
0.9998508753694482
1.0000518500666202
1.0000546229050284
1.0000467641927402
1.000098654508612
0.9999666820604912
0.9999754637514863
0.9999724442537345
0.9999829175903886
1.0000211582428662
1.0000199805191563
1.000011716515804
1.0000095827992344
0.9999429406017066
0.9999034099322102
0.9999056068872929
0.9999097270544253
1.00129431014274
1.0005858068536608
1.0012066764622642
1.0003216710474512
1.0004558486748167
1.0004435688298847
1.0007811281519323
1.0002605445149222
0.9958063303033694
0.9965084512123147
0.994998730048471
0.9973792096928864
1.0182964369413965
1.0232931985960065
1.0177428723211932
1.0249274960647197
0.9983029086060513
0.998217002356894
0.9958445058369714
0.9971280951368515
1.0010274812425373
1.001176493006688
1.0002145645741212
1.0008479229843994
0.9998873164312253
0.9998009837554542
0.9996607745383496
0.9997955328362265
1.000019385687862
1.0000212237524542
1.0000351494713429
1.0000330827660058
1.000060284906778
1.0000046210575382
1.0000211326335913
1.0000697431489167
0.9996669388516034
0.9995964032718119
0.9994947664299944
0.9994693154090356
1.0029331214175994
1.0034776749486225
1.001171021989727
1.0025317816861647
0.9927707715545738
0.9845651510304603
0.9910145752453082
0.97789328097756
1.0197107735504518
1.0117266777671172
1.0042677176227313
1.0088662870137632
0.9860181472271684
0.9545839462695968
0.9077014697781319
0.9677458539793149
1.0245900785132067
1.0250697355095764
1.0077356863808156
1.0102918671392518
0.9747864697140317
0.98733015139671
0.9782990688865858
0.984309101784194
1.0026270774994523
1.0019363628515603
1.0020150617183432
1.0017740644425726
1.0251397035474956
1.0100311494774104
1.0209571100879533
1.0136954106698384
0.9927041189044827
0.9975188175538421
0.9950170122574298
0.99610617338966
1.0010165711937398
1.0012645325611458
1.0013637284782766
1.0017503356054276
0.99487587693568
0.9968661021618541
0.9950310277130692
0.9950311993755859
1.0329732776502751
1.008138844305993
1.0286274838889262
1.028349784076147
1.0095373375105392
1.0087728590590248
1.0069183990008959
1.0118695252810288
0.9928902350267762
0.9964162305552662
0.9838516130645795
0.9810478162168894
1.1131565276659652
1.1081819523536436
1.0448177555917948
1.1083205864041474
0.9711885121174604
0.9791015741365264
0.9651823224090055
0.9602123306889502
1.082093623019087
1.0649873918491561
1.0668276520617868
1.071588840138527
0.9651431545242203
0.9498610565624445
0.9621095497980128
0.9607563482031105
1.098929744531599
1.0915121481492545
1.086668705980022
1.035038418620373
0.9903788643511241
0.9958518816821854
0.9933025012213346
0.993033976546796
0.968896394950461
0.9776966582584113
0.9671207767409405
0.9753102178033262
1.003622819345443
1.0061997476162026
1.0038762510093049
1.0073200787851735
0.9972712425083597
0.9971844629915425
0.9993896258741298
0.9984549535741305
1.0002703736510903
1.0005373442301473
1.0005530405591208
1.0003781359923454
0.999895729023394
0.9998776910601265
0.9999095716347779
0.9998371852445672
1.0000204341818029
1.0000328636854887
1.000048257351447
1.0000257898562497
0.9999834668059285
0.9999902967883704
0.9999904476017929
0.9999883789345181
1.0000112286987488
1.0000163240552502
1.0000167501454598
1.0000051529589242
0.9999617386533713
0.9999288262135254
0.9999375080234073
0.9999281647494828
1.0003823216411825
1.0002696803424602
1.0004095812183418
1.0003055630090554
0.9972030772923762
0.9988894285438871
0.9980656624789577
0.9970488669968516
1.013763731272353
1.0224558092737581
1.01849594433224
1.0046523755137495
0.9986530871582935
0.9985001790937182
0.9987025521355254
0.9988008548707186
1.0015237547245954
1.0020437970771823
1.0014640332759603
1.0024660515631119
0.9850841179073316
0.9863957016431526
0.9873400244258578
0.9878565235887609
1.0045918618051384
1.0062584843605982
1.0079156841653754
1.0044532943783253
0.990456070697295
0.9844366449624075
0.9871641234336367
0.9859557034194265
1.0511638438197006
1.0471900645994614
1.057728205508388
1.046381799620574
0.9938874240580359
0.9819642264609922
0.9841103938132151
0.9737296073162229
1.000991204678779
1.0019808128221166
1.0021845009169121
1.00131950643316
1.010254678171607
1.0192583319604613
1.007705039799414
1.0171514491236637
0.9887594257003043
0.992315515694578
0.9875347819067476
0.9905522529017119
1.0032151016160513
1.0016188826610337
1.0025783066917828
1.000834315087407
1.0082771896299785
1.0019580709890163
1.0036189540813825
1.0080718984012793
0.9545745662649301
0.9470879976853644
0.9767775916177831
0.9461442104807819
1.0118177653629175
1.0150249634501787
1.0068408886898088
1.0139000642722618
0.9988144514129793
0.9987755847621218
0.9984619869830612
0.999200794632118
0.9958932942780436
0.993724815911325
0.9938037041662644
0.9904634231925598
1.043995275737429
1.04144634942359
1.01930964432351
1.0470088831332904
0.9779035344033095
0.9931730522581393
0.9850556279818298
0.978685315104034
1.0097968854017556
1.0171810612852872
1.0163736986291958
1.0128862035451103
0.9969709739261354
0.99573361520567
0.9978092965279044
0.9981036859328101
1.0001632655436627
1.0003095916730098
1.0004845358590915
1.0003961148337732
1.0012099423743952
1.001498209267274
1.0015270930566282
1.0010346834491008
0.9926637184832355
0.9916014168711071
0.9892879864748036
0.9888889167293816
1.0014665360345205
1.0018156521696606
1.0004637277336432
1.00044989192731
1.005591240777793
1.0188289700210151
1.0183738484826172
1.0034914830536197
0.873055117420732
0.9553706902524461
0.9091248332874451
0.8665071817062393
1.0216615546489847
1.028708813987248
1.0224157162731025
1.0206856419585004
1.0214209151293265
1.022156179374968
1.032211736793344
1.0138802735763186
1.114931023502345
1.1017600679319246
1.0235180439905691
1.0992543314089702
0.9572413430741256
0.9539413900550312
0.974438489447238
0.9232313895543676
1.0200715135635978
1.0146864646055052
1.0271748127234852
1.0119321902697835
1.0222230343428935
1.0248839717362206
1.0090703447964913
1.033202576756806
0.9937272992983041
0.9923644626604541
0.9936658773455836
0.9946295693299748
1.0014474346761681
1.0010907090772725
1.0015615188151517
1.0013041377068506
0.9996391182536094
0.9996178777270629
0.9998445067122219
0.9995241824753804
1.0001217329766718
1.0000684291482547
1.000103915208874
1.0000451712942486
0.9999752878010063
0.9999707157981507
0.9999730589813824
0.9999782207031809
1.0000594580999786
1.00005820684194
1.0000628914644618
1.0000700104909745
0.9994498824053335
0.9992028135482485
0.9991656106510142
0.9993205226340938
1.0019958802549536
1.0052493014946207
1.00828135267607
1.0052130564722082
1.0022947224418746
1.0030103657465885
1.0039636984953073
1.0016375031201321
1.0018164463481956
1.0010730326416752
1.0026987766134403
1.0019560515075943
0.9996089093885197
0.999583935542445
0.9996851728711328
0.9997008215759338
0.9998939926414977
0.9993999304691643
1.000105179910916
0.9997166817680059
0.9949880258841182
0.998391711093311
0.9968352546673518
0.9962784451327099
1.0228613789578214
1.0281862686230607
1.0265226483411345
1.01494949110205
0.9958777126462008
0.9967365724537481
0.9984044643386467
0.9967378840319274
1.0000990251322244
1.0002137796117905
1.0001304878917587
1.000366754933219
1.0050471183898761
1.004489636058698
1.004507028944407
1.0038470332192817
0.9992689789934375
0.9996484651634294
0.9994908856277477
0.9997268876263743
1.0000809709104244
1.0001500195556452
1.000112061602547
1.0002225180997255
0.9998266229596751
0.9996958678315467
0.9996999874045357
0.9998294250156374
1.0012591950828673
1.000899151305805
1.0010112439642145
1.0011633345332867
0.9930322218409212
0.9912883344803554
0.996198100324592
0.9901115175088512
1.0451061082986794
1.0220745643813047
1.0464328187512615
1.041134085461639
1.0334943539760604
1.0391546808128196
1.0129087024977221
1.026407686527296
0.9950571490347079
0.9946270827847804
0.9965941738434191
0.9958511679691916
1.006428218194629
1.0082967963195946
1.0054667336594922
1.015543634319645
0.9631534494744082
0.9264061800963354
0.9683584638998481
0.9411575982068602
1.0583128889266
1.079415628757844
1.02995118343561
1.0415544782067279
0.9287771906164574
0.8286001651895673
0.8276632222292827
0.796926642458434
1.0364457909931368
1.050016056569005
1.030975945277542
1.042350566219411
1.003888286694414
1.0004367461177948
1.0024151281064622
1.0038007257137824
0.9935251939155546
0.9891257250953523
0.9798601844556034
0.9926736511920832
1.0034326140473597
1.0032606431236912
1.0021577163166064
1.0043855913810857
0.9978529959361375
0.9988263283533177
0.9993057714682957
0.998786437300938
0.990661784293363
0.9969585574566413
0.9870235346009057
0.9880254298356738
1.0224557815071122
1.0285054752059826
1.0314851704550583
1.0239062772692065
1.0154104978871898
1.0182678425974496
1.014471047137545
1.0128228391557685
0.9642645612822907
0.9634451429590642
0.9747403378881953
0.9703250881837441
1.0008886455119672
1.0009538741426565
0.9990503067606509
0.9991473598627906
1.0346682023439167
1.0224880495727675
1.0337879464159285
1.0338070731819056
0.992057726256982
0.9944548545078373
0.9945103371050503
0.9943985986551738
0.9890142587315969
0.9875500903941782
0.9937765595811241
0.9834091534537464
1.053857924292108
1.0458664791877779
1.0401798226245456
1.00568815072772
0.9801522907807133
0.9526602135612291
0.9632529979171206
0.948048808124335
1.0121965541458184
1.0046705525431827
1.0160466982864755
1.015971816435826
0.9925820681900159
0.9936454626764258
0.992675294730413
0.992784984083202
1.0130071184143046
1.016342371462122
1.0193411378146795
1.0179539507257678
0.9926608120238947
0.9955856184789265
0.9959744800632981
0.9931659260937914
0.9909275068183782
0.9919270679327087
0.9930648906545041
0.9934898277704477
0.9840469718637233
0.9716571174046607
0.9518425042890378
0.9555143264137279
1.0691581370693026
1.0928226832059105
1.0882975764545202
1.089117209744281
0.9803651042107803
0.9890174572691253
0.9881194489080696
0.9776011277516282
0.9982264119925032
0.9980755170371058
0.9988167578134586
1.001372163043444
0.9979781927671002
0.99689784912868
0.9957232714184027
0.9967086521501684
1.020081686252218
1.03504973860892
1.014326951619535
1.0267047211621623
0.9983086992830268
0.9992179482351576
1.0000975999295372
0.9998489538546329
0.9981637866092566
0.9976777199350638
0.9993843881722527
0.9975955687235123
1.0127569728039936
1.0099549567063135
1.0104131711173778
1.0057896909426653
0.947302252222205
0.9336010828188236
0.9258733483889322
0.9160449984808179
1.027320647390633
1.013521048880491
1.031377268730995
1.0170292438759778
0.9384868342640845
0.9745104185067026
0.9480635488576442
0.9470621440783986
1.0293091772712517
1.0271491768530867
1.0184971286728206
1.0315174491025847
0.9948697580977568
0.9915396240046559
0.9954494843869997
0.9935690105697608
1.001758366330725
1.002270471068855
1.0017573139063136
1.0015237874071705
0.9948176035761448
0.994487144360386
0.9964485416783516
0.9949673516730347
1.032826008247497
1.0187743138280168
1.0399256531807533
1.0141495111933938
0.9941276125061818
0.9970211194773259
0.993734238969602
0.998697953805838
1.0006183252476812
1.0009258958986378
1.0009492857978315
1.000852230009813
0.999888168112192
0.9997531344624455
0.9997466623032777
0.999846299826518
1.0000688005637517
1.0000351014347684
1.0000285368158466
1.000043100468973
0.9999851605911261
0.9999854855069296
0.9999875683176512
0.9999900281443783
1.000017757530279
1.0000217826954445
1.0000243789538175
1.0000212081502455
0.999896209516696
0.9999280495272059
0.9998900368758616
0.9999102747587852
1.000066546362669
1.0000536531818693
1.0000252377360526
1.00007440220709
0.9996033200619864
0.9995819657228227
0.9996194458329529
0.9994203873161851
1.000430556305423
1.0108289235566488
1.0059538278799798
1.0143997485054825
1.037562492641394
1.04293611821458
1.02277864819809
1.0408460148467615
0.9948953799920698
0.9925924010620881
0.989722388927583
0.9923254351691563
1.001790609160808
1.001860057710008
1.001778784891484
1.0025032464980332
0.9990248123086148
0.9990663572702574
0.99948686261236
0.9992207917877294
1.0011260645552797
1.001588413560145
1.0009933527177313
1.0013782897005448
0.9932561375109872
0.9952506037219796
0.9906741370759549
0.9929226065360837
1.0506108118453839
1.0529053628426455
1.012206585594706
1.0417627182211153
0.9908743624626379
0.9770030485926107
0.9835219081606036
0.9684611077933559
1.0142403012083938
1.0077366624528448
1.0062434693345503
1.007874442381492
0.9983164511794391
0.9985245807735315
0.9979875944019524
0.9978871404888926
1.0004870721024697
1.001422990339734
1.0002442294625948
1.0015199136487336
1.0113941754401268
1.0139413224704352
1.0048499001924953
1.009957212741274
0.9672919196124622
0.9379417756243874
0.9487760351383682
0.9475477736506218
1.0249605052405442
1.0294991497576058
1.0161479870487435
1.015994053033957
0.9969372896723674
0.9942935712013556
0.9949886131584389
0.9958480136183575
1.0038184234196883
1.0050698202023503
1.004561469651795
1.0027902798871626
0.9645594299762863
0.9885029632115433
0.9944423835589038
0.9649627962092575
0.9988640938100537
0.98507085967729
0.9815855788341137
0.9934600236951664
1.053137301321191
1.0426916542652658
1.0518976688865602
1.0240036654158338
0.9495887271551402
0.9847470873716098
0.9593705680957716
0.974809698233316
1.0095482000231792
1.0103261329840925
1.0073791507108383
1.007699322807196
0.9981304665135973
0.9969665125566849
0.9976505758347581
0.9979636384972447
0.997769614344681
0.9936610300282629
0.9918720010882018
0.9959668772024587
1.0427308999768405
1.0353316076021275
1.0494171078938734
1.0510816170574213
0.9947908457612431
0.9897632978922352
0.981641880130599
0.9849576071312863
1.001556025315703
1.0028706359328332
1.0014222582250087
1.0025444851712983
1.0010834328452427
1.001402211336972
1.003813967232071
1.0017727465362152
0.9997694127770663
0.9995717868840432
0.999462525552291
0.9995930480133541
0.9975406701424961
0.9985658046255588
0.9992146027692747
0.9968169316257476
1.0080477735603115
1.0293223888496934
1.0227866012127826
1.0351292378313035
0.9909650889762411
0.9910157178257433
0.9925264309589525
0.9922920976202273
1.000896206196502
1.0020974900272468
1.0010624018542438
1.0014908400444797
1.002673419419442
1.0016833351231584
1.0050048334973427
1.0018231448640582
0.979877171905492
0.9869516944690135
0.9769615518138874
0.9717623402020028
1.071032052407829
1.04182608100849
1.0130245732194612
1.0484178604993812
0.9799578605659807
0.9905775696461545
0.9874245093315638
0.9909044175250835
1.0024509769096694
1.0015741486311809
1.0028896112574492
1.0032684758700068
0.9943355094789305
0.9921210193661476
0.9912430557812762
0.9955068167321354
1.0117547282200043
1.0411131617919394
1.0175618986713686
1.0373854182448963
1.0522767321433333
1.0343887212058778
1.0142923752345165
1.0319096575943634
0.9984243777591068
0.9966539861902031
0.9978583299426846
0.9953695857289948
0.9982031413827739
0.997291985107655
0.9946778511025135
0.9954541749850596
1.0675056470299198
1.0290084197772305
1.0750879478367648
1.0831705395959703
0.97758032003317
0.98207453278168
0.9801320227051898
0.9792662761069212
1.0124159766168184
1.013902031365867
1.0062640542949075
1.0068762660051933
0.9739092824995415
0.9721097133386352
0.9703467345805751
0.971286465370011
1.0052098203393436
1.0061649985763517
1.0082354202878945
1.0046028814164538
1.03638228174942
1.0695586696094481
1.03398483054779
1.0532602365219657
0.9827134041787341
0.9876564447791519
0.9813819239685505
0.9873837682236513
1.0005837231333943
0.9997358608043508
1.0002456218669464
0.9993930018177808
1.0313254024700917
1.0165789157308645
1.0294319753067607
1.031016671810362
0.9905780737315781
0.9914826147262997
0.9863715028187382
0.9925444171333299
1.039694814509525
1.027111290707075
1.014717162264684
1.0415544900143492
0.9877049808796862
0.9799506652273868
0.9853652279264691
0.9930796249921147
1.0009979830807285
1.002169949139401
1.0009015768406526
1.000728355650998
1.0004037569373112
1.0010349991943688
1.0005825445722993
1.0007512397684881
0.9894221685676676
0.989120029299015
0.9963646022626402
0.9867674547342304
1.0757755794570882
1.0822798293652038
1.0745650476978565
1.0002127151607814
0.9443403093019027
0.9167443791356883
0.9278390013127147
0.951524182520926
1.012059537133276
1.015711461707343
1.0051353577211581
1.0129255717942658
1.0163210791090058
1.0156063216305984
1.0113828882452294
1.0051671681919019
0.9982418446445812
0.9985336663033485
0.9965616601676685
0.9941807308410486
1.0116242664871131
1.0211347961588926
1.022435167720599
1.0064911177455946
0.9957001231164508
0.993113778642799
0.9923634119797072
0.991124375766189
1.0881505950574015
1.0163996841172154
1.0410172150340697
1.0758692299656931
1.0205497625740798
1.0423181709006737
1.0095710225059706
1.040728774215425
0.9343276238572751
0.9485673242411792
0.9715792457580612
0.9347372412369069
1.0213807110993227
1.0240409101834167
1.02692128408807
1.031972984130175
0.999938818137894
0.9993593557053171
0.998117802243233
1.0011138782170215
1.0325173272804589
1.0148563628311786
1.0210446986564745
1.0317863809369767
0.9794467179590579
0.9878337206441177
0.9774289725437224
0.9726084993026775
1.0097888156216372
1.0090114283819913
1.0171653075035136
1.0167408850353092
0.9957107845656695
0.9960734128599361
0.9960325501021147
0.9950218323421693
1.0011097019365525
1.001733602300166
1.0016464526773434
1.0010798302874484
0.9998722130061285
0.99973085918496
0.9997112862926887
0.9997755124999471
1.0000312051550115
1.000027627516419
1.0000160249894994
1.0000238356044344
1.00033197818407
1.000329519165909
1.0001865377697086
1.0002889334292226
0.998615420296773
0.9982862443470303
0.9978570198001782
0.9980627832830237
1.0012722029569219
1.0029035723555755
1.0025003632017906
1.0009824582910745
1.0027051257309807
1.0105043128263458
1.0084428686800038
0.9998508603031256
1.0830411524465946
1.088181616353249
1.0394033238128297
1.090349444535894
0.9971909146550518
0.9973511552445822
1.0011536031597228
1.0004332895999064
0.9941980658475196
0.9678477398935267
0.9512446617271826
0.9654764901367359
1.0264900316077996
1.0334798147306221
1.0129875045559251
1.0171785579136674
0.878276798053466
0.9309620100219357
0.9077105868312816
0.9417645335301512
1.0026454202513715
1.005565514192394
1.0071440248040031
1.0109635657696592
0.9992498872058171
0.9997953379354154
0.9999301874973737
0.9995784953378343
0.9848254622619842
0.9929225819591238
0.987325283991092
0.9876168977125356
1.0161429307495944
1.019064646569566
1.021166279895087
1.0448911975305035
1.021419821770578
1.0127482898834526
1.029400980547558
1.045821739241396
0.9932505906340395
0.9878099231253329
0.9837987624230344
0.9918205190953344
1.019163645946073
1.0200065054721899
1.014217410214394
1.0210067976019483
0.9947871642430419
0.9944275063336947
0.9942946431396422
0.994636997369989
1.0006429811266824
1.0015519291357777
1.0010731375632858
1.0009433322508055
1.0047043139600824
1.002364493154204
1.004067473784129
1.0038577764128467
0.9839074181468704
0.990319670940206
0.9718326084609046
0.9720838588451316
1.0058456823766577
1.0055181087878593
1.0075541918576365
1.0042494761450842
1.0199975095465
1.0178186363381854
1.011196298478958
1.0174800681815
0.9412402271917233
0.8994866726508343
0.8912244780736971
0.9047604715484219
1.042900744931159
1.0420987108917723
1.0544117534373139
1.0562980088958134
0.9830537413828988
0.9856800799453256
0.9913361983947332
0.9910748287957069
0.992814816688506
0.9869913372866984
0.9973763139442408
0.9877077099861765
0.9588687248863819
0.9735935435725575
0.9583738752389911
0.9523132238622994
1.0039460346010982
1.0095565408277005
1.0071908094880786
1.0037531768579853
0.9987401646252297
0.9986563160761233
0.9980977507493913
0.9993227658347634
0.9979954115473607
0.9993617079036955
0.9967465480404012
0.9971700266758955
1.0268546773548217
1.0173179389714189
1.0144065892525915
1.0338775651106364
0.9869216754062677
0.9942566579613494
0.9925184570148696
0.994245896218096
1.0020157692679743
1.0012515367809611
1.0022875987956381
1.0019461427360492
1.0016334155989586
1.0009201753879031
1.0017178024444398
1.001359081971132
0.9941618822145801
0.9884978393986393
0.9866630422220222
0.9857228702883781
1.0329753644327988
1.076377970211582
1.0876854112193315
1.0743060198347438
0.9884649359340458
0.9797874027079227
0.984209044391291
0.9836290487274184
1.0030590742852294
1.0052752346924918
1.0031574600050936
1.0042090531837302
0.9986133696007179
0.9988331860974935
0.9991873876796783
0.9991805465771559
0.9992016492200926
0.9995796499171102
0.9977553953447722
0.9998864290202045
0.9975093249576052
0.9982670616516055
0.9982807875921222
0.9973630027061559
1.0133940585417878
1.0139631939606013
1.0063670797992748
1.004820967747801
0.9635010960429368
0.9424164076497885
0.9224215118284006
0.9367641511958721
1.0116212946033507
1.0149615584267324
1.0153384139208965
1.0131616341230334
1.0064799887790246
0.9973326057679703
1.0046094966729737
1.0064809384537856
1.053352936255239
1.047364930724321
1.0505188000735117
1.041415876604889
0.9853461135397348
0.9859162000138331
0.9889028701336824
0.9890322969325945
1.0040857529833533
1.0015979680054272
1.0022030846289578
1.0035032764675693
1.0031765897298128
1.0029958397188448
1.001041167304834
1.0015775089804204
0.9664454597627996
0.9860719920497981
0.976956581871462
0.9705838589897877
0.9891361289575719
0.9971371304505827
0.9832499348151086
0.9999716823686238
0.9851008713665605
0.9790419264766148
0.9737497526565906
0.9521805014277861
1.0037341435871134
1.013933259559382
1.0043811892900163
1.0123081882194072
1.0068983077505362
1.0132115317424868
1.0135875120779363
1.007562181783654
0.9958813986127648
0.9963154235273041
0.9981667944683333
0.9976426166868501
1.0010030387356166
1.0003642619829587
1.0006388739870011
1.000913307485471
0.9996054138947766
0.9998776121970736
0.9997646820590863
0.9996244237514168
1.000743776845108
1.000387227136475
1.0006823763509114
1.000443159196781
0.9975199127682214
0.9950288325539458
0.996103791667933
0.9979271038407211
1.0327805563878305
1.0161243966638023
1.0950207644152408
1.0704518693761924
0.9935706485756431
0.9948143964637101
0.9930729968258933
0.9927422593112579
0.9464021555588944
0.9682040927249194
0.9520696116228017
0.9552436169474694
1.011872276278161
1.0202761959497921
1.0232712765792185
1.018621019576567
0.9976052055790898
0.9988433422444618
0.9979500859951917
0.9973879535852421
0.9691278667695752
0.982316780842258
0.9634947410435605
0.9728008138537231
1.0297206609068676
1.0439074078669683
1.0461198742713125
1.0530203688655986
0.9981150951732545
0.9961925039780407
1.0078437195555108
1.002807999195241
0.9997740662724173
0.9996841962384864
0.9994492799790503
0.9995109777654327
0.9989008520892988
0.9990382953242697
0.9978453801438103
0.9989574082548549
1.017797934515207
1.002355478562081
1.013836538202394
1.0141277765682166
0.9963186946064073
0.9944895913786972
0.9973034009716887
0.9968993328779254
1.0062680257440701
1.004517847698782
1.006931429629073
1.004958783910058
0.9991494514702495
0.9986511326582835
0.997719227541909
0.9983519453622149
1.0004964135710166
1.0003641747139458
1.0001206840309247
1.0003888362634383
0.9998842409513818
0.9998892179486946
0.9999283104058427
0.9999402387612114
1.0003001671711094
1.0001643413048686
1.0001394429203088
1.0002908140024667
0.9975571086217417
0.9977154734856588
0.9974556607789996
0.9988622310984148
1.0073196473830142
1.016952477012154
1.008303694354197
1.0153885023728533
1.0053815326113877
1.0050254904653197
1.0038165227466
1.0016559602369632
0.9610045234922723
0.9568845438520729
0.9790838610473238
0.9911804871877351
1.005080312147051
1.0034749482803156
1.0058532119930217
1.0072635223869235
0.9986807068857597
0.9976177105635519
0.9974797139966783
0.9979873623981748
1.0004067357683712
1.0004662044497026
1.0002346779786384
1.0006700143559073
1.001312471518283
1.0008120831695664
1.000730918971657
1.00097811491043
0.9926614043809994
0.984575344683849
0.9890428767694787
0.977366260811177
1.016397256549557
1.031480279850627
1.0177322438652459
1.0334624897241331
0.9994020790204269
1.0027698936603626
0.9997365922840544
1.0019688800030007
1.026076450898413
1.011087066194399
1.0067922997390242
1.0300187181784293
0.9968299518242462
0.9978607363319405
0.9966551662277023
0.9969264445163996
1.022370651589647
1.0081357985387993
1.0107922646883973
1.0513364767705875
0.9952033583098194
0.985728639768904
0.9853830000406709
0.9920689099862418
1.002295060020268
1.0035243472295727
1.0023154497359712
1.0013859889809344
1.001240226058571
1.0005590157161204
1.0011413425706777
1.000931586887598
0.9920341814123074
0.9890538134218366
0.9892154812757593
0.9848452950861631
1.0486016486565601
1.065196832305234
1.055957776020208
1.0547859210911759
0.9905482874625513
0.9874686594698712
0.9858185193406825
0.9935260022404422
1.004613881302898
1.0137072267286078
1.0016205939479423
1.0122314764754983
1.0026310897270998
1.0048092703311604
1.0038339302653108
1.003119416695526
0.9903926262919636
0.9705922515650659
0.9649376586501507
0.9823883477932015
1.0077358586669678
1.0029588569162475
1.0063314682490194
1.0024915125743503
0.9879109239704392
0.9983752040332969
0.9919563482588161
0.9905203387512882
1.0262997509809881
1.0200181796233734
1.0386745946030245
1.0705478573611202
1.010995765320432
1.0063341473035026
1.0054438929684202
1.0154612610928624
0.997034216018731
0.9973221436222239
0.9984724606607757
0.9969333926853772
0.9816268591982497
0.9934392958019463
0.9833363246544534
0.9908715470813583
0.9865491536561009
0.9863346989748916
0.9755984093835625
0.9901736661223969
1.0740182400004836
1.0723945389800893
1.0876666970264042
1.045103533780607
0.9821586535575562
0.9935827913019755
0.9848499299572169
0.9898745917948358
1.0020855124738435
1.0024672319065455
1.001432176536756
1.0034288626018784
0.9988832667573074
0.998823937081302
0.9988941597731481
0.9989140022024835
1.0029941684193704
1.0029134145544565
1.0025373918722613
1.0025579334303
0.993999781935808
0.9889674938661197
0.996515880405145
0.9782494717930975
1.0049669928996665
1.0030731808084543
1.0040924870088899
1.0035850219647815
0.9992721148406539
0.9998158874376901
0.9996866159105916
0.9994442782565301
0.9994230494375447
0.9997166630912371
0.9994291046171815
0.9997482223026958
1.0025215935303116
1.0027456458012853
1.003106064451642
1.0026979446042297
0.9975375064206956
0.9986999218844818
0.9977334322066145
0.9978279629482929
1.0033841805214871
1.0103293942370635
1.004331496694805
1.0109933069648573
1.007011170874223
1.0084875254313128
1.011090985439146
1.0054467709216206
0.9909013770896671
0.9935877096528571
0.9870702356986003
0.9944757076461048
1.0026977989584085
1.0032526903335406
1.0015264777448305
1.0038049073397624
0.9976342583651852
0.9983440637787828
0.9968558018156498
0.9985896663368098
1.001776740986359
1.001159107698048
1.0009303855050051
1.0009713887297043
0.9904783093684211
0.9935827331419502
0.992831921165892
0.99051919599019
1.0346146270032401
1.044596601861042
1.0501060807842446
1.0162503023487692
0.9095861345467686
0.9191929896382028
0.9768988600006064
0.8720616452394576
1.0269683445770008
1.0214463981492203
1.0203979561969776
1.027803600028515
0.9896744815315893
0.9881221048562974
0.9965333470476664
0.9949722648674122
1.0016165359460827
1.0010561556147821
1.0016244913714671
1.0012459055702947
1.0014113403277027
1.010803811414905
0.9997641126657295
1.0054797645549212
0.9984036409139789
0.998739082840615
0.9994652444186958
0.9986721778288035
0.9993119579079276
0.9991508936032893
0.998682032926877
0.9987467099607795
1.0164351970146648
1.0090087145652291
1.0069971997815812
1.0207770439443336
0.9941755192633381
0.9970983611343618
0.999106162832787
0.9952786976797049
1.0007148527588692
1.001389749486151
1.0013872708129565
1.0006436973179678
0.9995002403072498
0.9993745282986127
0.9997245337111305
0.9997753149707572
1.000564337540104
1.000931434594364
1.0029817971940167
1.0010410527417186
1.059163297429711
1.0267535422136984
1.0795938040288182
1.0563333979651865
0.9919382470857626
0.9878465966566689
0.9948076220004091
0.9897577859752004
1.0014761745647223
1.0022764750438922
1.0017529619397765
1.0010606481823643
1.0087009787778132
1.0047509908038694
1.0034055192706306
1.005347607167945
0.8637772260522735
0.9128850127685826
0.9253285220349305
0.959641799122246
1.0104864134801281
1.0104227537677977
1.0085219276476114
1.0098339089621509
0.9983696646599123
0.9976988381636673
0.997566978554899
0.9990805955486682
1.000304990658435
1.0003728148140136
1.0001648530620033
1.0002968748326966
0.9995176669571653
0.9994082347293051
0.9996202170280272
0.9996032697944369
1.0035038536137566
1.0016976906217911
1.0026466157282763
1.0025414828716492
0.9989630052301371
0.999339234045306
0.9991137943303698
0.9986708290607287
1.0134764795138476
1.013435007894565
1.005318516171315
1.0098907738334255
0.9928789320953382
0.991148075640466
0.9934359767825107
0.992212132664423
1.0316661974325638
1.0160082978166316
1.0307805371244312
1.0095977861758714
1.017016129154703
1.0093972675796954
1.0170550823856184
1.010678656221545
0.9978889046328616
0.9952202400183022
0.9965789274186054
0.9978138943665958
1.0024962484177167
1.001511393719252
1.0010690052323388
1.001394869880174
0.9846655233877163
0.9944854498144792
0.996769627122476
0.985316829926156
0.9924706120523791
0.990407160513883
0.9948936813789814
0.9861215441894645
1.0738272573643108
1.1177141039287188
1.0583116217316668
1.0869144728287552
1.0032389317891732
1.0086477677024195
1.0071198226531475
1.0019832448592356
0.999546576450439
0.9993349769308443
0.9988338375481406
0.9990061739623828
1.000274052491819
1.0002779329050477
1.00045385374227
1.0004711111935247
0.9994096113363684
0.9992259869446065
0.9991885139588732
0.9996036022209626
1.003687138309198
1.0063992612508998
1.0016341520055938
1.0043574738239494
0.9828312635798852
0.9858902064615083
0.9543807868928305
0.9659367684630991
1.009216914681435
1.0081323254187782
1.008574212005399
1.0090707938732466
0.998276606185376
0.9957829411135583
0.9957077987863014
0.9965625114391089
1.0082273000328543
1.0055161701688204
1.0076452164952083
1.0090748632808442
1.0152388407761757
1.0096809201328416
1.0042077693228602
1.0140979193788087
0.9766024779122253
0.9712296974464677
0.9869127309012469
0.9761264783874243
0.9982905618857569
0.999836815337963
0.9989463742011712
1.0012678926870031
0.992095539551753
0.9881094163413795
0.9949716780906747
0.9903907244384754
1.083730390069771
1.0892419154667665
1.0754454744732511
1.068526115153817
0.9371487168171054
0.9468627372096675
0.963886079175867
0.954578421689092
1.0352355151621244
1.0244904677945754
1.0322274270786362
1.0264051217862136
0.943076830627576
0.912984704162383
0.918264821073822
0.8889766795101178
1.0597912789141355
1.0443880971353103
1.0661375681724363
1.0581592133660955
0.9886070117665833
0.9770365927229725
0.9812184270898467
0.9870061637416296
1.004527107124958
1.0032611143262766
1.0061990464536055
1.0054130289299554
0.9993728467992944
0.9987644824646097
0.998335177793457
0.9991768333146707
1.0003590461262013
1.000219446228138
1.0001233694470473
1.0003052082857187
0.9996321481387734
0.9992335230242343
0.9991376829027354
0.9992952680494763
1.001919907301262
1.0017438655941862
1.0052144975509347
1.0050516002743524
0.9992341795981717
0.9987618506819512
0.9988044463474842
0.9991907515584492
1.0006196678521673
1.000336465377598
1.0004326263386636
1.0003009314645699
0.9991095176384465
0.9974215923045957
0.9987621566529762
1.0000309257444144
1.0243746991801574
1.0383847612029828
1.0172913708878928
1.0281601902257458
0.9932721736569722
0.9894009328780151
0.9843279258576169
0.9878544142014367
1.0319408011275597
1.0270933310503976
1.0459030002916558
1.0516713688969146
0.9902866401360517
0.987639732065095
0.9817423713860367
0.9917675287692902
1.0114892295350528
1.0076874320287166
1.0078380458571599
1.0146983666392648
0.9977594627800415
0.996830321183283
0.9963431918512906
0.9943917608952326
1.0401966312199704
1.040405270600658
1.0175975019361188
1.037005166654244
0.8598559656350186
0.9224626353635904
0.9621217145336317
0.8598472493712132
1.0830957814452273
1.0576863756450974
1.0883818494868478
1.047891080831361
0.9827991904204134
0.9886181346212803
0.9765751711357723
0.9801406779304135
1.0085450579850994
1.0071014225664183
1.007682019386944
1.0088532427126058
0.9833311359397885
0.9847871586139589
0.9891532982287237
0.9803143689411626
0.9905993691841618
0.996037838140253
0.9815949953019837
0.9738807824238793
1.1463425428857736
1.0247595180085736
1.0222318713402196
1.133195778086785
0.9538061015903927
0.9867544414587777
0.9666359753963751
0.9628979110354073
1.0084517722324988
1.009445375194974
1.0032540808749788
1.0081934187547785
0.9819427262174071
0.9816551418646141
0.9885851157319449
0.9934791080811263
0.9894467187225569
0.9847997590847447
0.9795446851149326
0.9754202726119643
1.0383968141668045
1.042730680924296
1.0357810871680895
1.0494087393487248
0.9782204711053678
0.98638681115047
0.9781901660165876
0.9900873411798984
1.0027115624719636
1.0039330186533064
1.0046128071229277
1.0022890009742205
0.999508845108281
0.9994136488136662
0.9997327406782367
0.9992357096007712
0.9986367297606964
0.9977143211880569
0.9988424246578291
0.9989319219500226
1.014823972013846
1.0106993475524066
1.0132728799771176
1.0083720778517125
0.9858885335500044
0.9730949933126011
0.9806870682805743
0.9782323887765304
1.003218637810177
1.0060670337467328
1.002859763257511
1.0049166332118258
0.9980212793996149
0.9987175654398315
0.9990081213033197
0.9983550120186576
0.9994620042604552
0.9994380672299538
0.9994567134585192
0.9988348559521594
1.0231819822878931
0.9990774127026163
1.0111972395721773
1.002033715047701
1.0295346758279114
1.0759868866564302
1.0336066080393
1.0689960249176014
0.9847451428432247
0.992574597015833
0.9824025097437485
0.9826314312152664
1.0071093601790972
1.0063969269781385
1.0089231926177753
1.0021970097742718
0.9797317262370483
0.9802830997292253
0.9770345069201717
0.9720816472596694
1.0077379350974216
1.0092076745455456
1.005289271214982
1.0070582441533353
0.9918622824304162
0.9844197745065537
0.9879235006532254
0.9843475747049187
1.0634024523423666
1.0436929704534743
1.062736168448739
1.0336610277578708
0.9966864357295804
0.9975950691220768
0.9952423626386055
0.996386406716502
1.000891391417169
1.0007372241131542
1.0007750601803453
1.0007062996123117
0.999821447587106
0.999822550308956
0.9996810509558871
0.9998364007331508
1.0001646243051605
1.0002048331072078
1.0001333243778425
1.0001059931032983
0.9994267334397823
0.9994309015252897
0.9991252568739343
0.9993633814717094
1.006224565758088
1.00625590658771
1.0023084085001048
0.9997723222013105
0.9964020849034081
0.997506739962804
0.9967957048231207
0.9975372302320809
1.017481921879829
1.0071995864131245
1.0091440074663862
1.0190593871028069
0.9933917343838805
0.9960539294208004
0.9964936342897229
0.9976030898908708
1.0047259213917872
1.004051484577451
1.0035120219503944
1.0031899971489726
0.9726000916074165
0.9831950534249028
0.9825961369882437
0.9804193047135543
0.9817325574986747
0.9876176863825618
0.976078043410468
0.9862776110712665
1.0858954508374068
1.0679933565838138
1.0817710351352727
1.0830901160657982
0.9583923528236012
0.9854445105661179
0.9664350564648813
0.9476754856165709
1.0238898723238814
1.0478940694440837
1.052601648101605
1.0324473824546885
0.9794055858675436
0.9958396572941118
0.9930131515629637
0.9816708359792449
1.0315356574593697
1.043217665595664
1.0122039423487306
1.1812313291897003
0.989445589440579
0.977494145643878
0.9792619978164204
0.9910576009645549
0.9766846635659431
0.9890274463998944
0.98624336436436
0.979408986455225
1.0032077531758774
1.0031680743766824
1.0035415739694669
1.003832306375644
0.9985427780842961
0.9994040433496693
0.9984122233659919
0.9995320467151041
1.0006663646048906
1.000432584715181
1.0004184863789165
1.0001432626326947
0.9891835532587304
0.9909636005496681
0.9931977519688464
0.974987013214172
1.0080568856705914
1.0138132625313772
1.0120280956512828
1.0141022949637917
1.0049823998803435
1.007688681368324
1.016843917305588
1.0073142060769018
0.9994708521968331
0.9989674011141066
1.0024013603273858
1.0005374601626145
1.0127560552219153
1.014330021928299
1.0430879134732804
1.02412742617759
0.9951020072618493
0.9948864434506193
0.9974002828147774
0.9967410390675859
0.9902827999672286
0.9944950169007329
0.9924369250262132
0.988379449632698
1.0261931977254282
1.0331206155421286
1.0574682652557552
1.0031921103416284
1.0826694455076036
1.0469871919312363
1.0812652911102003
1.0731383468028033
0.9722950352158989
0.9844084281888463
0.9814243148041014
0.9921669125613806
1.0022789248747346
1.0018008559578548
1.0020117413756977
1.0058790532015445
0.9983962612215717
0.998423689314893
0.997628159824593
0.9973127627999129
1.0110911448444626
1.01209417982651
1.0127182202351677
1.00791499233333
0.9965814490705315
0.9983837740788002
0.997770381653393
0.996833731615704
1.0060180862838313
1.0028565873497985
1.0040601803988412
1.0056295865340075
0.9740285151310896
0.9828701553492787
0.9707797450393201
0.9519944572056639
1.0110016193406783
1.0139684892416285
1.0105884034417247
1.0067286326942724
0.9983662782631894
0.9981188386828196
0.9983422226923548
0.9983538316387743
1.006004472891035
1.0045569284283893
1.0066560226714505
1.0036497298386717
0.9989659319669422
0.9980287232859262
0.9984069582616152
0.9978534405418863
1.0003842754517784
1.000600210893236
1.0004951027235744
1.0005068085168893
0.999835814165724
0.9997656571434544
0.9999360021807062
0.9998437498068338
0.99996229070763
0.9999177649698713
0.9999155130455941
0.9999042109027173
1.000051291449007
1.000037625725459
1.0000256216192378
1.0000271977816748
0.9999053510984324
0.9998310726209113
0.9998371819663407
0.9999406620338804
1.0013899406999136
1.00128556762325
1.0012058339971444
1.0010340927697456
0.9807125814564271
0.9893270439915333
0.9917564125476271
0.9745603259569294
1.0393990556764283
1.0233049468883966
1.0248643062270604
1.040074579637269
0.9858308485642986
0.9917746843796847
0.9889518191152326
0.9872685906496607
1.0191037049990725
1.0162612130218596
1.01474103188384
1.0494097580200608
0.9862284972800632
0.9929397751800585
0.9923203445647951
0.9923953108512106
1.0062991941518649
1.0113234349706992
1.008948759584107
1.0124515087629624
1.0033354199335853
1.0027161624197685
1.0043448049730943
1.004129118772267
0.9945657279518816
0.9951277373771107
0.9969498513763287
0.9971950141951954
0.9861473027179449
0.9945462632426333
0.9916592734487787
0.9856747306300944
1.012161099556974
1.030098038885572
1.0405413662666405
1.054178386973209
0.9905889180228321
0.9783559491934669
0.9913136425027024
0.9903280001816671
1.005261904450569
1.0025151452003955
1.0027923223560378
1.0036944476355418
0.9991102969486084
0.9991270994172369
0.9983820956368602
0.9995242073869192
1.0015847263981368
1.0025681186673836
1.0010506538849282
1.0021311545649134
0.9844043926921908
0.9941399554473769
0.9832516480603305
0.9815107852598325
1.005984488686212
1.0036589223321182
1.0033576952706993
1.0061593332362486
0.9982021923529629
0.9984748882944909
0.998022567304841
0.9988391726105963
0.9998190048915208
0.9997963264675926
0.9996646681149602
0.9998524401043868
1.0031823628445804
1.0012189901303143
1.001962713180215
1.0024445158298174
0.9831015359482895
0.9814505422725311
0.9942354823022219
0.9818780933830883
1.081768966764399
1.040799747831769
1.0575081362623235
1.0885047557325231
0.9876156654344749
0.9931469825296173
0.9923296091750231
0.9902808948969003
0.9986356317733607
0.9975008763855944
0.9977533940573099
0.9980174939349367
1.0164730047923842
1.0185062857703209
1.0059221517042558
1.020632718230038
0.9944650313168082
0.9974999624767728
0.9952547529179459
0.9938745915341715
1.0007427101287796
1.0009823470677466
1.0007863981486993
1.0007125119293971
1.020793500231289
1.0078449302010084
1.0019182747594224
1.0276852820109972
1.015223227240506
1.033977262277748
1.0577263216030235
1.0411101655888866
0.989626511035372
0.9871201402471512
0.9918071326499908
0.9888948348142638
1.003052813322252
1.0030097212583844
1.0009233365608685
1.002564051138198
0.999886703444702
0.9997765455024237
0.9999426262167322
0.9999458141605461
0.9968652888993029
0.9976310602935075
0.9968466188791575
0.9956219020109193
1.0399106847727921
1.039353303665501
1.0283166851845944
1.045552280799185
0.9999961815719498
0.999454491403805
0.9992773543096525
0.9985422437054647
0.9847453935042488
0.9430063011192167
0.9541800113130571
0.9843042387071926
1.0062981101188473
1.0049907319288476
1.0071229653184746
1.0123523115893684
0.9971400997483012
0.9967883153335836
0.997984742424992
0.9991991599611253
1.0002634135765187
1.000894529777844
1.0009548540509623
1.0010474835040364
0.9988279651550415
0.9989658712971469
0.998132553407756
0.9977149836878966
1.0046144490701758
1.0106622903601616
1.004992766132288
1.017528561596819
0.9997749236010852
1.0000685534720457
0.9996253617548506
0.9997602969478753
0.9763962911462212
0.9735812731736536
0.9781580195735249
0.9825089485391102
1.0120808831335764
1.007539215183964
1.0081935478509367
1.0079739135185224
0.9986397274271905
0.9964655298988645
0.9973526515505159
0.999035664186453
1.0030483111597357
1.0021724094687112
1.0016216532257025
1.001570208643798
0.975581382848395
0.98622444732778
0.9903616059665974
0.9789202190220934
1.0057724445644296
1.0079585077852908
1.0048353792511193
1.0041902526765674
0.9868945412091895
0.9905750294911525
0.9843057183148054
0.9753077891855548
1.088559368688193
1.063176117435801
1.0893613925928585
1.0909353787745557
0.980439491497753
0.9705393607350471
0.9804543913408024
0.9840334861094893
1.0054838374237682
1.005267988483782
1.003650919650367
1.005500510632082
0.9914708187623762
0.9971483530328857
0.9830735029661292
0.9962465100087292
0.9294866072748182
0.9018602403520647
0.9617799446456242
0.8968771509696615
1.0306991313613578
1.019614424908854
1.056624217794934
1.030274140385793
1.0008238253778265
1.0057241924476439
1.0128982503201576
1.0000859511499696
0.9977391334509776
0.9976532975957129
0.998734378487547
0.9975763384907137
1.0149179634263152
1.013739535490923
1.008387080840113
1.024053831749847
0.9928247401041311
0.9936893720369026
0.9959962288155916
0.9940203608154103
1.0069462488688137
1.007297313821838
1.0078604896972823
1.008359397677147
0.9889843218337045
0.9883444406097839
0.9864147323840251
0.9943546371582689
1.0630917534211848
1.0288767632128901
1.0457028484548048
1.0589805587133732
0.9857645513520893
0.9908208134376674
0.9840202584334674
0.9880661280845332
0.9936882389598475
0.9972807067280124
0.9952735834936258
0.9969261341419542
1.064487284441397
1.0381561728565905
1.0494083997659476
1.0433583144364855
0.9765521321272362
0.9588819853535812
0.985974623117793
0.9623188988928045
1.0063581910719563
1.0044192029121397
1.0089871193877515
1.005953885604267
1.000912847884802
1.002533679773037
1.002505035176439
1.0004229913289382
1.0034789959359525
1.0027187419386003
1.0020729790732485
1.0040980029062228
0.9845903392424017
0.9784190253664213
0.9915961343032195
0.9759640671723541
1.0099718146064054
1.0102061485768563
1.0068450356305862
1.0164534577742994
0.9912975745619067
0.9972950996470727
0.9885472082928854
0.9884657085223212
1.0325945235054501
1.0543509992243962
1.0521364534873763
1.0774177814575232
0.9800792803892039
0.9733147863910863
0.9874738191337882
0.9832526109031089
1.0049254406933945
1.0038838898085871
1.0054776489596877
1.0030439215888627
0.9886553846214365
0.9840251113154875
0.9869106632347647
0.9917639385457876
0.9990245984508414
0.9970185799484064
0.9975863228492222
0.9967127403839793
0.9957711123132275
0.9983985743521102
0.9980870794421202
0.9956197152900531
0.9929577381570096
0.9941346590483771
0.9918327413101258
0.9920785694903804
1.0638523805933164
1.051020910442846
1.0353349784440493
1.0606089530872778
0.9791455893622732
0.9821626231038267
0.9870698792900925
0.985579043709295
1.0029005562778215
1.001528851346301
1.0019926819798366
1.0014337480175002
0.997170113250991
0.9989440191180653
0.9989504565699523
0.9985040997813096
1.0147665181825103
1.0084389129389273
1.008148008419928
1.0137206377829886
0.9978598271938723
0.9990922281020914
0.9986374686327739
0.9979166195974899
0.9894785561251671
0.9938438353993083
0.983980083976074
0.9805223591935768
1.0978815193599516
1.1135487431813185
1.0767607633721847
1.0648883683961892
0.9282513475129699
0.9323050590412795
0.9612329493861522
0.9633224397737158
0.9718865570378601
0.9663067470437242
0.9342553707977466
0.9737560818170076
1.0028958962567973
1.004360542292486
1.0045431729172554
1.0048816549519233
1.0391039464257197
1.0480773732376372
1.0126166846851559
1.0395879044838257
0.9854963847718904
0.9882627406977031
0.9861750603331088
0.9907859508931723
0.9999629721912305
1.0000377859672236
0.9998539318966362
0.9997589398453578
1.0127650969545314
1.0099428437665752
1.0109422070313066
1.0077889585397626
0.9397338757458958
0.9372065816493365
0.9538754667743253
0.9109271901324305
1.02389199518452
1.013972332730274
1.041050933635343
1.0362441420202682
1.0029030473727658
1.0105998283938948
1.0083943473215269
1.009254297412421
0.9964515498634916
0.9972041653621521
0.9973280734504373
0.9968754241090104
1.000163871365116
0.9999936014367056
1.0001744156361456
1.000117976027703
1.0028967658957493
1.001625304730738
1.0022918762093933
1.0032537442515386
0.9868146697374072
0.9860998581395465
0.9826130379309241
0.9916057240177564
0.9857204572835874
0.9774586974275187
0.9745972551573007
0.986652029678359
1.003994335170919
1.003982011269614
1.0027472225677365
1.003389114639641
1.0002855616496245
1.0004920454405544
1.000334853282741
1.0004602088645513
0.9910954641912868
0.9952067979162793
0.992439078468774
0.9920714769933424
1.0134696468520192
1.0378368365969775
1.0398867105357
1.0578313824245156
0.9913099343506904
0.9925063013471113
0.989704117465548
0.9891866493368336
1.0033645169073075
1.0041300748650661
1.0031349215382275
1.0036618459553346
0.993993277820159
0.996269314380614
0.9876217015755365
0.9906388441887156
0.999444997405671
1.000087843405404
1.0001639686509014
1.0000069753841194
1.0283315276099636
1.0229773761123269
1.0144408761491357
1.0449479796884082
0.9851047700043366
0.9930577348610391
0.98582181083171
0.9960843913235647
1.0159332678154431
1.0098399976611405
1.0089946251058453
1.0143232878017456
1.0000593497148607
0.9997184153517912
0.9996039583077305
0.9985954255662444
0.9901040622711063
0.9838865971433927
0.9829606769207611
0.9874240943623238
1.0190271315132826
1.0466352933212835
1.0374722991971077
1.0510061405369122
0.99221897937364
0.9885738344042561
0.9904648844063902
0.9880692380936524
0.9984746454633003
1.0002779505159043
0.9993614274812315
0.9988911514769282
1.0002003935571078
1.0002466086079334
1.0001784406161205
1.0003727302817247
1.0000265246146767
1.0000030076887605
1.000012066250197
1.0000308540362608
0.9997216160867906
0.9994784683224964
0.9995037996740852
0.9994789813134265
1.0036225912105987
1.0015450023237107
1.0032587084865827
1.0034211364555345
0.9883942151062061
0.9787141577684155
0.9758077852930468
0.9866692052889026
1.002624064703437
1.0014979458915676
1.0014569733852854
1.0018005304621938
0.9992595704074679
0.9996290936621022
0.9997658962682031
0.9996203279416128
1.0001503242961611
1.0002439224442783
1.000237474817774
1.0001789529579386
0.9993541004576437
0.9994509903183575
0.9993694267436444
0.9997304413382773
1.0010583964758735
1.0008750940282134
1.0014838503587962
1.0014347453943353
0.9889875664367502
0.9945223645680917
0.9895093715718377
0.9946886019209
1.078357361575124
1.0828753094560264
1.0350044706943364
1.078568112149138
0.9479290403557953
0.9626024955468871
0.946887975782849
0.9684904130108765
1.0058646172511676
1.0064199000949476
1.0047275988625812
1.0100450983586797
1.0067186995146034
1.0051714496525463
1.0025906123685075
1.0068436554571853
0.9825772008723018
0.9343913618282341
0.9330685344340616
0.9235529515487714
1.0408522598784353
1.0281004741958037
1.0432466554319662
1.027906037183727
0.9880063252806002
0.986367238706218
0.9959786411226601
0.985819935075202
1.0034239401158744
1.0024245336853137
1.0035310793301773
1.0033244646486175
0.9996839077199104
0.9990241431922919
0.9994750148656496
0.9990916737661677
1.000352077561091
1.0003798379915807
1.0003230880183354
1.0001702628246936
0.9995588723796723
0.9994698487704042
0.9995951092075573
0.9994117501643018
1.0048073150803942
1.000731335471033
1.0041096315815123
1.0137306734171452
1.0534941931272914
1.0127220751827146
1.0406919525381126
1.0525036604415179
1.0239981046314515
1.0058920883950948
1.0044900052995787
1.0254112451378832
0.9965307649754321
0.9966753679409642
0.9969860132693042
0.9962266923491832
0.9811046484959588
0.9907977835123747
0.9913062264709986
0.9807690844798557
1.012140112288622
1.0213825125611213
1.0132396612508001
1.034567491339451
0.9934871914146652
0.9922936430146729
0.9940309986193174
0.9941836949755459
1.0030183506681516
1.0134759231248163
1.0107552277095015
1.0129702139503298
0.9970218723565649
0.995262448127709
0.9981061888406819
0.9968865181176446
1.0004052316307572
1.0005800536917882
1.0011974681682838
1.001247628807783
0.9990914639077502
0.9982987908046244
0.9991197692222091
0.99857595742326
1.013383135375042
1.0185776942640636
1.0202821967908373
1.0015616014332454
1.0160493587193293
1.031203954648769
1.0625891833088679
1.0789946977910398
1.019741927713721
1.0123533980388937
1.0275798349474836
1.0392500358808594
0.9848830179955952
0.9900086302486909
0.9897739954254118
0.991497254511689
1.0092498178985856
1.0117295193815015
1.0106756713065521
1.0196086956053945
1.0218301067995974
1.0170170883635348
1.0245443049413325
1.002315231494176
0.9926457527351732
0.9970780110387709
0.9946136838983242
0.9945064742099476
1.0016229408241741
1.0053993900592908
1.0048963845645928
1.0017413079807649
0.9995205222676973
0.9997600224953844
0.999550636809553
0.9997106611641425
0.9995681996384355
0.9989786868855752
0.9994412194028023
0.9995389788651599
1.0038941526995249
1.0032595984423094
1.0056810740313884
1.0014372920907546
1.002398698557322
1.001602669075286
1.0004272173604347
1.001637309823954
1.0173454925343102
1.0091078469904449
1.00820164472623
1.0144848743260424
0.9985428648951259
0.9970282836355201
0.9965906388281157
0.9975654862500719
1.011075362777402
1.0035578411245587
1.0070142233844994
1.0049461546728504
0.9500702846712636
0.9688141713660566
0.9585984936088595
0.9626747336546234
1.0009391375929213
1.0002231150016028
0.9993611222946615
0.9982395296867993
1.0000584452332337
1.0001046052369933
1.0001341838443767
1.0001145360306902
1.0009866436224812
1.0006050327675196
1.0005699624456594
1.0004010844755105
0.9910335324128309
0.9872527902690222
0.9931451604317927
0.9919298182908037
1.0019653707937917
1.0019348782248392
1.0017750850587115
1.0010182275741555
1.0016524480714408
1.0013461389409128
1.0006540475449293
1.001483811401278
0.9914230993781517
0.9882645955627792
0.9940775087674337
0.9866746932211516
1.0900265700117615
1.0679135948846958
1.0562981611128486
1.069359733349033
0.9827098893010962
0.9788585457298341
0.9855725399854365
0.9790768461510065
1.0061340684833373
1.0085603109124746
1.0078799227706254
1.0040921445907915
0.9790190104180898
0.9583996230425958
0.9773461659815776
0.9589790570739918
1.0107533786488863
1.008850623773405
1.0108122814695848
1.0076488851053673
0.9972009492760515
0.9988156843652028
0.9995578772242288
0.998758153852621
0.9993708387050378
0.9995337770176087
0.9995199394223591
0.999514014389366
1.0025397807509209
1.0034008018438065
1.0024543814702211
1.0021700648117637
0.9792293981912898
0.9764589931591309
0.9911302319505809
0.9769959141638505
1.263571272665806
1.219324218333885
1.134522056252256
1.1228269524582144
0.8108433163314569
0.7795694566500848
0.8396851669049922
0.8867723198144413
1.0391517288340368
1.0417574978006188
1.0518152334307311
1.0256310977483962
1.0101956290034586
1.0238473790959777
1.0288103807318179
1.0239176222960331
0.9939260919141786
0.9930595152496043
0.9936332193754521
0.996468453642546
1.0013512522405275
1.0015088577323323
1.0012567497568976
1.0011603085199237
0.997643729623033
0.9988671930176474
0.997543486310749
0.998178986123335
0.9935945788311394
0.9911427505062326
0.9902301566545039
0.9962129313827821
1.0394550389200226
1.018224185531373
1.0184665386587155
1.0282126512696612
0.9936284598639695
0.9934054917331295
0.9955713651139578
0.992715074879128
1.001139373356988
1.0023741694271924
1.0013693100063095
1.0010890286404146
0.9995596216959345
0.9995722428978226
0.9998846477998248
0.9996249602420408
1.0001340679729103
1.0000770074802356
1.0001303819840046
1.0001001167241959
0.9999658943446139
0.99997342874369
0.9999785964588463
0.9999700962616778
0.9999924616687901
0.9999902011450219
0.9999829318405947
0.9999917871090291
1.0001857339801596
1.000243805364046
1.000036263387799
1.0001836300989941
0.9989289390385249
0.9980101244040652
0.9977204121498303
0.998112164043655
1.015605899229598
1.014038824022364
1.011825920202548
1.0062538533233158
0.9977780356701635
0.9973591895652318
0.998223992239165
0.9974562832789594
1.0002962998139513
1.0002143473680027
1.000262476163369
1.000119913216876
1.0001906269113054
1.0002229225814332
1.0004076745257586
1.000265008383015
0.9983594291373793
0.9986548310546256
0.997339035063077
0.9981243831768934
1.0263140712013272
1.0118405480521633
1.0275570859251637
1.0125103626954983
1.0351246888757033
1.0132731101711152
1.0268091321627857
1.0325869408498431
0.9709149138464208
0.9911663494411068
0.9955579524065058
0.9794188722762674
1.0001505605711294
0.9989614008243476
0.984701011877096
1.0012098875522653
0.9533586402612877
0.9361425430490521
0.9151429628115005
0.9603649054089961
1.0118067816533811
1.0174672481602947
1.0052341685469615
1.0091037742651927
0.9956739632989476
0.9894870927563189
0.996212214657827
0.9929017480797524
1.0008008438463445
1.0006656496133184
1.0006165313031037
1.000069494188121
1.0056897711369497
1.0207851313611833
1.0110837352639928
1.0165620285997874
0.997296265298095
0.9994905991909218
0.9956771079328752
0.9950971786840158
0.9963256977808427
0.997470147576185
0.9960253694417872
0.9961644333925669
1.032240911904359
1.0184823376372358
1.0380137968335483
1.0266965432040758
0.9849280620634533
0.9936028269112382
0.9867467324969275
0.9943536850826379
0.994879990298387
0.9945146654576255
0.9939081894883514
0.9960482445869757
1.0010889598375639
1.0028402785869848
1.0018079477386341
1.001579345592479
0.9982222804692373
0.9971251145756356
0.9984202727643734
0.9982275570651853
1.0285686100105151
1.0101597291363655
1.0294314142681218
1.0360737803775002
1.0080347693202882
1.0225243280570202
1.019377434192589
1.0198741815045782
0.9980807172944668
0.9993580647688803
0.9957861458094646
1.0052774282792174
1.073983706407268
1.0605502167925056
1.0691214313297719
1.0849680664769092
0.9806665986510089
0.9834897902912483
0.9749593741041099
0.9791525480683411
1.0031683624600771
1.0050463673476346
1.0053652731267662
1.0045633042129392
1.0059666826641773
1.013424581840326
1.0104334339392618
1.0018727383875108
0.9993956162172295
0.9987872609809954
0.9996947281513291
0.9996737554513433
1.0001109216625346
1.0001780940613905
1.0000456020803603
1.000135673818225
1.000032109463694
1.000042691524247
1.0000160501488944
1.0000438575024864
0.9996849825557661
0.9996275519286835
0.9996068811579505
0.9996548766411433
1.003797137095418
1.0041501852477646
1.0044026786856532
1.0011925362501894
0.9990792458777213
0.9995313400477049
0.9991857749792856
0.9994385339088088
1.0002505624850282
1.000248745169114
1.000155764814398
1.00005059242959
0.9999793561955017
0.9999617721866647
0.9999643365281795
0.9999592069188449
1.0000104349727243
1.0000123185252916
1.0000146538461538
1.0000137578033639
0.9999597209280874
0.9999633133112404
0.9999608172247391
0.9999456820982159
1.0004044805253696
1.0001944572629387
1.000469688519928
1.0001042630555759
0.9999961267377626
0.9999852031422659
0.9999994111168421
0.9999962479083917
0.9998127011376541
0.999706692746966
0.9997706138288718
0.9997492497792422
1.001648540822098
1.0022285652202843
1.0021442445279554
1.0012919256293404
0.9991324922757081
0.9992999605403662
0.9993942919158635
0.9993796880953705
1.0005971677305847
1.0004144601203435
1.0005873774180782
1.0008844749463512
0.9988720749925238
0.9980129690757185
0.996123845386199
0.9978372676919651
1.0088822090183207
1.015835957019406
1.0165448716758352
1.0113464141953292
1.0038874655419352
1.0104176235401507
1.0202086601959999
1.0292570190303063
0.9984660052525455
0.9969713107927914
0.9984515886835421
0.9982040414222257
0.9925064149044576
0.9896127574502419
0.986410484256726
0.9890251663588358
1.0330944938196054
1.0543312887106286
1.040470004333381
1.0750892621020551
0.9881357450402262
0.9922517278555044
0.9878868378493076
0.985516258560288
1.0080738988358626
1.0045793835029713
1.0078704804167073
1.0062554175307046
0.9891876124786623
0.9827208531902016
0.9812121727512099
0.9825365853561452
1.1124022464255092
1.0606817237671844
1.1066419985057834
1.100962753453327
0.9972411829552713
0.9989164034076208
0.9999199107976207
0.9964849472610402
0.9792845553269017
0.9415454945569123
0.9520156170875012
0.9401780304645698
1.0281629341086238
1.0297095018012188
1.0334356202817672
1.0059571287588498
1.0718275459801077
1.0791847940509232
1.030314203538005
1.0533076720210819
0.9939820033749099
0.9892127921844256
0.9915500398820893
0.9884580038405973
0.9993063786174133
0.999588072450722
0.9993177908276921
0.9985222239873749
1.0248121869871947
1.0112067297526912
1.011706008664879
1.0165445536629727
0.9139695023093993
0.8660133359590596
0.9162241859948084
0.9529921051679093
1.0323539579329437
1.0291700422624226
1.0141434217763652
1.0204890889682277
0.9940634546311845
0.9918764687040439
0.9949540155141733
0.9924769470057505
1.0027327476720969
1.0021086126590093
1.0023176268127363
1.0009144383378616
0.9996354532497536
0.999681820627517
0.9996701410956267
0.9994572882458124
1.0001250843357883
1.0001478275631486
1.0000749094179189
1.0001879779488914
1.0000149786502008
1.0000268325300947
1.0000237146475608
1.0000184752728036
0.9996159510783456
0.9994526035208033
0.9997416852632185
0.9993619539198814
1.0005410235897167
1.0006901715206153
1.0005510735627834
1.0003258662064405
0.9985933766220092
0.9958021632257307
0.9965334056538969
0.9959904516737035
1.0237015708061687
1.0230373311268148
1.0168989728463078
1.0168401791234003
0.9647878806182176
0.9186052964560653
0.9688389037832916
0.9408195157279604
0.9850122385921329
0.986197561621984
0.992955193339086
0.9803527676173771
1.008217690392951
1.009310594926895
1.0098482137254159
1.0066347436633758
0.9813397321592067
0.9780113228577603
0.997488515458334
0.9808504691773666
0.9927731343746248
0.9913560177599843
0.9807529179060914
0.9870481884420752
1.0238532359425399
1.0252549321584323
1.0046838152101323
1.03642696398067
0.993912451593155
0.9919221179708667
0.9914789289907033
0.9938499785846497
0.9996647676613755
1.0001426063886087
1.0048770482819276
0.9985643820394765
0.9671337702831677
0.9802548389373589
0.9765619396501495
0.956246132806643
1.07781903698218
1.0539719814045097
1.1137994638175752
1.0889210360153712
0.9788493013160667
0.9758680702871059
0.9863378076997878
0.977514931139728
1.0095717900504224
1.0063160706766074
1.0081829148943222
1.004268010724921
0.9979762128631721
0.9977089275753842
0.9976667877793216
0.9986710824990747
1.0023976038770774
1.0019739920797237
1.0002831790596822
1.001337404444261
0.9958135788484095
0.9911292571393507
0.9902618154955992
0.9963059209231558
1.038428930528325
1.055687807199858
1.0284262377361242
1.0384124963450412
0.9676613799054434
0.9808267624190824
0.964078890889385
0.9870481099478394
0.9989474012277262
0.9948340896239566
0.9972780407811316
0.9990102965782923
0.9983879100310497
0.9988749580725584
0.9993026964931058
0.9988248813715147
1.0156698403730862
1.009401188672003
1.0107198860683273
1.004439653218679
0.9483751698085141
0.9382849995685238
0.9554175750404236
0.926445773730439
1.0076881718284474
1.0055109777306666
1.0036578061364272
1.007744535964986
1.0492513742139797
1.0279312557857088
1.0249468937682735
1.05648678342009
0.9872425131107315
0.9734342875501438
0.9932004422914871
0.9818971778200819
1.002747791964047
1.0014100377813824
1.0021591201577629
1.0015723911242949
0.9964279401630983
0.9976333891591178
0.9967266051828867
0.9971681619937303
1.034690080608621
1.0322319723686257
1.0165950083871202
1.0180512230975833
0.9361192934087752
0.9673155815089871
0.9592403412419486
0.9111574501041938
1.0051880541445877
1.0099583099042642
1.0054936394351295
1.0068307646842232
1.009148152516253
1.0025502242614426
1.0103400551102795
1.0139021333604807
1.0149867361066411
1.0081941883716203
1.0179600014930557
1.0230522679181853
0.9969496246864545
0.9942657350217645
0.9920467393982453
0.9937642576300678
1.0009975745874415
1.0016289582850457
1.001618167322639
1.0022648577904305
0.9996892195210407
0.9990306246632314
0.9990900727872593
0.9988194976652279
1.0030954397290197
1.0006781421931545
1.000907934172886
1.0038261839748555
1.0195574685703352
1.0160648994947243
1.011892974012312
1.0176068739632926
0.9762865096876939
0.9698690875202615
0.9683139953510221
0.9719918799114833
1.0003462820538447
0.9998203036359077
1.0032289315286265
1.0007481334455912
1.0224655542322965
1.0127165159590605
1.0328295530539153
1.0039001797907614
0.9966600572171743
0.9874596655079673
0.9831538699085957
0.9896384990499904
1.0262000620665386
1.0785205491908219
1.0657119660534369
1.0426113338053205
0.9944295983428473
0.9925147495011607
0.9894357713391869
0.994453513665716
1.0011817415175674
1.0013875860734622
1.0005419235745667
1.0005681656820433
1.0007382808455971
1.0008815821290697
1.0006984481204788
1.0010919012487602
0.9895590089767289
0.9836881342485978
0.9883914014004358
0.9891652604420769
1.0076474311830164
1.0050723763669762
1.0067141793228105
1.0054180918513298
0.9789547228327046
0.9855383108597917
0.9786465574017592
0.9628799643698959
1.1404463276591252
1.0761403639669425
1.0702714489575902
1.0754649930466267
0.8857469064168451
0.8848607763007911
0.8602138456993929
0.8633670444368486
1.0307632659317025
1.0379778409902631
1.0391217530209966
1.03922107346237
0.993684377016667
0.9886085295987049
0.9929977496098942
0.9953335413221243
1.0012043537224316
1.0008877519988268
1.000887181614528
1.0003298279863178
1.001913970426018
1.0014615207508288
1.001624993343791
1.0012203747833335
0.9888299991712094
0.9891733240707679
0.9854500030731179
0.994107840922011
1.0396233441620448
1.0407326562041417
1.058676657699252
1.0278082313401284
0.9813275706126108
0.9770975299407857
0.9817185674242314
0.983633393550349
0.9872901628879873
0.9831772698129123
0.9868382300259019
0.9865411961212472
1.0015709913519026
1.0037419641042813
1.0065597065080165
1.0063899024542882
0.9985669531714262
0.9986128284808389
0.9983958488118092
0.9981291221855213
1.0005816220616512
1.000447514277098
1.0005095518826943
1.0004741318097121
0.9998630393143652
0.999867126219415
0.9999453585903798
0.9999225765105286
1.0000458386336375
1.000065307687835
1.0000384091163799
1.0000579286370572
0.9998179606197019
0.9998328763727768
0.9996675766694977
0.9997625913330619
1.0024487412284881
1.0037774383218265
1.0027404300947744
1.0026920552865164
0.9886808722953052
0.9876517044911797
0.9718311177265491
0.9682801917966233
1.0776163378844776
1.023694115818338
1.06114676277776
1.1010302647847257
0.9978763939450308
0.9937148533359965
1.0011942240902747
0.9983372050832581
0.9954560137029347
0.9966715138976273
0.9969074820296293
1.0018666312668414
1.0737006136934006
1.0336010066841272
1.0578873696388036
1.095098247302761
1.0134446666089394
1.0151189817301105
1.0118043472431724
1.0226698594986599
0.9983937915547142
0.998592095103725
0.9982470889436691
0.9985278972802086
0.9827495239102257
0.9892545252459197
0.9844816124740656
0.9865605804373623
1.0009490337952636
1.0014467171484642
1.001659015316517
1.0018466303340583
0.9968005475686285
0.9959688519986662
0.9931587075413526
0.9967351293505023
1.0491053794688427
1.0367254441309186
1.0422524817616445
1.0264541509168483
0.9757299954569048
0.9921453017965558
0.9641471157162566
0.9711314432686624
1.0020932065210486
1.003540652762251
1.009247340587906
1.0059213112250613
0.9985278569774374
0.9988232175261388
0.9985974568225037
0.9994630417632587
0.9991265067193087
0.9988635614026086
0.9986545933444961
0.998420889984862
1.0116266875751074
1.0079802287464954
1.0045732378373833
1.0104935927320802
0.9990973286361875
0.9974309148359173
0.9983239721807864
0.9983584580542233
0.9937514596726101
0.9943845289429197
0.9937440761492974
0.9932481938366049
1.049117635180594
1.0112379961390765
1.0470653873293274
1.114764821527199
1.0272031207329686
1.0228572686278792
1.0197904039629693
1.0359503010845446
0.9943173722020909
0.995939908029651
0.9961528120055496
0.9942376472235028
0.9952480771843929
0.9999881052093722
0.9936675364078388
0.9990168201667047
0.9885910724690767
0.9867989749150969
0.9766352931172924
0.9753915838206217
1.058893887222601
1.0333296763383515
1.0720152017715041
1.0709517208577586
0.9886694854562081
0.9922293279624628
0.9884830890659954
0.9901683949401957
0.9977827975660092
0.9966852447964187
0.994171298833653
0.9983448750432257
1.0025248371558237
1.0035516696019628
1.008073079231224
1.0028378791770995
0.998872034391165
0.9974589853782317
0.9964790918103766
0.9976986049767965
1.0056751430874273
1.0118874374073048
1.0066794396447882
1.0125217630525158
0.9981844669901828
0.9948821019527485
0.9953727274793777
0.9955056111933476
1.0076721643533597
1.015469066750316
1.0142555151210788
1.004349764446595
1.0014450369280647
1.00097725105687
1.001863055125981
1.0009371473319866
0.9924300462354781
0.991790168343067
0.9896849825873654
0.9923715302479252
1.0330206288635169
1.0137919347012607
1.0306328724958551
1.0105242112518067
0.9946469345425573
0.9671161638025885
0.9856549907886835
0.9673636006129734
1.0038904173092744
1.0035595238035406
1.0009238456697094
1.0025748385724012
1.040727031055017
1.0562449513850536
1.0192187512770892
1.0419324931704748
0.9897573584277662
0.9884946305552365
0.9898536417820214
0.9921334145539558
1.0072855255897744
1.003686749160196
1.0035833473163807
1.00327989680237
0.9827674937811286
0.9755705958427422
0.9911458034359246
0.979390392973139
1.0102366038806163
1.0058498733637427
1.0066687654019006
1.0103992722666375
0.9874076029264302
0.9826017322104906
0.9730322194183868
0.9822387284127652
1.0060219195013513
1.0041585288247277
1.0060586937056444
1.005556871387456
0.9996439463854399
0.999950455767079
0.9996191307094877
0.9992949313054083
1.0008062573646839
1.0009949194421262
1.000499826366896
1.0003375453314
0.9951988143359268
0.9980831625535138
0.9955432369342285
0.9968737839432125
1.0356329702508316
1.023776820436742
1.0394148607932154
1.0302522850986982
0.9927781468283922
0.9966065188301255
0.9933127615205125
0.9925896630356804
0.9985314720846588
0.9987040456839549
0.9979684921084784
0.9970791643451495
1.0453624149283518
1.058118777395219
1.0203597375003381
1.0241138343272855
1.0043109702654218
1.0015308568164671
1.0036395762671806
1.0029501369655918
0.9285796933961645
0.9624265068299122
0.8834531880966496
0.9519673193168536
1.0402050284105997
1.0615177845053252
1.1064261019680435
1.0899598335156258
0.9807446691104188
0.9715542471115763
0.9840639946357169
0.9803251375176611
0.9995386673148695
0.9971654086293958
0.9997450101734264
0.9948474456193093
1.0007973610766177
1.0006914564438272
1.0008719519046985
1.0007964897869275
1.0032959773968195
1.0013922210557398
1.0021884574855198
1.0014955845191713
0.9836717907953245
0.9869695474777012
0.9803517405000446
0.9810901561519861
1.0797057569303423
1.0725429014417507
1.0768198625200038
1.0266844283149033
0.7702097464421593
0.8278122750278482
0.8169755221334574
0.8345485294006232
1.0716078092088472
1.041743767667896
1.0445652434611479
1.0701313655852005
0.9869875515128552
0.9629321692372201
0.9620331861742316
0.9467702376568844
1.070091006191579
1.0958710276776824
1.0557139056560894
1.1076248548900252
0.9812637146418058
0.9769730000593233
0.9684732254262395
0.9814300540633595
1.013981032415693
1.0250761193628446
1.0264503410774337
1.0072238309735646
0.9957209770071205
0.9930592891398833
0.9922396642737887
0.9939510313199499
1.0158711751373122
1.0201344499423723
1.0230448312668028
1.0150321902625792
0.99732949576431
0.9972886674317027
0.9972690376392521
0.997064874447981
0.9860647857881636
0.9964956566863538
0.988848319311512
0.9787997520740317
1.0952584535721228
1.0588064124775367
1.0303200754807764
1.0962238455670257
1.0219367289156756
1.0161907114432316
1.0455908247705992
1.0456826511654542
0.9956455016936211
0.9871479135187153
0.9818425536950154
0.9878093429774023
0.9996156002674077
0.9985701613125383
0.9995711809054566
0.9975619272793153
1.000464431762853
1.0002615404322175
1.0002657848085503
1.0006231944015358
0.9998541838539167
0.9999648434085668
0.9999362629665233
0.999860083110732
1.0001168289973215
0.9995356602848589
1.000111975254856
0.9992885552861965
0.9718256819301221
0.9732763836358879
0.9879453334072993
0.9625252614833145
1.0109246205493745
1.0115977282154767
1.010785000063755
1.0066750291098188
0.9987173458428322
0.9971297170629039
0.9946991041068178
0.9976108959357635
1.0001998556950322
0.9994995569900234
0.9989424626471828
0.9993972876957797
1.0055197685736785
1.0108165625418912
1.0152263741152057
1.0091248828944719
0.9899081103491694
0.9826510261281219
0.9821140255643258
0.9922222080696694
1.0642846456832737
1.0778687128621358
1.029286408498395
1.0879745196758688
1.042209551671998
1.043779804236551
1.0541887245254957
1.0288262565045918
1.0070569840791244
1.0070996660572218
1.002618394802644
1.0114141290564973
0.9912431143061287
0.9853988730971629
0.9820869475901691
0.976051687210143
1.0456055394329893
1.1062091432144314
1.0212510377329875
1.1297767192592376
0.9775288186290398
0.9729322977677205
0.9764655101298135
0.9570605984088735
1.003315437096575
1.0032165766360195
1.0020085527021965
1.0048682342409434
1.0010560932733974
1.0013539632870827
1.0008325892205177
1.0016718797219064
0.9865310558682886
0.9888996773309575
0.9889171070188746
0.9838901214737645
1.0046870492560689
1.0046505922304116
1.005521236893344
1.0039208228563943
0.9994938564342444
0.9996777576659354
0.9996878817682922
0.9994603369260093
1.0000844118119665
1.0001136107476891
1.0001737172175635
1.0000843303019713
0.9997688823346322
0.9997885461185255
0.9998797967127641
0.9998285477324356
1.0028863281305114
1.0038051785370694
1.0065144066352905
1.0016821314830224
0.9994074430001606
0.9994392217547092
0.9996084722794919
0.9992358612637272
1.0000342644608402
1.0000464534228855
1.0000688679974776
1.0000567950203572
1.0014364720992657
1.0004242581480927
1.0005991876026772
1.0007602300483551
0.9945443499284818
0.9934565989992938
0.9883062260220973
0.9871881700818812
1.0709704100654356
1.0817715639560832
1.0163430991478335
1.047358952697085
0.9849444115491606
0.9855212469501821
0.9850434959151193
0.9957743568751068
1.0046316674124698
1.0046913234158952
1.0050567252943101
1.002530394334209
0.9837014360134763
0.9461445036426919
0.9729618169701537
0.9391734435031007
0.9882940952810821
1.0046737528544158
0.9906353245705182
0.9836253299046005
1.001880538339267
1.0016175366952675
1.0023310622971284
1.001090360565175
0.9999456426234612
0.9999394454128679
0.9999450235913878
0.9999964852075991
0.9985080704368092
0.9990219147144798
0.9980707467204507
0.9980279941747058
1.0097955330571027
1.0064930421427911
1.0084458256731028
1.0064789967645784
0.9934908402620317
0.9952891389380829
0.9864058689319296
0.9943408788454178
1.0020742572302346
1.002633395908566
1.0016755336260594
1.0015188236158237
0.9985394034207671
0.9990598333059064
0.9994002724549516
0.9990461927144524
1.0049376975383997
1.0055185408556806
1.005375406542021
1.0052119805628636
0.9700771405855773
0.9681837413487833
0.9615956357856318
0.9772210856255152
1.0018236168291896
1.0011007162146295
1.003132355401791
0.9999478679038087
1.0278716799390526
1.0131603917577423
1.013780523551125
1.0391393095934178
0.9805661336708805
0.9852047314880096
0.9861312542021311
0.984270058485171
1.038643781061398
1.035914082213207
1.0340429069221164
1.0562252246565045
0.9838810268752805
0.9774178018810634
0.9915987322823901
0.9893796300827111
1.0033778687466721
1.0032070046545314
1.0024698313710965
1.0034960406322904
0.9939923304777482
0.9944389833187727
0.9898758566357814
0.9902738726209438
1.0226446805167233
1.01592066522
1.0119800866924216
1.0247201956788146
0.9953786343712306
0.9966535042929457
0.9984402349373048
0.995312670415819
0.9921918170243668
0.9737972596371564
0.9919266405509056
0.9731259919945465
1.0071273800471743
1.0083239318529138
1.0142404044979856
1.0039280581699712
0.9994716395616041
0.9969525874191641
0.9988026609489693
0.9987879366535555
0.9998871189326708
0.9999796556608928
0.9999331405621971
0.9999341418135114
1.0033438140134117
1.0023415281736745
1.0041792103529048
1.0022408004680627
0.9890307528886969
0.9913722857220109
0.9774275088699917
0.9773608661728848
1.011562865498799
1.010424036906507
1.0110846090430476
1.0066107504306336
0.9911111280521291
0.9739535822190981
0.9880746808577545
0.9878235507115944
1.0193873795025814
1.006152831620361
1.0181031336255404
1.00806306510789
0.9967731905831035
0.9968958666517806
0.9985281199495816
0.9985291195987801
0.9951816391580902
0.996831093234011
0.9952318248364093
0.9948522285227662
1.018193087708032
1.0255110669033256
1.0240856665616684
1.0340655098106706
1.0237527308155518
1.0106186245085584
1.0163022732089537
1.041833153022806
0.9894393252556829
0.9891637055645289
0.9913004059533791
0.9921869642893476
1.0030776970989381
1.0030131568437708
1.0034712652489743
1.0057083963776245
0.9990912839051986
0.9988964774979399
0.9980633756062486
0.9984699953455474
1.0013729204544002
1.000556372973922
1.0018830973611685
1.00141570926021
0.995144799785815
0.9919221259783174
0.9963836693780215
0.9864704234265405
1.0026988773894097
1.003864584897912
1.0034408584364523
1.004279211550258
0.998971240835613
0.9996454604240022
0.9985551397604733
0.9988486009333589
1.0002481637307257
1.000223308768947
1.0000808663506398
1.000128509483065
0.9999697159847557
0.9999632406465903
0.9999581539486116
0.9999707077248001
1.0000196110482262
1.000018614509419
1.0000113649981495
1.0000110906704893
0.9999404598600989
0.9999504913166607
0.9999512936390627
0.999964212374966
1.0003061932919302
1.000311105156107
1.000280824394534
1.0004478475027287
0.9962225204268297
0.9985154672022561
0.9951393229985215
0.9960002820687418
1.0129492351759175
1.008489432720261
1.0126631968378599
1.0077389850934062
0.9978730557074286
0.9975052396002685
0.9961123815594053
0.9985746606730524
0.99328170152456
0.9941256985652812
0.9942012928379114
0.9947988537041307
1.0014736155495372
1.0007371660549116
1.0011562795359221
1.000879122263624
1.0035169582879877
1.0018944918916863
1.0030220794423035
1.0022398267091432
0.9876036708140647
0.9869607501699951
0.9800766791783342
0.9811579273936502
1.007938624829758
1.0119908031404214
1.0073592686421173
1.0087741968887547
0.9574317071508959
0.9540834724703405
0.9721072200286992
0.9508471842679078
1.0130117367741653
1.007980192385692
1.0136757868073554
1.0219383687952033
0.9960822018652961
0.9966023603992082
0.996629411607432
0.9949701566550637
1.0007345841047663
1.0011296463487964
1.0006048800740934
1.0005579830861584
1.0028963164716296
1.0025485585383411
1.0016912768388009
1.001927977356174
0.9629219593228296
0.9729848198403094
0.9791662771299232
0.965975017294062
1.0089856809012872
1.0111597932013983
1.0118130456419185
1.0127052459049084
1.0008529192935187
1.002284517062701
1.0022639448660458
1.0001902869292856
0.9997900717988643
0.9996486077895484
0.9997268088890533
0.999837544016339
1.000155514488935
1.0000760194190095
1.0001780375433127
1.0000740982672602
0.999707931635204
0.999500530555427
0.9995900277794035
0.9993121146833568
1.0015049694151992
1.0037614352161526
1.0047610018005646
1.0002214192461694
0.9997496480685664
0.9994710862135276
0.9995100263066775
0.9994400017316766
1.0001326070636376
1.0001736595862518
1.0002218307572899
1.000187595071017
0.999750618089532
0.9996907127653728
0.9996873137220105
0.9998330170824912
1.001500472128383
1.0014979363959167
1.0019550555089463
1.0014238835189642
0.9995644553878376
0.9994525906517376
0.9996748776044165
0.9998777951716689
0.9998223563377661
0.999850412801996
0.999769903426519
0.9998210688490795
1.000859512627039
1.0021833146483843
1.0018766035745452
1.0013823437123444
0.9885963883200016
0.9939476630928071
0.9891035348829499
0.9911262918302025
1.0361862380831346
1.027167622117069
1.0610178200496514
1.0401518636084923
0.9934818657936578
0.9938898814920233
0.9976916907242815
0.9947787175846343
0.9979588999572223
0.9983791820290338
0.9980475593857779
0.9976234580569088
1.0181894145333257
1.0235237176701948
1.0231664095406572
1.0385172863353287
0.9826937940545458
0.9789184284418787
0.9894588297973188
0.9839369897744716
1.0188689017704398
1.0210760980691216
1.017750968711862
1.030819559477095
1.0003294297905216
0.9991933920247881
1.0016552599234103
1.0031264689903385
1.0003677409447775
0.9996299599910742
1.0002258630983398
0.9978550567851071
0.9651222006410943
0.9683335284804122
0.978663125993772
0.9756040325736519
1.0069421673079402
1.007038516281585
1.0053333782352005
1.0057782693834667
0.9927796756335369
0.9908940463300068
0.9945228178504827
0.9965462998731295
1.0015156433893735
1.002317753139823
1.001737522609054
1.0017293748738163
0.9937685202500993
0.9950194185659913
0.9940049603058545
0.9924880341647209
1.001477989473927
1.0026279920099994
1.0022458050191918
1.001959265409583
0.9994257200733013
0.9994976856379704
0.9996884744952952
0.9996724817369715
0.9995464533608475
0.9990194799624333
0.9993023825585323
0.9994670163772277
1.005143005091765
1.007500130188216
1.0049467649901251
1.006262467102662
0.9846915338610335
0.969812333416839
0.9461081688143173
0.9523848285646639
1.017834497332361
1.0101496365807177
1.021961515683778
1.0103832437195501
0.9988495897601192
0.9963029732456425
0.9969692403776858
0.997308470106974
1.0005644579142245
1.000358846654013
1.0002973892920197
1.0001975176912494
0.9997966531187071
0.9996647934619617
0.9996854265140818
0.9999258851025051
1.0000471721913302
1.000030641802592
1.000063696470892
1.0000285845747194
0.9999832490383872
0.9999728470424366
0.9999700631949321
0.9999884360070281
1.0001147057128101
1.0000899455017678
1.0001118317463973
1.00014017087998
0.999423067152685
0.9995123309070608
0.9994716783450541
0.9993855899018561
1.004511507372403
1.0003507258230893
1.0064755622371504
1.0059942897695997
0.9989289548229359
0.9986697739857944
0.9990318922544709
0.9988462225825328
0.9997814168983439
0.9997154125129225
0.9998126789343376
0.9998443068272562
1.0024287308745023
1.001189974758568
1.001799657381615
1.0083565704545043
0.9974086608530446
0.9986521919187178
0.9977752330837254
0.9983775028768499
1.001035937802292
1.0004376010603033
1.000687791652741
1.0005235639956496
0.9997863097921196
0.9998453820735863
0.9997698321734327
0.999887476093804
1.0000598347378233
1.0000697771712697
1.0000796371886718
1.0000547745038535
0.999984223194994
0.9999798954157093
0.9999881103306644
0.9999944257535183
1.000015489665512
1.000016389020161
1.0000147225734761
1.0000203060204012
0.9999502710542166
0.9999695167855783
0.999882626712646
0.9998878779041388
1.0007811788432852
1.000860010136074
1.0007281958784195
1.000365895337544
0.9946228171712631
0.9944251085974333
0.9934412616063771
0.9983001948571197
1.0651988786065902
1.046571119040828
1.06857138372773
1.1346249768087124
0.9895568018654086
0.9949264419194244
0.9931200925707697
0.9887497488698044
1.0416534089750653
1.0235977237725689
1.0365382261771403
1.0162319209138118
1.0143845248351486
1.0038209972091279
1.0129618838030359
1.0286116623702406
1.0096196666576027
1.0119283160331143
1.012929422107892
1.018567193912638
0.997150559008679
0.9964312328796452
0.9944240246164462
0.9920227352315332
1.0204744184024774
1.0051488098619943
1.0158117683246073
1.0244765196929353
0.9962181065588328
0.9923221629648477
0.9926109322737667
0.993995020146239
1.0012143714679123
1.0042077070387418
1.0026943466970568
1.0028839043762474
0.9951605697495934
0.9868626090961173
0.9913877935378838
0.991561626313994
1.0158557981301835
1.0220941827357142
1.0223772136646347
1.0138465474366987
0.9972102902551907
0.996010702151974
0.994967761874701
0.9961420385230425
0.99684712748772
0.9967101051133482
0.9955062689360371
0.9975694260045379
1.0368788646981018
1.0229792628039591
1.027319791571316
1.0403970307577093
0.9886371756408323
0.9910840942880146
0.9908330270844501
0.9897758935886204
1.0006566835027844
1.0026797937615137
1.00177766992353
1.0012508092217849
1.0133558235839957
1.0066255679923186
1.0236507608690522
1.002482679719412
0.9983686881707331
0.9966135864182581
0.9972649385880594
0.998311426348737
1.0005651272006366
1.0002070996866814
1.000325018105153
1.0005652690463762
1.0011074537481073
1.0014399414841284
1.0012351140859836
1.0005503111989509
0.9821737385110225
0.9964136415901865
0.9890840008432766
0.9817601543161016
1.0076241886386172
1.0026694460106138
1.004958906073809
1.0058397134027444
0.9907982158141663
0.9910064673556568
0.9916839753498191
0.995745343287081
1.0364694215231307
1.0456756276071488
1.0393237347249324
1.0444157573819506
0.9875257106685946
0.9850319510038369
0.9983134612116432
0.9915623264141508
1.0038756690123483
1.0019722379156142
1.0026763122579925
1.0026570382451707
0.9997121666414223
0.9997456666621748
0.9996426525658269
0.9994958225240854
0.999067061530977
0.9989245335963727
0.9988709796717752
0.9996013670141288
1.0020465442246362
1.0011324156469723
1.0016955557660632
1.00183770296295
0.998988814710448
0.9974229310920699
0.9983803144670641
0.9984178490430043
1.00957954441598
1.0101560950669002
1.010494699757651
1.0026550669212728
1.0188537365323131
1.0116425401615166
1.0228248588351967
1.0047361309293419
1.037769640003513
1.0242754298084917
1.0473328783327378
1.0438080271355428
0.9851757253019856
0.987284419033213
0.9742397956710609
0.9886455791560506
1.0037079612998352
1.0024070597302754
1.0029193504945655
1.0031774348382805
0.9984886479691629
0.9983030521931102
0.9984022810833438
0.9988760555897124
1.0066403912872195
1.006416248831965
1.005650783819831
1.0057213048492988
0.9782700165804163
0.9632005427485836
0.9577725420138236
0.9739408367125935
1.0087652326522276
1.0113273273382297
1.0084550360147786
1.0061809084640376
0.9993532651834348
0.9998591193433435
0.9989210327166148
0.998686251107199
0.9825152481024783
0.9864669016790074
0.9958493934894106
0.9903706611268424
1.0331658651641134
1.0292555693549672
1.030880079292298
1.0147657453548722
1.017392739501367
1.0175777914217654
1.0159217299228558
1.0090235426689549
0.9979382935500023
0.9953728222251159
0.997269392805731
0.9976957600736497
1.0011466088947636
1.0011857145088292
1.0003960741654863
1.0010714963421061
0.9959260133215663
0.9938994537640642
0.9973439285690773
0.9933449516084938
1.0013759901062236
1.001617233843466
1.0017434415463853
1.0016449498769213
0.9996796548584512
0.9995728719873912
0.9992126886088082
0.9998645708457868
1.0000425637555526
1.000088601994697
1.0000617162310386
1.00004266560392
0.9998526734120968
0.9998341790564518
0.9998485255530359
0.9998528179194154
1.0008963060122045
1.001047167421973
1.0008480224830598
1.0006372192505275
0.9946736814185001
0.9905233035753599
0.9968815212061124
0.9932047229726928
1.0146826954745658
1.0628231784755264
1.0618859729530867
1.03997602059188
0.9852981902963066
0.9780645968733839
0.988556554384223
0.9861584076595704
1.0181219031306066
1.0474934630892765
1.0219647144473052
1.0530565955082225
1.0377405708133962
1.005176875939063
1.023356165700263
1.0162205047203272
0.9521928413437418
0.9762894154872047
0.9444159802460782
0.9413714784766505
1.05909171615341
1.0314481064671717
1.0553820985664617
1.0455524443847897
0.9282645238743089
0.9567805780042389
0.9762250890923703
0.910493382986254
1.0203219663645389
1.0368316824101205
1.0057936140810217
1.0174133399558711
0.9840490782938222
0.9834349997690626
0.996587444212597
0.9847773802205083
0.9677244168852949
0.9692258987399535
0.970972851512884
0.9921668647191966
1.0026972211224683
1.0014069515993205
1.0021228297841849
1.004521821118314
1.0078650541810223
1.0055885388783021
1.0038823620066852
1.0108491381966092
1.0320830048928313
1.0256271005817343
1.035294860189467
1.01615471281
0.9707012948928722
0.9894929325667584
0.966768534944479
0.9731851282070316
1.0023393225415127
1.004260711619841
1.0036534188788293
1.0017606921480398
1.0011901023091196
1.0014332383343585
1.0010895434779863
1.0008743651614764
0.9884883969158332
0.9848539837761897
0.98477516850866
0.9800244553142768
1.0383413815043978
1.0368911349376602
1.0467264335735458
1.0273444487042434
0.9950609442583643
0.9935302972309638
0.9908091511739353
0.9932657168633978
1.002608573057611
1.0010429981750042
1.0031620748968573
1.0025152982283554
0.9969812973211328
0.9965626138473761
0.9963775477550469
0.9970203029400438
1.0325457892387568
1.0225478798926448
1.0170439208542692
1.0188648659599815
0.960784713694708
0.9500632373053564
0.9278537906505873
0.969160502377206
1.0206561163842052
1.027761432527859
1.0252349807875936
1.0201262358362686
1.006984336101293
1.0103432674044532
1.0232248078401691
1.0064392559450923
1.0000800849493106
1.0005328668058127
1.0000312735450239
1.0003075593085549
0.9858613297553616
0.9852773186457232
0.9915688161651035
0.9810413735409965
1.0024355303812267
1.002273814077231
1.003395580642464
1.0039136792605001
0.9976037629407711
0.9927595405079682
0.9875744316455972
0.9922433123527046
1.0480893472158737
1.0364170384269784
1.0775233059178324
1.0666619972836417
0.9908268763605601
0.9958970764249093
0.9935669802105744
0.990477326831222
0.9956380128900427
0.9899671808737746
0.9915283953131111
0.9983378487963787
0.9930315548785956
0.9940985046004377
0.9989141449606971
0.9923061687807218
1.0521613271808965
1.0248936130592639
1.073846276501074
1.0399988069345043
0.9735526637244547
0.9749032404708132
0.978598045859061
0.9859892489503558
1.0037226802620403
1.005839050437557
1.0046490061568714
1.0029647615917217
1.0103171085915474
1.0118708627287145
1.0122948054156296
1.0033664894897099
1.0018540340426654
1.0037296774206117
1.0133630358309447
1.0051390096377366
0.9987248245817881
0.9988160554412748
0.9984032292851662
0.998796588460489
1.000475146668545
1.000556642510904
1.0002123925673507
1.0001983621913166
0.9998309552361657
0.9998755142541409
0.999880897776504
0.9997584647920433
1.000668170765817
1.0008460954292293
1.0004720431637395
1.0006704723321251
0.9993352221697576
0.9992384870857765
0.9994151504149617
0.9991547907394651
1.0096652021045647
1.0084618014120958
1.0083033017696001
1.0029359381224654
1.0278035417178875
1.0127543785465636
1.0238702998986111
1.0177665914208143
0.9924613278494976
0.9937387769032267
0.9942462355301188
0.9966233670192723
1.0010897373956107
1.0006178629266018
1.0012467699465972
1.001426338656712
0.9996989924870983
0.9996692532719776
0.9998174508584926
0.9997370677917926
0.9996094669900605
1.0000893221938738
1.0001036520016235
1.0000361039542116
1.002113732023838
1.002131193257004
1.0005436423534535
1.00559235895361
1.0296313538359154
1.0217764396364846
1.0208776097187928
1.0487711729638902
1.0221457012661546
1.0039718665162942
1.03797661765182
1.0246739396714455
0.9899831531379504
0.9938920480308701
0.9956438821717648
0.9965532363641673
1.0150440513850354
1.0179694902080085
1.0305222913920642
1.0178061464500525
0.9966752528681476
0.9955820997100518
0.9972299402912778
0.9967129594006466
1.0005327572419969
1.0013321874711874
1.0005497844992115
1.0011986850807333
0.9999408289609649
0.9999726024438844
0.9999517535717363
0.9999425723549864
0.9989078930079143
0.9992230037055184
0.9996608431385989
0.9991170733541088
1.004069792400821
1.0020442152327331
1.0035392494533357
1.0043666019110675
0.9982045718468309
0.9965283839225073
0.9968660878833722
0.9974735450590828
1.007253194504355
1.02215563647592
1.0296271342736703
1.0508801088956186
0.9893400546813744
0.9946962572811999
0.9926328621350444
0.9911909066230015
0.9979022039526487
0.9984071161141628
0.9953818356841402
0.9982205965045688
1.0739718006652998
1.0329289937002828
1.0689017430067966
1.0673350649691538
0.980443642618844
0.9800573683687677
0.9903223620505035
0.9895016744680151
1.0014181233577255
1.001134629136786
1.0002418803420228
1.001356766819723
1.0226396063098007
1.0072528588035088
1.0108716474731505
1.0176285713908053
0.997250773417782
0.9983206093637278
0.998399503558761
0.9984213184055274
0.9908356636423683
0.9751218610339056
0.9788147020200542
0.988564755339177
1.025997344817944
1.016763129996987
1.019697408195511
1.0147984952473692
0.9823062186974396
0.9724570256300119
0.9862759904761509
0.9625904895339188
1.0221163956927082
1.0141146601217572
1.024312621418393
1.0122206330788823
0.9953149701418007
0.9967622665785237
0.9957570041699849
0.9982156322668679
0.9905687124408122
0.9914185886071973
0.99113789896723
0.9918442274339685
0.9957715334616413
0.9978638787278676
0.9980858069770767
0.9948275708587466
1.0013467607767816
1.000607529980904
1.0010270218009445
1.0009338068976599
1.0018911220364561
1.0030279946236584
1.001870895187706
1.0014857292329462
0.9875683547419275
0.983986005844079
0.9865649510970375
0.9852957681792398
1.0069754603143077
1.006488219480467
1.0054370285772742
1.0056660652325693
0.9930313442409195
0.9881460399857485
0.9888561056840829
0.9886809502162714
1.0031582059052253
1.003196736499789
1.0033425027345344
1.0022555066997922
0.9996416801372797
0.999220855609369
0.9994793659577703
0.9992233112557826
0.9998807863455619
0.9998677330511948
0.9998459529507826
0.9998517867588448
1.001699720001248
1.0027890109949766
1.002775073435005
1.0026700551079222
0.9908138963131156
0.9892637635083095
0.9854803637557317
0.9822951983371484
1.0698135143657042
1.0490783752060342
1.0688791123044392
1.0947480128192555
0.9809052256987226
0.9769490977244967
0.9901790537294689
0.9880184643804423
1.0056304010736876
1.0029542759577708
1.0034995736582308
1.004134291172566
0.9990148519254434
0.998540971021943
0.9980227091910837
0.9989028954260726
1.0043961676774962
1.0056180123600393
1.0088275546743792
1.0034481489962344
0.9996923717360643
1.0045956036977697
1.0046810109218494
1.0057469431139263
1.009423387853179
1.0367275623898204
1.0523768938550375
1.0726509137574836
0.9856426290264793
0.9737439757385701
0.9680083863859104
0.9800395195788543
1.0495658683322893
1.0503165592815813
1.0510896852748846
1.04780255945085
0.9841082181416066
0.98341157690313
0.9835499894394847
0.9832518695847153
1.0059985800973885
1.001328636545153
1.0079546813294402
1.004246568618394
1.020478760316406
1.007419818227427
1.0159408822582572
1.0208533353831224
0.9928709530892522
0.9948118279874781
0.9985304303679915
0.9925465622733558
1.0041449303148073
1.003873666810672
1.0027333015955642
1.0020679211643524
0.987957392946531
0.995487073129883
0.9882328460197813
0.9956936833635238
1.001575393863956
1.0019076993658254
1.0008605386130547
1.0015548654985773
0.9996801791202601
0.9997391516955684
0.9996691629926068
0.999637156434254
1.0002175537650886
1.0000698521602132
1.000123216129516
1.000180312381226
0.9995407522438046
0.999511595075837
0.9997585386411427
0.9991415633232267
1.0032911242553122
1.0054656289742587
1.0085833032104354
1.002987113951409
1.002872142924336
1.0054531957530213
1.003835162041084
1.0034962251911765
0.9934813161760644
0.9954345504309684
0.9921424305580677
0.9941169922735424
1.0464065806599143
1.0202567799351734
1.057182427911858
1.0525344061098736
0.9844663143012419
0.989085031948035
0.9866518682907554
0.9800802724324549
1.070051153611007
1.0409972593364805
1.0693490415571933
1.0703745339810187
0.9751006743205897
0.9856746635142777
0.9820122433982144
0.9893681025573602
1.0043426320554756
1.003508982013819
1.002645916900417
1.0015219664374868
0.9998233090045386
0.9989442452128554
0.9991409658891113
0.9992549194482716
0.9997039875355355
0.9990980959410881
0.9992959938052992
0.9993479380400552
1.004891823334719
1.003924733939085
1.0073205314300462
1.0028061204826633
0.9627237015634013
0.9559233674775569
0.9661660980044813
0.9784217480145398
0.990241379854507
0.996579376425807
0.9979322859692632
0.9876133043023109
1.0395486124119748
1.0416870711947983
1.0268760364097471
1.0431783184007453
0.9850316881581731
0.991706775200127
0.994932544496327
0.9893223777084277
1.024600234249835
1.0243125905952324
1.0138244986362515
1.0343312158130973
0.9963046029066407
0.9917340803600626
0.9887683501175087
0.9938388952202306
1.0006176379000618
1.000874653154702
1.0006934767692945
1.0015087453757303
1.0001312565757141
1.0001843190104136
1.0001262580658015
1.000144463357131
0.996154390208414
0.9997377866732392
0.9968250531332931
0.9947172554404404
1.0347730967940831
1.0618182488244863
1.0255553011566971
1.07461781420298
0.9852298648286657
0.9870524385178996
0.9889441354153418
0.9854540658497134
1.0137743500646637
1.006544450653156
1.0214731454104102
1.019340576611747
0.9953724248431743
0.9956516997781829
0.9957409492238425
0.9969326604918514
1.0147558300041137
1.0147498062424485
1.009831474276891
1.0086959401696023
1.0022470942575963
1.002910862855848
1.003777982853277
1.003458930956534
0.9753274596964701
0.9744478376744571
0.961558631130134
0.981522273050369
1.1651277174798078
1.0399808520492804
1.2068405496471055
1.1939863101656272
0.976779563838079
0.9536190902390247
0.9428394742784315
0.945541968892705
1.0146852159882898
1.0090596526574922
1.0082837970509595
1.0057924126821505
0.9977119681593214
0.99786067622069
0.9982809442120376
0.9980214409709954
0.997327939024323
0.9979734355135026
0.9973023461196558
0.9969863883115241
1.020799125232467
1.0453555567426105
1.0438978299312869
1.0572292020879637
0.9833288699853308
0.982082322757379
0.9844701951879273
0.9832031322888416
1.007948001162111
1.0073051157754958
1.0066545079030054
1.007331126288985
0.9977242440307619
0.9976996962881473
0.9974342422894221
0.9987709212527931
1.005894903873729
1.0064588284407352
1.0037480146393132
1.0051807547956044
0.9316427486534682
0.8977539505460003
0.9845531459634167
0.9482462594632244
0.9407153483511439
0.9188392932959226
0.9467554294151413
0.9309256603096825
1.0139491229887518
1.0200750920064223
1.010176667333008
1.0106691726214443
1.0461878932748603
1.0609096301001033
1.0311666732792366
1.0602737105134934
0.9733885672863426
0.9731257372598665
0.9719485781400569
0.9871902527781801
1.0181646916750928
1.006759290676954
1.0117862984607182
1.001818929457391
0.998118058546194
0.9975379161041328
0.9992700279174775
0.9985147310815584
0.9985944418151061
0.9985860897833599
0.9992206029401366
0.9988396457436085
1.002196215308018
1.0038912814943102
1.008162355970511
1.0095809462769252
1.0141273933737147
1.01308705427292
1.0253530633676193
1.0217223408972205
0.9938286382452804
0.9940591045220519
0.9969940763706602
0.9985590561423234
0.9970014020898751
0.996478903868863
0.9956963930098565
0.9973353434519429
1.011302825675812
1.0215690322605275
1.0141346960885964
1.0072213757924167
0.9962374200061712
0.9963828560691783
0.9969381001554362
0.9965699647858496
1.0025341767131875
1.002394949964692
1.001095074125722
1.0008576701429541
0.9869635822282089
0.9892026002579293
0.9942440212430175
0.9880789280688629
1.0026701845307129
1.0028818748583865
1.0040796934648264
1.003727855422574
0.9992331287294812
0.9993439760965099
0.9991453302461804
0.9987641146318261
1.0006018936087666
1.0011286758316331
1.0005200233072584
1.00142865528261
0.9959482210688438
0.9945490185049226
0.9961209029313488
0.9938957944535686
0.9991387923389944
0.9991258133674861
0.9975587396951364
0.9990143120281924
1.0109964583167752
1.0180866385976588
0.9997218422337786
1.0309861909329565
1.0149651007860339
1.0238422474252344
1.0175273928721031
1.0050944993331543
0.9955754912845538
0.9977571939111322
0.9970520119247069
0.9974889267859164
1.0004178867417457
1.000141537879624
1.0003878142770972
1.0004673527374868
0.9998609692470448
0.9999208876506865
0.9999152082278552
0.9999293187856472
1.0000294006614376
1.000076695233632
1.00010161960944
1.000075447188098
0.9996603011691969
0.9997231947140242
0.9996191324354805
0.9993548893481468
1.0038928680391326
1.0037322753474098
1.0054567379192234
1.0004425000435537
0.998421177839078
0.9975540057347292
0.9987057555738419
0.9980995637649692
1.0091364206178273
1.0067090406139874
1.0035704450349479
1.0106538751764629
0.9968974562258961
0.9972785740911231
0.9964535805039191
0.9980825915336585
1.0002520021179224
1.000376945719819
1.0000620512345597
1.0003824111712252
0.9965904980128606
0.9973028766912453
0.9979670032930029
0.9958124606483034
1.0254378085620053
1.0353177539406897
1.0182481843824631
1.0171509326335284
0.9952961672552818
0.9948388654663732
0.9937818154703721
0.9950728021284797
1.0003515738891031
1.0010196078887035
1.0009636054754265
1.0008037289652596
0.9998696809140284
0.9998948911663172
0.9998841599932964
0.99984164794097
0.9999611528185023
0.9999806330778379
0.9999707558376804
0.9999706149372121
1.0012115285375012
1.0015396362732583
1.0008988255080833
1.000682613931028
0.9940909791843717
0.9901189018809987
0.987868290171616
0.9937425113121642
1.001433869578389
1.0009056036596993
1.0006529846134486
1.0009652967058078
1.0010225104867059
1.0010975091250454
1.0007070787559653
1.000646407126145
0.993174537184107
0.9929166550954976
0.9955472342995509
0.9909214535368899
1.012033834294049
1.0408072737198513
1.0328820173633122
1.0342940647765921
1.0024212267813015
1.003959594712585
1.002341245437577
0.9999731417864938
1.0000101395845074
0.9997554071004596
0.9998423491616877
0.9999225948345917
0.999705009806374
0.9996814503541899
0.9997157216872624
0.9998048262046509
1.0021520263423114
1.0032709995556293
1.0020423366994733
1.002676686741568
0.9769978172578594
0.9807145332541128
0.9926454972523925
0.9850135322257882
0.9904865115205357
0.9827539613446512
0.9813696346350997
0.9974055436902259
0.9986892838378579
0.9990972256163138
0.999190358025554
0.9992777359510604
1.0133255796541647
1.0113885758448333
1.0067400612215962
1.0164702439184938
0.9890915742437042
0.9875143043460991
0.9962639184589904
0.9912866533744613
0.9281687553013356
0.920498953373444
0.9427036550610343
0.9147042425449463
1.0324544070532204
1.0372462614383953
1.0338431078511134
1.0365137990827948
1.0054879553411262
1.0057910385873767
1.016807651846491
1.0027067961904526
1.003580741273438
1.0117214056516588
1.0074141805526493
1.0094669254964617
0.9987107061793551
0.9981422688928088
0.9994977239662194
1.0008913274852744
1.0115698964899158
1.0185217094977732
1.0148458526777495
1.017402909322234
1.0128723464058311
1.0210738334895515
1.0166683778381973
1.0071718408434542
0.9961304677645288
0.99832957864602
0.9968375592090931
0.9980624539613345
1.000024056699063
1.0000797419095966
0.9999801300687436
1.000073390111825
1.0049839779773264
1.0025089323257552
1.0032837387326816
1.0028476670308533
0.9811639921867034
0.976925932773908
0.9861365721425026
0.983126742575223
1.0045280517622093
1.0042112085536405
1.0034618869120886
1.002661286031259
1.0090858455929301
1.0067562805552845
1.0088801380611432
1.0044245135346532
0.9487407476843849
0.9384090913550392
0.9256538327978824
0.8807333566180999
1.0327727491681122
1.07232847099794
1.0780758657961074
1.02614532866795
0.9868868798740931
0.9908467338965674
0.9920055565526051
0.9890481699384895
0.9995128128453991
0.9971447759342543
0.9984063164015635
0.9973987188966364
1.040778492452842
1.0567641816806548
1.0238172200940268
1.0620253182206947
0.85004442103692
0.6996377541939274
0.6757108582067598
0.6365496634465325
1.029005417566968
1.0579235201907817
1.0883087198688415
1.1895339670330667
0.9628120971406581
0.9837077462867108
0.9725880477479847
0.9810540710139743
0.9684426289977845
0.9632758598815475
0.9649476471052826
0.9883062562641649
1.0068699064649593
1.0045290305105234
1.0062018357683093
1.006234927275281
0.9967670413012768
0.9978412349267886
0.9950212236364494
0.9928701359527544
0.9989109530342967
0.9993547604649272
0.9976070825687612
0.998068235827616
1.0193204996885143
1.0379584251674399
1.0410600884784962
1.0264114630786751
0.9843952317457837
0.9828775967161246
0.9837137667476246
0.9867602426083308
1.0084415186179088
1.005831799167263
1.0015726826188094
1.005957109339142
0.9881300819949612
0.9616387400893166
0.9712251305086299
0.9835096892031233
1.047893386311538
1.032962710011807
1.036796192091
1.008325292498112
0.9402567709355952
0.9614592184110652
0.9579049288424423
0.9662957118120807
1.0093903625276452
1.0120623463777412
1.0187515612300249
1.015904201525513
1.027106173042983
1.0129736405185785
1.0518876527034238
1.0199374472484342
0.9912586393230663
0.9964747261627807
0.9925801709280825
0.992270861693567
1.0196296598780963
1.0327389559785318
1.0369747262011837
1.0354797011584536
1.001521389312964
0.9989473284202446
1.0007196493181016
1.0019294117875464
0.9987255091660812
0.998139618015017
0.9981848604217493
0.9980452734535219
1.0166778562162022
1.0122001157684535
1.0287410476996102
1.018430371957353
0.992586867972514
0.990236170568127
0.992133439034094
0.9932441545730597
1.0376033852511055
1.066104217495497
1.0545127592851546
1.0333078615464617
0.996102027955301
0.9889724065709979
0.9780163655106541
0.9727082587670933
1.0815944658911392
1.0984788675319541
1.0586747115043422
1.098500986318115
0.980075632219399
0.9748554654614247
0.9837979927942283
0.9896202148306902
1.0102304677413736
1.012306501225821
1.0040057724664992
1.0085348618183445
1.0031969677378818
1.002552677971035
1.0034686490605431
1.0023157850471778
1.011637192618471
1.0095195563181907
1.012610628663411
1.0103415208545168
0.9965497702205276
0.9958008721924028
0.9970020813713814
0.9987483365727763
1.0006652473232183
1.000261260665496
1.001631487955674
1.001149755685652
0.9996989535263063
0.9996566145375936
0.9998984421412075
0.9998842742924209
0.9998110782539604
0.999609538831573
0.9997825410410309
0.9997299999309238
1.0067711178632661
1.0027588906093523
1.005093550829648
1.0022490988061354
0.9990114225377756
0.9987897814592243
0.9985451879530565
0.999088961687046
1.0014263516648894
1.0014987381855944
1.0015981676835475
1.0014743409735871
0.9918126585833813
0.9914173675630152
0.9924667145489522
0.9974324315970662
1.0236629514984819
1.015246847697029
1.0034075926067667
1.0235176866462503
0.9965480284996244
0.9981892413837659
0.9968440522850526
0.9949898210519387
1.0010560540598303
1.001405318234618
1.0012551807101218
1.0011441077148053
0.999632824004801
0.9995868266004061
0.9995509869060358
0.9993677119566726
1.0000902986464184
1.0001685745730835
1.0001916163264755
1.000188004026443
0.9999859314460596
0.9999723583088358
0.9999740335856563
0.9999762533699597
1.00003915563694
1.0000542717387435
1.0000711967429992
1.0000497903269585
0.9997195342191014
0.9997822023540239
0.9996012785966892
0.999751518893473
1.0020115753519427
1.0058923168497107
1.0031198267970796
0.9995953210690569
1.0282320245567695
1.0176724024383954
1.0307404538913645
1.0143663933034506
0.9473782501965525
0.9285954403651601
0.950136085766238
0.9773374042803777
1.372551077049336
1.062973641993676
1.3500717260047024
1.2778789631369214
0.9640550195666057
0.9764744091035588
0.9594215759575192
0.9736649579501934
1.0053853241303574
1.0113260551685652
1.0119490569426532
1.012681643298262
0.9917639413956996
0.9927954695659332
0.9870742079944426
0.9911679327059725
1.031549170911755
1.0437450417150085
1.0286839824060858
1.0376823232917387
0.9897001010732966
0.9918629129542594
0.9933466602551624
0.9893684721077165
0.9942071390201179
0.9937916509341757
0.9931320182366883
0.9966407970959718
1.0608149973150245
1.0606013805595353
1.0679938361504588
1.0708547679100646
0.990319884683438
0.9922021334083934
0.9876536932104101
0.9863067885491167
1.0096524631173875
1.0068492756911374
1.005957071591918
1.0099533794951023
0.9984252346104069
0.99773311119632
0.9978901198073087
0.9973960051511578
0.9947702342208962
0.9956640929681941
0.9926706321925726
0.9980425930720243
0.999132868149045
0.9981525570128512
0.99655040704762
0.9971207668970098
1.0310702563466336
1.0141922612293226
1.016069826724302
1.0407943393549617
0.9953227515602707
0.9964551881299051
0.9960521851667854
0.9978862682426659
0.9971598609516954
0.9923291956216963
0.9925382696917269
0.9934378760731096
1.044363033082971
1.0635326390224793
1.0248804261977187
1.0506895548453665
0.9863233417442454
0.9804623107189454
0.9820757142277823
0.9821968294512284
1.0414493058139564
1.0470601984470649
1.093749426038263
1.0828490577898293
0.9685684763752834
0.9715359828799733
0.975238788407327
0.9693345829319495
1.014495668160901
1.007142514362459
1.0048732689843236
1.008690498705276
0.9985721325510005
0.9967299112528373
0.9981181512135822
0.9992559736994655
0.989551865525192
0.992989390030504
0.9863855985617418
0.9918915830870577
1.0999911801501032
1.1001858689155617
1.0371246476846474
1.061290299603072
0.9773889490004518
0.9786793909162722
0.9895886059546644
0.9861270506486247
1.0023828213316526
1.0051249888205473
1.0028366445874335
1.0030091395831506
1.007350130016682
1.0050813747343559
1.0096808114111941
1.0069920024526255
0.9955581806869335
0.9953327285584704
0.9938628824841683
0.9962741634767485
1.009931165400823
1.0185383933112822
1.029289149299891
1.0110346038862332
0.9946466224650445
0.9887236997521068
0.9919226230733402
0.9887332298518602
1.0444112101421124
1.0512599790381931
1.0296015070967397
1.0405641030725397
0.981674274005635
0.9787842803918746
0.9837694914243316
0.9844349296337052
1.0182110062735235
1.0160767231174965
1.0258370149043334
1.0180330882975124
0.994861328705034
0.9898015998930968
0.9964364307426042
0.9909661017109563
1.003139571281755
1.0027173358969925
1.0026350069731143
1.002785078625814
0.999507756687374
0.9993415485445135
0.999332035022187
0.9994532847868388
1.0013933714623244
1.0011723290383092
1.0013251405797274
1.0011289524138232
0.9994633003078085
0.9996615201813269
0.9997149754982333
0.9997267235328549
1.0000740122551721
1.000127141018647
1.0000628347072205
1.0000914390054922
0.9999014985179685
0.9999343967867624
0.9999361662088836
0.9999565814734632
1.000874611519071
1.0006139055180883
1.0001515246406727
1.0006627223565339
0.9970827145968798
0.9909659394684097
0.9925732026373726
0.9934591078907454
1.0279341943850044
1.0337738303702795
1.0104406542244788
1.0516306580790642
0.9972660429273656
0.9867231300639424
0.9928876435021105
0.9856636794679539
1.0037249788146443
1.0044930265177119
1.0024548594235416
1.003925160123099
0.9904315604193416
0.9936657543226989
0.9918823313011458
0.9808298123605461
1.0658602263398111
1.0758489634061892
1.032653778022826
1.081469800617999
0.9778350365301279
0.9811029466441638
0.980526589009959
0.9711940396787746
1.0015956441100955
1.0009532510118064
1.001733298852281
0.9995993692112484
0.9985478434195091
0.9985325080973042
0.9985197047016499
0.9982460834155711
1.0106873149160198
1.0083595462751966
1.0101259915267033
1.0076185307651184
0.9783030800990741
0.9483284881034098
0.950841870031876
0.9534901128891008
1.006694997257902
1.0118853150231986
1.007752758349709
1.013961339553383
0.9983473369291833
0.9991095628018509
0.9991625915925928
0.9986050501258164
0.9966103038020504
0.9968094805981395
0.9950135490410422
0.9947185067108049
1.039299539833073
1.023117101946473
1.021096915157806
1.0315597587035203
0.9860043959457961
0.9869103378430941
0.9828891556003752
0.9759247185006114
1.0357347378672797
1.1331659297823613
1.1147069742558828
1.0584178498308547
0.9940156272643805
0.9914167749676309
0.9937975510211119
0.9956122362187443
0.9790874933675543
0.9376781247375515
0.9537145197483962
0.9509878438996909
1.023463363275971
1.0594011029508918
1.0335992422061437
1.0387775778507413
0.986570824687591
0.9857616525804974
0.9847083443900871
0.9918323139498663
1.003227943875026
1.0061024092585267
1.0010122604474019
1.003317652810172
0.9997268883284556
0.9997733191761282
0.9998779159093729
0.9999392422483085
0.9962752996420658
0.9981401244273035
0.992988747114376
0.998489645258637
1.0146066878517306
1.0144384082447915
1.0111083470653301
1.0097646415986732
0.9804832246188622
0.9649366938229162
0.9264918397501687
0.8967939879424303
1.0532857173263843
1.0196901041073458
1.0404448961890862
1.0370194757775553
0.9822947030708338
0.9962014455026177
0.9868580692871384
0.9870099535226541
1.0049591167174405
1.008180731367886
1.0064752861563868
1.0032301832494233
0.9863682078841962
0.9859861195440421
0.985887930011053
0.9871550120965182
1.0023116053087344
1.0029175835627642
1.00347049777527
1.0037639729318366
0.9957362737379615
0.9951227164116034
0.9946041755449453
0.9960659037755523
1.015762578165139
1.0218314211594108
1.0148969387901803
1.0195535461093985
0.9937671978585176
0.9962384925137218
0.9966235734920349
0.9950976854029353
0.9958954844924937
0.9945534474036799
0.9945340850829291
0.9979966511315902
1.0014051609184575
1.0008726928642628
1.0007203073768673
1.0006647329283964
0.9998046293412177
0.9998209795131735
0.9998288939657068
0.9998531598981106
1.0000579848984414
1.0000394181620573
1.0000599454470511
1.0000623197749685
0.9998659378721123
0.9998416061294968
0.9997882791320517
0.9998173908797318
1.000768093730319
1.000041899996775
1.0012446484833801
1.0008135498090796
1.0162391686710437
1.0061970194446883
1.0134590752292894
1.0192404411391178
1.0131232721054015
1.0193783912150303
1.0243206227684005
1.016830566872288
0.9933278793916106
0.9905276170752442
0.9886043064594098
0.9845152256209218
1.0341325720841055
1.033511090255937
1.0335643511847097
1.037380574116331
0.9960549048395616
0.9934719837515626
0.9940059221385407
0.9924790614076218
1.0015693255972107
1.0013714275813084
1.0013396696875339
1.0012407510804942
0.9945442156233418
0.9969108968932028
0.9983260202998854
1.0030795692368286
1.068170888786321
1.0546969519494762
1.1022521303989319
1.079771278479656
0.9767777778693938
0.9738357733341363
0.9797168158240387
0.9798043300769337
1.0014652696976547
1.0032855114970065
1.0023831799318008
1.0035444477064992
1.0048961746453633
1.01126703994088
1.029307224273617
1.0216938565833031
1.068056964080784
1.021305397924977
1.0374130507789707
1.04835996632991
0.9515256026783858
0.9855305962619668
0.9523373663188687
0.9400709351912554
1.016411019774096
1.0341365174732073
1.0296119640874704
1.0667297627709624
0.9862818919989007
0.991247005783498
0.9938116123024252
0.9879301865152327
1.0039362622498462
1.001926148286719
1.0016926120954905
1.003114737730419
0.9984201490979878
0.9989538253945446
0.9992092763372902
0.9990199730276923
1.0049129039058395
1.0048266455142647
1.002194696597656
1.0024252393046114
0.9836223889812996
0.9895211410982894
0.9731141053063197
0.9661770972335524
1.011188625863391
1.0078480666108491
1.0059293680878543
1.006781467239958
0.9935542172056939
0.9875421787869088
0.988435604459494
0.9975017540914716
0.9978137588710951
0.9626213879009154
0.9454156247905027
0.9482754853910084
1.014120871271053
1.0223531410232285
1.0109235624309298
1.0376076555272027
1.0481665956882982
1.0252439752609037
1.0426356478686276
1.0056993045521005
0.9975153734935779
0.9918375094507514
1.0006155810318151
0.9977699074015693
0.9894053257436389
0.9847681147940924
0.9864511249133301
0.9552966596796159
1.0039378941775727
1.010000585740801
1.006681259349361
1.0071496855276176
0.9981662759689884
0.9986854219504823
0.9993134564373876
0.9989604725924628
0.9986842052656452
0.9982376449657214
0.999038758980573
0.9993577956562769
1.0095954155619487
1.0035103126773217
1.012501480579193
1.0103006666374477
0.9982659020749955
0.9979191775246345
0.9978561468507788
0.9981946920449623
1.0002204758908821
1.000350183234894
1.0004439983864755
1.0006155079475934
1.001828845473459
1.0010415330576843
1.003075034909077
1.001618302963616
0.9964881047287454
0.998162337518464
0.9971779406515657
0.9962413603994268
1.0191919434293395
1.0327535194500563
1.0340093476330725
1.0232444254788136
0.9908998682243573
0.9918454234964885
0.9919487969050635
0.9941623634771082
0.9938772804194353
0.9950414105311652
0.9892548063706
0.9909330276274433
1.0383959151084927
1.05531114484311
1.0741404097007328
1.0806121287621224
0.9822442463760631
0.9864702262445832
0.9823576000810013
0.9779527411278796
1.002842961120388
1.0123491801877327
1.0048367284377495
1.0129046749837063
1.0188641127294642
1.002554199817357
1.0353745810594
1.019668835263257
0.9958570696230666
0.9935845477082151
0.9934800976110266
0.9975065417026826
0.9986176424468115
0.9971353638282383
0.9975710854176677
0.996939180234587
1.025732640609268
1.0245802393935983
1.0327547762656146
1.0373981731992508
0.9959614609595387
0.9898681235961847
0.9947498645967104
0.9930230486336482
1.0018553566125712
1.0020661687281476
1.0011596814894435
1.0016553239895232
0.9989327980002891
0.9978513165413869
0.9986287243191853
0.9979825352040499
1.000538253862563
1.000279577786069
1.000127685044886
1.0008618037153258
0.997440141500453
0.9975201089692974
0.9967161833964981
0.9982336372596452
1.017680928320004
1.0123400145127375
1.014081372957055
1.011140720314428
0.9984920024433627
0.9978287651572357
0.9979518818390432
0.9982776659455244
1.0001973853666841
1.0001631511182698
1.00026506860963
1.0003783091175389
1.0004456300142601
1.000268551928685
1.000247875243287
1.00032194625313
0.9956263166869644
0.9938063265079408
0.9957196947378021
0.9969814632295497
1.0300319680046188
1.0273829410351203
1.0422445869095607
1.0395625570135174
0.9553726189489042
0.9790111362496131
0.9661151554767972
0.9746168681607206
1.0051978855260886
1.006150721143591
1.0065826689547
1.0054717942146247
0.9978653991056854
0.9983292252204315
0.9986262204141901
0.9987633589496965
1.0001874560936215
1.0003222735244799
1.0001265713015783
1.000123779199891
1.001250583873527
1.0013905675492785
1.000753000544705
1.0006946903124279
0.993701527287168
0.9952625053604978
0.9954068850524967
0.9973936260602947
0.9999527490940862
1.000770853447541
1.0007751204339532
1.000476781682982
1.0082104438696222
1.0062756118226213
1.005065650450893
1.0037726068324029
0.9889459462839998
0.9636199650786409
0.9737003256352039
0.9887488791027189
1.0322044532193766
1.0340253785784088
1.0434866180278057
1.010273268492706
0.9843364457416278
0.9825361636849961
0.9944068632546922
0.9885856667747864
1.0065552898317833
1.0040265752486623
1.002837012904129
1.0051921698433366
0.9993612438434517
0.9991392405088341
0.9995338858086468
0.9996492967968587
1.0000680893778886
1.0000645481802584
1.0001065123613613
1.0001739483816938
1.000237461693708
1.000398725156759
1.000193443086138
1.000483844875616
0.9974688269083268
0.9965788512375426
0.9961755994501114
0.9965141199588234
1.0397832812363474
1.0350105006147712
1.0456408044463559
1.015389313157122
0.9964337303083537
0.9978458403924132
0.9990767196274979
0.9983258746162531
1.0006271936842093
1.0004903362413509
1.0008272467331398
1.001075923070564
0.9964764594004125
0.9981046773807807
0.9968344206879146
0.9977452701433215
1.000893824319538
1.000739803420171
1.000778500073667
1.000358283758645
0.9997829256618266
0.9997836554585272
0.9998863719593176
0.9998652423214185
1.0000737430730138
1.00008579982439
1.0000427096151634
1.000075535358441
0.9999365613214938
0.9999118824958796
0.9998789646238576
0.999907644900401
1.0004674671115417
1.0004823824851452
1.0004570898949379
1.0006077002236928
0.9975803642679291
0.996749227096561
0.9983796108795004
0.9951698107350688
1.0041305033829788
1.0034970916697779
1.0039682880008218
1.0031377273593334
0.9891007161664328
0.9755989993233752
0.9825316827783929
0.98518732174318
1.0029285086082662
1.003753383983757
1.0039143577494447
1.003453325690773
1.0280937184231445
1.0127050545056222
1.0269114297456619
1.027140465416127
1.0226542691396097
1.023321991583025
1.021904540131299
1.027522907236575
0.9947307994287918
0.9939611151970095
0.9934950202393459
0.9945613968337477
1.0011500069202934
1.0010077655923786
1.0015774544663807
1.0025393036897787
0.9992400576511581
0.9993808550260305
0.9994509136673368
0.9992958099214038
1.0001958781334765
1.0001465468525788
1.0001337563594794
1.0001604364949248
0.9999390033503364
0.9999439885409848
0.9999605580569346
0.9999519191632797
1.0000099347726628
1.0000064101101467
1.0000071934770394
1.000005492562693
1.0000595008265842
1.0000518704489196
1.000060726713186
1.0000349396150896
0.9993206953596542
0.9992811847834173
0.9989968283692316
0.9998044067069504
1.0055896691784476
1.0051549617640312
1.0047707531711294
1.0029765283400536
0.9832436101499975
0.9782931417851188
0.9676432528305396
0.9728838992830531
1.0102629470174311
1.012455503138369
1.0065099096583072
1.011662378474377
0.9679282935774931
0.974285726506842
0.986233011676137
0.9643833722039911
1.0524921488467067
1.0393194716969676
1.0217242211148332
1.0487446291429994
0.9683876467978123
0.9858068244211055
0.9829655248616013
0.9674543511927711
1.0056770219012063
1.003538821716701
1.0054979606543433
1.0043062953917046
1.013312352386174
1.0099444375786062
1.01234202732064
1.0169788321568003
0.997757964498002
0.9962711218830014
0.9958502136053263
0.9972652540923964
1.0005646792855427
1.0003772901348158
1.0005761086357776
1.0003897988457344
1.0020226326198505
1.0024793823660598
1.0026753656803282
1.0011350256594456
0.9995293008442943
0.9995925886508984
0.9998905956516916
0.9993059566366327
1.000368075617297
1.0004994465474149
1.000355487878495
1.0007698845155266
0.9966951242394916
0.9977854722139323
0.9963035412806763
0.9970616552860906
1.0126963956435675
1.035249507420611
1.0224138629472332
1.0247270459665099
0.9938522590306886
0.9955140771586183
0.9957249132596437
0.9953101909432708
1.0004479221228815
1.0016496275640339
1.0008331001073087
1.0015520586052253
1.0005308846837293
1.0006501745915428
1.0009798348429848
1.0007766940225433
0.9837707552001731
0.9835510867931465
0.9923196360934539
0.9970677412105583
1.081995203387727
1.1013654658640704
1.0314044045631845
1.0568363669449605
0.9687099294463183
0.9708121455402456
0.9753379519106233
0.975976263139076
0.9867506076239937
0.9921073228997357
0.9915237895445403
0.98013314253415
1.0044915246656367
1.0162231325461488
1.0056787224297723
1.0246968263921663
1.0166502608419337
1.0441873564568391
1.03912069317783
1.0537431961080297
0.9928820926464501
0.9916788477508595
0.9935932413417174
0.9974540230578393
1.0054645082695117
1.0053876235556642
1.00659851047646
1.0036090340358765
0.998762146341689
0.9984598590033651
0.9983946699590596
0.9993096716176499
1.0000671106401995
1.0003355286083169
1.0005167880189378
1.0004071801197707
0.9987342259518989
0.9979911317252393
0.9992599317119136
0.9977469933802285
1.009927221828255
1.0026867844405016
1.0164775358109046
1.0092116948258876
0.9973615133686032
0.9991429429837753
0.9965198651778325
0.9968073209018572
1.0009691383968375
1.0009496758307326
1.0013185800159803
1.0013324836208806
0.9974540273152497
0.9940583272341452
0.9946381471456139
0.9959406439448382
1.017038910582495
1.01549699697643
1.0208922063636694
1.0368374761520802
0.9793370540871542
0.9879066316619156
0.9754530875586047
0.9922047002018051
1.0493193487374077
1.0638432258114772
1.0698288530221851
1.0512114863656263
0.9877037663399941
0.9914687042137778
0.9808173713180918
0.9863261407425623
1.0029031407990048
1.0038971175128373
1.0037358228977604
1.0020112285108451
0.9984145676582372
0.9942005623061181
0.9958932865676748
0.9967369776716422
1.01967807096415
1.013959279126168
1.0264321234922866
1.018132336361887
0.9965339429827877
0.9940348808153121
0.9962480275243872
0.9948189644837829
0.998253812676733
0.9961118028055465
0.9933010955136012
0.9982095929794784
1.0017975829300367
1.0014208924095171
1.0006076193046245
1.0020623007387486
0.9926952759210805
0.9927822006727717
0.9958609617251506
0.9938242819320174
1.0778366036499683
1.0455161877414008
1.04224427420499
1.0442657535924376
0.9340509785806315
0.9339104377891994
0.9203373190095895
0.913673139339878
1.0036808525240242
0.997101860285195
1.003984432530395
0.9993965197353736
1.0823371511948798
1.2040818284273163
1.1858849551037154
1.0784656244886532
0.9770040977441349
0.9594508522482719
0.9649217915888862
0.9892297922957839
1.0018282029197358
1.002277425155618
1.000624645964776
1.0008913469925
1.0077826654415207
1.010805497685157
1.0192029326156329
1.0130551876056453
0.9996482835514621
0.9995461154805588
0.9998525129133127
1.0001201107233033
0.9775108516568999
0.9764996021260562
0.9776839441387418
0.9894799221326597
1.0019090416107448
1.0038087250120846
1.0023821931531467
1.0035956991469832
0.9975347094544134
0.9819173070379653
0.9940795384516529
0.9858537568203535
1.009162836500152
1.0037019366822866
1.0139584803408825
1.003097549837387
0.9990680752917195
0.9985286990417996
0.9982298535258181
0.9984968140957662
1.0003939102010844
1.0004670549794907
1.0010374255751417
1.000616924677382
0.9999308026135841
0.9998672249680167
0.9998555761805318
0.9998426668146009
0.9999891167282828
0.9999418500410017
0.9998290786817734
0.9999100383880827
1.0007513567170088
1.0009385085082336
1.0004948580772415
1.0006936534652293
0.9970656951435264
0.9951933072500032
0.9964304740238742
0.9959690337895919
1.0108335131522315
1.004246660090475
1.0229560133006976
1.0435016079551016
0.9991627273727859
1.0002643952763108
0.9978660498030696
1.00021323488408
1.0012549831929145
1.0005916141610574
1.001196014208076
1.0008872014718968
0.9910003042661921
0.9918545690497754
0.9984657971279873
0.9924931179084077
1.0023951940733786
1.001735329916375
1.0023029708889397
1.0017901428263056
0.9937622441945156
0.9961425230792461
0.9927786441035438
0.9951962915855699
1.07414420482093
1.0360921649004469
1.038899193534672
1.0598723354640451
0.9696137845877822
0.9524802658536283
0.9469477961290521
0.9840431820580553
1.0316571560361425
1.0110645926767277
1.0111491468546236
1.0259801124747292
0.9909274072094632
0.9923205371326802
0.9950154367052174
0.9954829719547555
1.0004774714902933
1.0005275674163352
1.001088520581249
1.0004017528801363
0.998879408589409
0.999871518651791
0.9990207754668244
0.999010434256868
0.9985683887690803
0.9952634216328825
0.9966925661087296
0.9990122835495564
1.0715557298463836
1.0522342605352446
1.066346175883926
1.1054550671960333
0.9772998676426872
0.9804731535403953
0.9836890295378723
0.9787983073095565
1.000658042308484
1.0031268188403017
1.0018681604764663
1.0024243744722945
1.02760072822669
1.0098073247945243
1.0256586723099912
1.0351217367844676
0.9889752892046894
0.9914284292061208
0.9944255162247462
0.98708179787439
1.0002057877604185
1.0007191918242526
0.9999014502383055
1.0005392417718384
1.0046076830256372
1.0026135523860729
1.0015227459546374
1.012396008034255
1.0185198554173107
1.0105318999023476
1.0166175504805959
1.0066652950711301
0.9967903824255436
0.9983248424461182
0.9989089243663827
0.9975233161265827
0.9971705311521846
0.9976899747214708
0.9976588488447293
0.9973548595613405
1.0154391391339135
1.0210209896068263
1.009858775785791
1.037759178619335
0.9947459643754888
0.9952917153385451
0.9953371693851965
0.9968115722935159
0.9896417105945797
0.9894718146136701
0.9861581025756468
0.9837116934331865
1.0581780346313874
1.0246472988876445
1.0133256099693486
1.0677074178979964
0.9809207905206787
0.9863344509563502
0.9857932830596742
0.9888393733100445
1.0033866790424688
1.0016747168431337
1.003668235073163
1.0026638157161876
0.9966851396066506
0.9956530418865815
0.9983786066588769
0.9944524127610671
0.995190189120648
0.9954758129358589
0.9975859757169703
0.9962619994720514
1.0089487821518652
1.0072730287352907
1.0072063722688538
1.0062070524892879
0.9537937734598674
0.9633255763644867
0.9503818788034313
0.9803411767918222
1.0294738771380978
1.0356030744213958
1.0201879213552585
1.0177205418355597
0.9933020347735946
0.9952339228270495
0.9938456563897716
0.9958565584910305
0.999678437467674
0.9996911016798465
1.000014333727549
0.9996507506487236
0.9999628304901289
0.9999681967484105
0.9999444793331634
0.9999638783981436
1.0003517172314238
1.0008500533728608
1.000538849089673
1.0006774249158676
0.9976934218501807
0.9970774457230345
0.9958177232775723
0.996618079571408
1.0145072366155807
1.0287348227271107
1.010817306847424
1.0093125862091397
0.9306128116513899
0.9482554438067872
0.9036191666106264
0.9062910338347082
1.053305033333143
1.0744092569783248
1.0362402063941423
1.0478742167443729
0.9903605633216197
0.9872844924923935
0.9890358389494341
0.9882173098822246
1.0028302279503232
1.0035319849940818
1.00250454375515
1.0031769582682426
0.998621029528478
0.9995944046878399
0.9980436252743375
0.9992139581749787
1.0002831712865339
1.0001925813282622
1.000158966667927
1.000365371730683
0.9999030606130831
0.9999295708681271
0.9999415613004694
0.9999037678129077
1.0000212040013237
1.0000573628678346
1.0000516748506636
1.0000598689354747
0.9993973123038847
0.9994391310188613
0.9994369666605133
0.9996114517562978
1.0038445577229236
1.001686768212707
1.0040410674492293
1.0036278736565645
1.000603627321534
1.0004457939481688
1.0011782998292615
1.0010109094032928
0.9929785084096883
0.9870593130096982
0.9980765876646515
0.9831294279536048
1.047213255617973
1.0832082837797505
1.105645389502965
1.1500517702949575
0.9752292630940258
0.9524217568496822
0.9661752163680128
0.9782344394538444
1.0179398714201442
1.0232872669772557
1.024045609884218
1.0070743081799645
0.970860108830855
0.9952387703932256
0.9749335492339855
0.9828617414900952
1.0581050345377399
1.0560339530365819
1.017586761709999
1.0275812278605765
0.9466843848719876
0.9929895114884406
0.9029507909630033
0.9305679357560995
1.0133516229835196
1.0213401735227026
1.0137407094661965
1.006040902551204
0.9709114585238444
0.971983685034244
0.9815593717805612
0.9680524338639334
0.9912089363111865
0.9861650475964395
0.9834918870448488
0.9912017799424077
1.0609924675688933
1.118526627154173
1.1242892784788538
1.1104723686400668
0.9811682627750687
0.9834326552837042
0.9873987760025368
1.004455401008839
1.0073472383678657
1.0162132746111345
1.0103337058834603
1.0041248713002588
0.9970947354299843
0.9986403082557891
0.9977752609054741
0.9976376233173768
1.0007471435579776
1.00048910930795
1.00025443981922
1.0008181484166283
0.9983269543583401
0.9980703646113097
0.9978967978289461
0.9975247985324701
1.0405399340245387
1.0267176160701121
1.066120167712578
1.0259314297738882
0.9956145199119384
0.9978709221068615
1.0000804875286233
0.9961477617377696
0.9706125469232921
0.966661896914989
0.9599044433293158
0.9887151219927838
0.9819353053886662
0.9834784312666649
0.988436452645764
0.9784549673223861
1.0084011524242602
1.0064871917820697
1.0073364624694592
1.0059519742482195
0.9978750195204159
0.9978243327788587
0.9962659160737994
0.9955794569570607
1.0047833141890887
1.0058691205481944
1.0146144928936087
1.0127346250010323
0.9982336494203424
0.9991465431253445
0.998653374520399
0.9984540723859404
0.9977110441233731
0.9955597882891247
0.9957403046085713
0.9963307600400779
1.0217530715429497
1.03025746744457
1.0216868930354295
1.0230585533758672
0.9888451119926538
0.9955608660083692
0.9949330965944304
0.9908173643696895
1.0034451781901912
1.0034799505419254
1.003657071741043
1.0026682387340462
0.9966318772895988
0.9965510085853888
0.9974633079249391
0.9968315121108806
1.0068954831344459
1.010803466838628
1.0083859072061594
1.0096401164352813
1.0007400850336232
1.0015071931883126
1.0046651226804122
1.0041922258515994
0.9976978899640687
0.9984727723148324
0.9969310281503312
0.997176567718598
1.0098765163780876
1.010688412012582
1.0281524340118844
1.0112294515284155
1.0138969094935912
1.0167374619494502
1.0075389662314809
1.004995547408325
0.9614868248174848
0.9589775676761956
0.8776448107033732
0.869102419538859
1.0578911846439554
1.056504531059145
1.0249102514725519
1.0374797352183158
0.8997662738779013
0.8918935684285814
0.9027103368355627
0.8984912139381643
1.0319758140755864
1.0123714774946049
1.0094023974956574
1.0237032175524519
0.9922316591203393
0.9937273116935413
0.9946143047016539
0.9928238603645848
1.0026742302315077
1.0030278947427835
1.003947028224467
1.002493352491022
0.9951711192019825
0.995919152577666
0.9919391616177994
0.9916730964984359
1.086609857405151
1.038042896771613
1.0240262051905673
1.1538627591631585
0.9890351714993413
0.9768081527629806
0.9658147105850791
0.9797111507112826
1.0154549032297402
1.0079781158218948
1.007030481176383
1.0074726676053862
0.9197790334239361
0.9217388008184336
0.9448518077845635
0.9218062923569799
1.0123188176823148
1.0086981997213176
1.0126220869239175
1.0062908230180274
0.9892179324468447
0.9947937064130072
0.9924324635900184
0.9864223184972587
1.0083261095361193
1.0153049761392925
1.0180544056984484
1.0083059811199713
1.004110293533061
1.0012128254219645
1.005438465292763
1.0018676941476934
1.0020867302723393
1.0072570397002674
1.0057416659532366
1.0068532736056164
1.0003470683038422
1.00051242191384
1.0005906402158102
1.0001618631060831
0.9857447051059071
0.9961788071581831
0.9885069891801617
0.9929034514829992
0.9973132119014175
0.9910929709431843
0.9940718697949513
0.9960437063490761
1.0362460201509627
1.0513979715499524
1.0269438469932124
1.030853970338287
0.9877482188480627
0.9919490092459523
0.9916377307708777
0.9904513995863923
1.000663822919527
1.0005343250395087
1.0006851831131451
1.000727192854009
1.0124262658712193
1.0061455012391873
1.0122385831145295
1.0056352999826623
0.9973452038574185
0.9990125821672875
0.9980898921256669
0.9980235935031538
0.9973262303003456
0.9945820870429688
0.9976132247852706
0.9949207439250926
1.0011796434257856
1.0013874318006797
1.000671869873609
1.0007216622148245
0.9997275640057907
0.99975417363822
0.9998583541662897
0.9997819072598436
1.0000273572879503
1.0000682552447266
1.0000596711805603
1.0000560462048858
0.9999963879143731
0.9999976739244861
0.9999918072797079
0.999990535230131
1.000000400469881
1.0000000151883752
1.0000002707465907
1.0000004844055346
1.0000027023885405
1.0000034267809805
1.0000064849742725
1.0000039779469583
0.999971594144531
0.9999497225626071
0.9999762745960294
0.9999586522157751
1.0004219106012526
1.0005446172869312
1.000465899290311
1.0002286933161189
1.0002975281501671
1.000290486771603
1.000568481937179
1.0005628467630048
0.9974328206754621
0.9962836986822079
0.9972583329865767
0.9986996671205255
1.0204610568196395
1.0093566075886713
1.0167245468720978
1.0196152240799532
0.9927057415419971
0.9907944481879593
0.9944917943209676
0.992056882522118
1.0406640673426384
1.0161385799411307
1.0347695287422143
1.034389601925896
0.9926028120329982
0.9916050536775082
0.9967386467082956
0.9962615478132443
0.946990363311578
0.9798473272555572
0.9527506484504293
0.9600167729676464
1.0105251793465804
1.0098165166264188
1.0122677535853175
1.0155750779736237
0.9939845599974628
0.9958501578479069
0.9937518954270137
0.9949459312715175
1.0076321971976916
1.0145853470573942
1.0195753343461038
1.0157458419689689
0.9956264404754499
0.9966260554012927
0.9977598220477616
0.9943823571446287
1.000693501634487
1.000866718057734
1.000404316515212
1.0006439009992907
1.0006976726136083
1.001092386615454
1.001429817269613
1.001251045295969
0.995045005600421
0.9914131446567224
0.9913137192238267
0.9950882721468343
1.0518086706824092
1.031972345861545
1.0361440268302287
1.0573749218436803
0.9863722113046736
0.9791547071720937
0.9908739510396396
0.9862515681883888
1.0061753325951968
1.0044001058767067
1.0064847200209017
1.006624079930053
0.9892291163410885
0.9866746070438157
0.9867470032088134
0.9917676914832664
1.0263460118751422
1.0665202803385627
1.052870325316218
1.0516235828861868
0.9891100830759441
0.9891708947404757
0.9877138054506458
0.9900322195034518
1.002936375612626
1.004142603918835
1.0037884165345115
1.0015558071153934
0.9994618338091167
0.9994518373269475
0.9989602566488249
0.999401137449919
1.0001977819674113
1.00020498793208
1.000121024566591
1.0001438283750972
1.0000648826794678
1.000045570113232
1.0000536722739906
1.000075647025727
0.9995130508961051
0.9995791227390867
0.999358515977529
0.9995342024048457
1.0005676419697995
1.0014939740430977
1.0022329281422144
1.0008715386397997
1.0036991474267707
1.005206616919179
1.0028866327786263
1.0059893266213116
1.002816813394425
1.009785932548175
1.0060216061948424
1.0098334727812275
0.9976875439550459
0.9953665067088324
0.9949606973863534
0.9947231272704701
1.0076534912463235
1.0181241457086525
1.00829445499905
1.0190280371889389
1.0000860077410048
0.9995979385133836
0.9995777414402405
1.0014719610939644
0.9981648330769748
0.9974564505087128
0.997242300593126
0.9988829350807592
1.0015191886280885
1.001667816212526
1.000894553072662
1.0008683344335565
0.9943644268117032
0.990423192934302
0.9899328744173899
0.9948699309325518
1.0093043465706149
1.0108741804264945
1.0102202059009389
1.0030079271093892
0.9966565157082491
0.9981696451455974
1.000962025604724
0.995580441891305
1.0350709179074964
1.0633838424468647
1.0331975283187103
1.0307405906305882
0.9461342366553354
0.929853007927563
0.9106290355104452
0.9297396920285822
1.0532073557329509
1.0302438703753762
1.0482262737324344
1.0806177371696606
0.985381159542895
0.9875262513323996
0.9824485625798748
0.979508846656424
0.9887486796081614
0.991391959820072
0.9881666574830553
0.9956387462703937
1.0021034185230517
1.0040762262546266
1.0025715526073695
1.0007278320264903
0.9995174393520457
0.9989786676684728
0.9984491027302802
0.998343617844862
1.00463229661261
1.0046964830897815
1.0038331108945426
1.0047116570838683
1.00367082544237
1.0019662533999314
1.00339811654919
1.00244329885743
0.9978267644314534
0.9980242722384016
0.9968805986696107
0.9985896601732072
1.0098444415651162
1.006704688885518
1.008318062123227
1.0140056515087754
0.9976426107616415
0.9968921520610156
0.99762488660622
0.9969062884481507
1.0012876814275442
1.0011438146894376
1.0010692435686446
1.0005831454742624
0.9976393240231477
0.9974014251777187
0.9980542625541025
0.9990119147337346
1.037432487707355
1.0411105736735295
1.0228545462747285
1.0360169964716248
0.9935730435733086
0.9946991563781741
0.9922523913048252
0.9929126485211831
1.007062989186917
1.004994068042007
1.0040249664161864
1.0051634332373856
0.9980838800029955
0.9991692024242378
0.9986242939730191
0.9978255518416748
1.000412158468928
1.000626739646254
1.0006327177894159
1.0004240586215776
0.9998926466555449
0.9998690418520281
0.9999171307579413
0.999877498806317
1.0000682986534821
1.0000612664292554
1.0000339426944465
1.0000299859270585
0.9999253090431315
0.9999086684899764
0.999921769341642
0.9999142416131713
1.0003845660620179
1.000361847809714
1.000326509408023
1.0005095064280083
0.9945284243198935
0.9952227118054556
0.9979330995532136
0.9917682709154807
1.0010601349085495
0.9998378581738601
1.0013217959181753
1.0005555664933656
0.9729529506991959
0.9664553287085651
0.9793574477463025
0.9771535082535202
1.0157578028390288
1.0323531627880507
1.0212380510440073
1.0179132532566566
0.9685443000376955
0.9770684083079593
0.9510514861933714
0.9538844345551056
1.0200609896808894
1.1097528052378218
1.08823392316785
1.0899029768677846
0.9738512758690979
0.9734374089247092
0.9819337568301182
0.9771379895134981
1.004705974444825
1.0051059450725044
1.0050924733104816
1.0071734902188434
0.9988671622037676
0.9983814974044931
0.9989312220439442
0.9988896560909015
1.000189831548884
1.0002344017062643
1.0003774200909779
1.000305779121516
1.0001398363200715
0.9999962356397818
1.0000383294186237
1.0001396663262299
1.0000107293228153
0.9999986422096174
1.0000110580375936
0.9999994440438096
0.9992838788420622
0.9994765855220149
0.9996512188551826
0.999335384166237
1.0045401953703679
1.004625047609295
1.0026910549929162
1.0024559239195439
0.9741940267993684
0.9902282094698872
0.9868188963864343
0.9702372507923668
0.9946251550521323
0.9908534427973503
0.9919908783415489
0.9989371535141696
1.0017554357164244
1.000294225982882
1.0014104964771657
1.0003632987078774
1.000151837901958
1.000106055430151
1.00002878452839
1.000093838804609
0.9990951660826047
0.9979544574048645
0.9982750147969722
0.9974850645547646
1.024695275382385
1.015580413426272
1.022878302195781
1.0171439898797687
0.9779964212831092
0.9899051829452664
0.9803271753028916
0.9813836631711971
1.0047743049092348
1.0050336082609905
1.0074187531596361
1.0054338641563751
0.9857147526255146
0.989362520619287
0.9825228929174478
0.9844186725860684
1.041969981378396
1.0837783409488135
1.0318842621350663
1.0605839544656483
0.9886609026805897
0.9904241403853651
0.9853532656818623
0.9877952284479282
1.0038617176295235
1.0047360476284921
1.0028380782702928
1.003466346832534
0.9924147714499363
0.9928428498008832
0.992921999356319
0.9966703405966852
0.9999498855362184
0.9995846640139562
0.9993917300364664
0.9998365795466171
1.0098599057753777
1.013901255333347
1.0042256184912206
1.0082000635458273
0.9576786277665873
0.9359201603590953
0.9568617568209011
0.9270426363113679
1.0141524787959175
1.0089719302983935
1.0063455397813552
1.0174838976184053
0.9968561462535901
0.9941198097019373
0.9979347498044366
0.9975607931725697
1.0014004493987385
1.0013998902808596
1.0016988043322541
1.0014156903536893
0.9942252586482652
0.9965377057434696
0.9944100727699667
0.9965730225583693
1.0146822038328576
1.0354716294547222
1.0100226530688385
1.0262797259711187
0.9949839748050866
0.9958312150895173
0.9978579725220943
0.9952567189399979
1.001043995996068
1.0017722909116817
1.00126430731126
1.0017319384053174
0.995389093032749
0.9969581936260375
0.9960481262407285
0.9974972717389275
0.9982865579190296
0.9983108231380167
0.9992569536259859
0.9987639027820722
1.0125907861091938
1.0065779816151528
1.009599626766553
1.010649198006573
0.9344705533923832
0.9622012713047823
0.9767852384068647
0.9050191592634987
1.0167096396707176
1.0158900744923949
1.0177648854048427
1.0261363051646717
1.0103071901712715
1.0020499464746278
1.0082552798182
1.0035555521378798
1.0223787951135601
1.0137776880412535
1.0213619519682842
1.0219842707558815
0.9959252917068152
0.99530624195282
0.9973294712121755
0.9974809093024465
0.9974284657091577
0.9977917848744755
0.9979701149977663
1.000076370575762
0.9968144001062609
0.9971524150763086
0.9963360811568188
0.996992908957576
1.0012611351488512
1.0014218285924426
1.0013100546335187
1.0008167997786077
0.9949368134173757
0.9910942865585037
0.9921964965262305
0.9899669179427538
1.0544123259983753
1.0346668355261213
1.0100529672380796
1.0649816023917762
0.9880212030754587
0.9892850156808066
0.9873567557840017
0.9924421377350746
1.020215513615942
1.01548320949988
1.0208713800165368
1.023182031113465
0.9951786066452531
0.9941605125485572
0.9959962092556224
0.995650172044699
1.0017502988638212
1.0015202167138844
1.0016959326510972
1.001446813738324
0.9964841205315185
0.9958805295132382
0.9954884157549009
0.9944280829933879
1.0250195946136156
1.0107784579358519
1.021504429349733
1.0203505712230305
1.0031405260900175
1.0065930275471355
1.007486359143071
1.0058444510972846
1.0143866959105847
1.0127510804185014
1.0119947397581097
1.0080821810805107
0.9978749620639595
0.9987864042353835
0.9985823600966843
0.9977031746478386
1.0004015127151689
1.000743433676538
1.0006273894289308
1.000730122184987
0.9997603201729679
0.9997926123223967
0.9998593116006148
0.9997920838910399
1.0000443963479366
1.0000869136322021
1.000058495350877
1.000079737160574
0.9990690570706955
0.9994620636725592
1.0007231907594394
0.9998517149017319
1.0071216253553703
1.0155038368152083
1.0190740788598303
1.010043086190386
1.0011614750439175
1.0013782833661151
1.0011491661068084
1.0017634292179867
0.9974053637002979
0.996636523149869
0.9959653102538109
0.994887887393333
1.016578514678377
1.0316541426222166
1.0337731782955673
1.0121548579196242
0.9983266561521479
0.9940167845482624
0.9934949762082386
0.9910093240331732
1.000016461685842
1.0004040692606864
1.0000506866094196
1.000265910706737
1.0111270896682472
1.0098548002659038
1.0094029139472607
1.0052987343323585
0.9469110522659829
0.9827759908514362
0.947915443736583
0.9373360992543025
1.02406717167584
1.0269803684574488
1.0282510735234902
1.0461738551702766
0.9906143802379404
0.9896601900421166
0.9910386380271717
0.996553167017286
1.001908301211425
1.0009719134069848
1.0016106229460986
1.0012858761799794
0.997818664817005
0.9957803697677543
0.9974050737861477
0.9958631048411061
1.0088627056098578
1.0137497736518535
1.0066731388928043
1.01211275084507
0.9958212180079755
0.9964243551747959
0.9940932838040989
0.9964336024397167
1.008368204405264
1.0044917985057729
1.0103810805870543
1.0046916052219321
0.9935988784047491
0.9951765818397558
0.9935031810062198
0.9959662962773493
1.0050293316070353
1.0048176580080808
1.0045184773283053
1.0063204978194107
0.9950819967646031
0.9979606848924979
0.998407927792755
0.9943243677611904
1.0320022806486193
1.0151145985644958
1.0063140830250408
1.0299143410380844
0.9893221486880088
0.9844518240632304
0.9878952491886624
0.9801552716658027
1.025770297274192
1.0347767301717345
1.0388951641401993
1.0392307508878538
0.9932264557595181
0.9927214928598229
0.9936395543572337
0.9924447993452816
1.0001231075239667
0.9993766624256659
0.9994541153695219
0.9999013917802893
1.0183564466649164
1.0209981806967612
1.0218781221316984
0.999964240502564
1.0159403589622766
1.0186411893495113
1.0160170966666342
1.0110320508706425
0.963704809747951
0.9537067996024826
0.9674403493558894
0.9575786581244105
1.0195088548988798
1.009420002919653
1.0120101182884087
1.0163740813297515
0.9966515365651977
0.9980599810998656
0.9981441984948466
0.9967811766137581
1.0007387860459198
1.0006526555867714
1.0009488669911597
1.0007405624841383
1.0006672311466662
1.0020272366402487
1.0006881222212949
1.0018495154236284
0.9894821849479567
0.99185323690027
0.9866312032684664
0.9882182418129087
1.0873623665215184
1.08561602405873
1.0256720751495856
1.0721379953645775
0.9636417729867904
0.9558784865298229
0.9197284530095421
0.8867408091135963
1.0592442133769717
1.0634551603786147
1.0494823586011361
1.1084590245727486
0.9725955213432275
0.9720772852651596
0.9729903418867096
0.986783425808573
1.0081697765087854
1.0044289437790144
1.0047450994986482
1.0061417625018967
0.9804342640694491
0.9861564487913882
0.9818360261695294
0.9826806927100833
1.0001756719589103
1.0002784314094937
1.0016885857614766
1.0013412070274879
0.997336595230269
0.9987396147106921
0.9976105285890555
0.9974253109639422
1.013879380283682
1.0111287698416398
1.0134591849974381
1.0067567219671296
0.9958132463479116
0.9964244785397478
0.9969570928809715
0.9967799087145056
1.002467315706856
1.0014153703595363
1.0028149599886707
1.0029165646502756
0.9876790931204822
0.994605014076594
0.993074547612619
0.9914208498148068
1.0153522866563276
1.0232675768035135
1.0128800515304857
1.015079152720709
0.9956792594526498
0.9960215954923287
0.9964142453459487
0.997044445891784
1.000335147725413
1.0001983713899667
1.0001235834394424
1.0003780070180515
1.0100561567559379
1.0153837073865841
1.0225471751416972
1.0077153059039903
0.9955716233994192
0.9985415700419588
0.9961922830952251
0.99655824709635
1.0252672364458222
1.010745827014618
1.0287215703043826
1.0057607271844253
1.0429566309217575
1.0547816569390305
1.0545032516825443
1.0602437636298454
0.9899065006716178
0.9913776785923124
0.9843382324586645
0.9916563708931192
0.9886009635607823
0.985978410657348
0.9960584108137491
0.9858930907880746
1.0007748417674767
1.000064253738694
1.0003632224640608
1.0009572083667673
1.0124540144240841
1.0065580735810513
1.0211481274692669
1.011254069430624
0.9933576071483793
0.9917789946193208
0.9947005633998255
0.9944978197009503
0.9991209254447134
0.9994629553125892
0.9994365568386533
0.9998913319154699
0.9953110891634899
0.9957574155553305
0.9892651857215434
0.9908124874406612
1.0188713520178097
1.0701629617779844
1.0414335917804236
1.0532740145679214
0.9860174050581608
0.9864291740966347
0.9818516796456866
0.9837273477323909
1.0085377440412762
1.018272998994613
1.027539760694213
1.0282330151548906
0.9974242642539846
0.9959993769734006
0.9941812252445611
0.9967866916673767
1.0002749718573183
1.0003389243971017
1.000443300193395
1.000502751668128
1.0015765413360742
1.0016098690331077
1.002088362966492
1.0013880652425233
1.000870066890455
1.0001459717956378
1.0006834632250217
1.0005355539485317
0.9947831881186516
0.9962354486502135
0.9931623690927782
0.9945050473645433
1.0293883782476931
1.0395585539071246
1.0215575618500885
1.0363040236577221
0.9491608505903063
0.9488799877642179
0.9642893708680286
0.9299450763306417
1.0338603523937
1.021048784576647
1.0143717514009682
1.0239152979752106
0.9236706082694908
0.9221532691667256
0.9131322455811528
0.9237219006711396
1.0745508378909847
1.066593967651983
1.0301719558449398
1.0700164718177538
0.9553006484633993
0.8939372686594261
0.8606479168789308
0.9748871518003267
1.026470925418239
1.0290745051421673
1.0191675823891246
1.066089717811273
0.988004478066721
0.9855224146138952
0.9874888119647767
0.9812426243853689
1.0191803127391164
1.0180614185108552
1.0135487048876812
1.0215259098106286
0.9936619829480936
0.9949906786066647
0.9941267885964561
0.9941518737758624
1.0011350143757143
1.000787007969643
1.000864419671855
1.0010264595523146
0.9998128581721609
0.9997381397822263
0.9998231356811987
0.9999399384704473
1.0001130785500696
1.0001647161804699
1.000087859313765
1.000193562624644
0.9993725526371972
0.9990679597538397
0.9997186431669095
0.9992166547564332
1.007438514412825
1.0043392829996827
1.006515908768592
1.0059188866122584
0.947466362783104
0.9366117465126811
0.9648226055724368
0.9409677421770122
1.0068073188382487
1.0209746474998105
1.0179773735777011
1.0178399345721951
1.0102298714398945
1.018000557382282
1.0327389087650125
1.0255220932282014
0.9877833632087194
0.9903469666411852
0.9938552484421379
0.9889702574113481
1.050902544243563
1.037476423282384
1.0503353391966466
1.0567864657300603
1.0204119462991288
1.0182228828398363
1.0112279840364837
1.0121532849775243
1.0025297061168674
1.0019350379791148
1.0010415439542368
0.9997291823348395
0.9734161831019607
0.9876759824603399
0.9897958772576257
0.9610652719147532
1.0118429915084342
1.011190734005382
1.0072653556826296
1.0137697133582135
0.9969260961901684
0.9951472195767341
0.9958115236739149
0.9960490201343085
1.000311469995529
0.9992678353552874
0.999871934984007
0.9988443346757416
1.0278197249118437
1.031637889810027
1.0127469644252116
1.0468264941960541
0.9925462759356026
0.9953502748785367
0.9910965525253288
0.9925406561099269
1.0005748948684206
1.000749941349185
1.0013032071580128
1.0007383280513764
1.0102269489901645
1.010623739246233
1.0034183730345951
1.0077488974905182
0.9984082708983506
0.9991370348288939
0.9987919535132915
0.9988478831432138
0.9942515216280522
0.9978379460384385
0.9931773687689976
0.9865322734686269
1.0006228666503194
1.0009644020187967
1.0006837522413945
1.0001687274694093
1.0051644969510725
1.0054645431127307
1.008932600592022
1.0097009747078194
0.9940403787108492
0.9945891706110241
0.9953763435619337
0.9925179486865032
1.011731102532496
1.0076199687046128
1.0281464957969002
1.0301094597752405
1.0047705248801084
1.0138756624079859
1.0210668289725855
1.0105711077524864
1.0029247761819735
1.0320018895148464
1.0355512075267241
1.0424630483006332
1.0103948508203093
1.0000395699925853
1.0029524792925497
1.0231606512778728
0.9949295043463359
0.9973939194769934
0.9948387662722024
0.9972434100130578
1.0012126421476446
1.0017253175957228
1.0018511132880814
1.0007117555919887
0.9970415501605453
0.9938089227223413
0.9948551672077534
0.9949295317183043
1.043625582480929
1.0191097965251783
1.0268272785792891
1.0420455763314087
0.9914590634921367
0.9922962263924043
0.9928721741957349
0.9958308400658692
0.9976029570367725
0.9963222421542517
0.9946889652573631
0.9926145057529654
1.043112715128649
1.0736066377089242
1.0337791925861546
1.086297464884855
0.9856363356961961
0.9832680942908177
0.9908176257005491
0.9846974302883093
1.001087137917653
1.0050860417195056
1.0041803217478666
1.0017203128025527
0.9976896030918628
0.9973698588975998
0.9980473581676097
0.997507072214326
1.0231992386314694
1.0080336087683783
1.011833388107741
1.0178486949547378
0.9611364256567719
0.9356370399518718
0.9444420415522554
0.9327565464309806
1.0225135749400802
1.0237906189543435
1.0205805689461847
1.0135256338696852
0.9927512487855246
0.9946168061266702
0.9912851739355519
0.9947748528959469
1.0192744449527662
1.0124879316802247
1.0176918104500068
1.0151453798224246
0.9544679770782251
0.9902176241543607
0.9495584893294453
0.9813690525775588
1.0046007156115282
1.005930926157923
1.0060043440154758
1.0031659626413734
0.9974394976661362
0.9988888625274819
0.9965088278712477
0.9975713964281923
0.9886287382918587
0.9969786004394682
0.9827297521208327
0.9954521928653842
1.0625191440606863
1.08065268169809
1.0451224164048984
1.0615135107416698
0.9839684956089368
0.9842504125369093
0.991302150474542
0.991703665397247
0.993728402473812
0.9920545813147051
0.9943986383554977
0.9919876921334465
1.0505845407049805
1.0122954661950232
1.0323390319427879
1.0565719214335385
0.9887577146072845
0.9894889485242819
0.9799822929596695
0.9844165532742256
1.0092690366017982
1.0051608254609843
1.0048220198691034
1.0082870999857645
0.96111625101891
0.9634785329730087
0.9636436625109562
0.9907272718276923
0.9908415853553828
0.9950745465001439
0.9912282703964235
0.9901333408226186
1.0012861514742364
1.0020402787469194
1.002110639818233
1.0017901985164992
1.0004463685966871
1.0006631581215863
1.00094502060633
1.0005661757865354
0.9945203255917844
0.9961284119795168
0.9968186921300379
0.9949670698303559
1.0414303982181274
1.0671112547374915
1.1030101718841727
1.0853164535619613
0.9866647260809132
0.9845465893623173
0.9875294984139967
0.9786041162574471
1.0067726285029353
1.0023746507387
1.0057692629675248
1.004480622546047
0.9881855324932296
0.9924932162785584
0.9812196948308686
0.9956944856166622
0.9891043228009188
0.9929314460706212
0.9622869250522741
0.9688240858846213
1.0033622094122214
1.0023213434295664
1.004650926290493
1.003820020969058
1.012453570122179
1.0151864731276043
1.0044594923430121
1.015753917112447
0.9961677316311418
0.9936630826020325
0.99300406215121
0.9980705817535171
1.0022759641658154
1.0022773476468876
1.0017878722196634
1.0028534899063912
0.99701036524304
0.9918323874660016
0.9919670947670122
0.9976982572060398
0.9599145180795555
0.9780410424724757
0.9578271382130977
0.9307580471293602
0.9977618836265666
0.9987269988986454
0.998518328811754
1.0005554389622575
1.0192294741230983
1.054974638492108
1.031961471368546
1.0168437260341399
0.9999616981475346
0.9994302481223972
1.0003636354394134
0.9997932816679372
0.9991347442171524
0.9994587781095983
1.0000009944459216
0.9993273557936168
1.037876892027601
1.041317547222193
1.0274677530372573
1.0309246700508292
0.962349973146895
0.9536365305771731
0.9325695567598101
0.9713039014651821
1.021456506363614
1.0562969963461577
1.014110652871803
1.0468610054156682
0.9870101915172459
0.982812202902785
0.9830049253582087
0.9742158372004892
1.032442855120828
1.0344376005310827
1.0411421580163902
1.0355674482253334
1.0034028979266987
1.0013151463382834
1.0061526272178687
1.0021766797215454
0.9994692233371358
0.9992751366864534
0.9992947149260517
0.9991134840269735
1.0003062833090093
1.0002416815022293
1.000379014897859
1.0003437872637402
0.999836273093597
0.9998635062112565
0.9998717027971703
0.9998497221977787
1.000461698781142
1.0005227320933903
1.0003690562511365
1.0005017231951845
0.9986713896880219
0.9892104551729489
0.9992486615829981
0.9953491742592885
0.9522715851547603
0.9658528473887443
0.9624778338114273
0.9763996408907861
1.0054429233451396
1.0096837451012126
1.0070324316116217
1.0100343412407051
1.002829901674042
1.0028296336746627
1.0022200964272294
1.0039674827598808
0.9955647098211742
0.9947603710108807
0.9963918301677452
0.9983211204840068
1.0009859174071836
1.0005348686218734
1.0006981407915527
1.0011735685015526
1.0003824991888874
1.0009311374764853
1.000970149205219
1.0007209208393761
0.9999661300734222
0.999896888405401
0.9999607403266487
0.9998897541592362
0.9985565356932381
0.9984662224803293
0.9984005645246227
0.998465400018791
1.006399247768124
1.015928107226526
1.0135453846904614
1.0219681201962587
0.9941374041640141
0.9929224475988901
0.9960173354580709
0.9962150034599386
0.9948528600664119
0.997318817762389
0.996509326522296
0.9949585060317845
1.0735687920828652
1.0481167505778979
1.0463807340133058
1.0584249935792152
0.9525256851115408
0.986272501507866
0.9577202548409416
0.967944098450352
1.0095208909408415
1.0206958852292194
1.014316383694263
1.0147322574329265
0.9949162495762331
0.9898736583781663
0.9819010967601574
0.992227907974202
1.0413975973647698
1.0738665635646378
1.068241700096968
1.0767498813186793
1.0015209708180621
0.9979073388488803
0.9991446406036585
1.0041128351584532
0.9931271451904
0.9955277981660071
0.9943637554435947
0.9980373352275274
0.9988002074821518
0.9993878172999673
0.9995940459014201
0.9988713313103212
1.0051466175638382
1.0129060063211592
1.02113313176405
1.0145611462252357
0.9957791041165549
0.9896665095595264
0.9888002529248063
0.993946375522133
1.0212276905839635
1.0596655570562035
1.0587152283477046
1.0398287285002514
1.0616408996748734
1.0239012790982944
1.0153646739631244
1.0397254205407238
0.9901071646545612
0.9931579859444362
0.9962397727184448
0.9925273077003541
1.0020655913104481
1.0016565262857546
1.0017820324943658
1.0019121785220921
1.0029921706627598
1.0020244485324303
1.002145402478713
1.0026376437969053
0.9849318720642144
0.9746565874766676
0.9728048007995421
0.967136839201963
1.011338695362913
1.0046927303175126
1.0138568754178099
1.0099383029959013
0.9982906995477516
0.9985869943073705
0.9992875560753479
0.9989826563893061
0.9959932490462646
0.9948810383683565
0.9941272918114574
0.9962652021568755
1.0266494739130507
1.0323395520825047
1.0376193863251821
1.031504393580007
1.0003291010440112
1.0008390488618097
1.00028400377187
1.003614129005822
0.9996438177698003
0.9992773858804742
0.999554948284524
0.9997373864341651
1.0000369830759983
1.0000518901001616
1.0001025249810653
1.0000857472253015
1.0002994519638309
1.0002595759947874
1.000328144359451
1.0001939002687024
0.9999124763605653
0.9998350321396718
0.999843107171926
0.9999265876375513
0.9989684728431614
0.9994638208598489
0.9985919711781684
0.9992389834543633
0.996691401164489
0.9988687411161258
0.9958912188310325
0.9953536590426899
1.0195966016190787
1.0289854471021371
1.0453958090572475
1.0378444584215878
0.9990015974876474
0.996549888125989
0.9977401483568709
0.997634251878941
1.000099431979845
0.9999662952887785
0.9999064834057062
0.9999123090624741
1.003671790254942
1.0040781715620921
1.0030956532639703
1.003039172714481
0.9791507218363911
0.9590475997893516
0.9895028186897233
0.9767353976278823
1.0232335097562992
1.0227786763640827
1.0229356343126428
1.0246543883074983
0.992766179781068
0.9891935829185986
0.9889555829740355
0.9913026589051686
1.0334867938136865
1.0087073837075837
1.0223795451779039
1.0144594501423831
0.9991079391176981
0.9978459002147497
0.9983723178861137
0.9995587458100571
0.9912015782731769
0.981381362628572
0.9998035231284341
0.9869035572971533
0.9652107918919919
0.95465734476512
0.953274377141276
0.9418599226712996
1.0496454105368835
1.059422011261501
1.0428387575416829
1.059560586735913
0.9844773374042657
0.9787172609324875
0.9897708274485402
0.9854185621888266
1.029693872973848
1.0291208529513558
1.0357281517370494
1.0166965292303274
0.9951082947861046
0.9908527612757323
0.9956215294425982
0.9953409011059279
1.0022310131781607
1.0021755901162297
1.0018653860245124
1.0025038006909597
0.9897557898559378
0.9920878560105169
0.9870532959880287
0.9926985664919717
1.002970787435745
1.0022546117918147
1.0013120136004419
1.00211874679849
0.9994267191469531
0.9991887874533164
0.9995548514664687
0.9991626374651715
0.9980010956010524
0.9984524819396597
0.9972317122667186
0.9986577539843555
1.0004948081947982
1.0005771717536636
1.0002149983418651
1.000225374236
0.9999335898796073
0.9999620435443873
0.9998323818726039
0.9999011732982163
0.9999680814502564
0.9999490087927333
0.9999630520639117
0.999932585237006
1.000770998281418
1.0005901707154434
1.0004972150808606
1.0004621813011512
0.9990539382077465
0.996893454387247
0.9984394069916445
0.9988816043385212
1.0114408932738468
1.0200019681601193
1.0143898697040263
1.0194424902547619
1.0186481687797402
1.0162169313892595
1.0147748179659664
1.004817651225169
0.9974860089599532
0.9984552085054279
0.9973465873882621
0.9981349212333436
1.0010757479224628
1.0011289148630664
1.0010335322462385
1.000575469709072
0.9974578400837258
0.9973412095025295
0.9984444832329186
0.9979762328927281
1.0125923128247036
1.0107852711184089
1.0066175661234726
1.0193000006422879
0.9780998939745637
0.9494167045413632
0.9355209841988015
0.9017222610672163
1.0277207689023111
1.0224986977208013
1.016041042171895
1.0237235943479672
0.9967297190223522
0.9941107639942961
0.9943532960622639
0.9956418626754773
1.0010956497805144
1.000964371327849
1.000883676484724
1.0008355459632814
1.0009282728840854
1.000741750902554
1.0008703663584266
1.0003461343360527
0.992950111271099
0.9954976597106747
0.9928879257363133
0.9925235752407862
1.065936741172409
1.0599073035927817
1.0275265412284713
1.0719284237582136
0.9888625376016782
0.9824743680490744
0.9881517609993825
0.9866695574334815
1.012456350233388
1.013279513471141
1.0176183873271833
1.013749552752811
1.0006960723720624
0.999724392035558
1.000872438672104
1.0005242086469535
0.9892465552951397
0.9663157881244899
0.9699939117593585
0.9891359790715649
1.0545948862349699
1.0650839608774214
1.0372838069257269
1.0378045516526557
0.927547357712501
0.9283863850512032
0.92424457938461
0.8999089988093941
1.0268710359500834
1.0349023550571912
1.0359360305421241
1.02856109933062
0.9958326114767273
0.9815615936352191
0.9805473412612319
0.990438229053141
1.0028045456611867
1.0041671606268807
1.0091516654449637
1.001837673487629
1.0092358105780048
1.0145642042915093
1.0152591352411273
1.0143459847742118
0.9927340078568734
0.9953806931616551
0.9904853370308289
0.993354191388411
1.0036581460351537
1.0668689833298126
1.0400393326402604
1.06123365962699
1.002909133408422
1.0171626694391425
1.0141047628860294
1.0094135602615786
0.9942054523429606
0.9869160276804781
0.986841513107849
0.9913405222381605
1.0271584915574266
1.0288745265501464
1.014007453691672
1.0444670440231836
0.9756715731656743
0.9845227398249585
0.9710364586044223
0.9667575610337872
1.0825354992693377
1.0721478742655584
1.0562236053894685
1.0571072270940083
0.9240932736932815
0.9081172210579387
0.9616862400996423
0.9349914881360415
1.0280885254244607
1.040984408710125
1.0256784878224503
1.0331317570180665
0.9911422984945706
0.989570291167948
0.9904524141875667
0.9866705707528196
1.0062790452150074
1.0062797226099955
1.0059349835011901
1.0048787714976266
0.9781929847148245
0.9933103014535671
0.9836801895315951
0.9670832426382954
1.019382649870632
1.0136951712061124
1.0142185412572933
1.012503451641682
0.9759440588113922
0.9865062403518022
0.9843894616144078
0.979107430899421
1.0017843730068943
1.0019836134933717
1.0017664964956217
1.002517077889261
0.9939599756445876
0.9955237944542557
0.9957333844463708
0.99609610567171
0.9889220711520089
0.991909630281113
0.9871346078520818
0.9831887738651865
1.0692674394954045
1.035056809380071
1.0802101010977654
1.0575848691039873
1.003966445073442
1.0036877750669073
1.005790815848962
1.0043986195086003
0.9985667077853463
0.9987019195607403
0.9989540462540923
0.9994967735947521
0.9995112102025856
0.9989431206504437
0.9997933568634145
0.9985279040781015
0.9972087114018158
0.9977808330586478
0.9981491240367353
0.9985095473819585
1.0081439239187293
1.0011737844221926
1.0193959527237442
1.0304049372569841
0.9897242350985617
0.9900158664424963
0.9891509787699699
0.993887633589523
1.0000172889087837
1.0012331640178882
1.0015222188281105
1.0033850840165728
1.0042410568759188
1.0109788804939235
1.0088611851317677
1.0063337872068536
1.026752543685293
1.025836771004846
1.0149269930584346
1.0284917371445979
0.9966353308850244
1.0025949406792851
1.0030610424250626
0.9985412727314186
1.0289399927273668
1.041856280425701
1.034011794374248
1.0555839479239566
0.99425202075706
0.9931204004828539
0.9975732131898017
0.9939926281245957
1.00058194778707
1.0010953304444403
1.000619128098824
1.0013263817468228
0.9977939557156312
0.9985644332022541
0.9984453421110459
0.9984198141032807
1.007203668373844
1.0106540002413475
1.0080946488197138
1.0114771377885952
0.9956083707258275
0.995490181972161
0.9944749051760157
0.9965817963152371
1.0127761648157325
1.0116193973227456
1.0072079941893548
1.0148687203343734
0.9969980882928781
0.9945944056361599
0.9968373788727476
0.9935444980243706
1.0068931221283526
1.0173145623249498
1.0137224414360773
1.0024751987899447
0.9989750245621453
0.9988923355261206
0.9968163512100155
0.9978645224245457
1.0010710217026828
1.000413478138418
1.0010068826732332
1.0009810946740734
0.9978281637229008
0.9972632589784567
0.9973622342485916
0.9961023758317351
1.0211175592017379
1.0134086931160942
1.013853042982379
1.018646527546658
0.9783251361879206
0.9655579820182135
0.97517352267775
0.9528969765875548
1.1070909173419836
1.0802878575506705
1.0350837672328375
1.1082034450063545
0.9609725339515532
0.9848435999332452
0.9672676981498279
0.9590386996896125
1.025275314271572
1.0367783725284045
1.0155914499499459
1.0164923885605708
0.9264147256414428
0.9120901584399408
0.891737588879729
0.9036275881774372
1.0138961719862614
1.0178901546426469
1.017006248598442
1.0257554929892378
0.9912711042893992
0.994555071742492
0.9966385751934733
0.9946462555148583
1.0034506193811272
1.0038300251636652
1.0018047545504056
1.002333656291991
0.9709917782432691
0.9849727611734054
0.9613599308499619
0.965245287031933
1.0684255276129706
1.0804592409743299
1.0322860266868692
1.0659566378028023
0.9016531153495387
0.9295519769161856
0.916048962767902
0.8666759252574487
1.019431060422945
1.0301905863026621
1.0397670445702845
1.023562398896162
0.9863184267887354
0.9874530982005796
0.9873690520274621
0.9830889604690269
1.069159403490702
1.029986793570632
1.0542051446051524
1.03398466990858
0.9571785565985387
0.9756736933599192
0.9604612824601775
0.9777495483002653
1.0126829284171155
1.0118548001407706
1.0112209362482552
1.0068730788271094
0.9954292909003319
0.9986747632802918
0.9982951418747096
0.998069227368139
0.998553845073488
0.9978690265842053
0.9986590851369149
0.9996510522827918
0.9998922134334852
0.9998225508514117
0.9999002445678281
0.9998222624491685
1.004094657542167
1.0028583939059628
1.0050690057109508
1.001461928222922
0.9991852103930144
0.9993842656092726
0.999471415382478
0.9995400315498261
1.0002478540865816
1.000108378022723
1.0000865525560851
1.0001430540065603
0.9997723107814251
0.9998691034845855
0.9999014881827104
0.9997107952782213
1.00141760888688
1.0009560064739094
1.0009075319625758
1.0009081904981465
0.9849357556444341
0.9931966752904879
0.996013949718906
0.9997251367891227
0.8989222569728689
0.9028756648725781
0.9144404384177846
0.9489893714538716
0.9910895326300511
0.9891845075774318
0.9896129221659633
0.9924766037572038
1.0074633169633733
1.0073432595268104
1.009370100008435
1.004347207676484
0.9546483283147451
0.9606943172555648
0.9428843566813951
0.953182984759992
1.0129925232370531
1.009751835872122
1.0140581910954132
1.0134959068305076
0.9975748945258904
0.9970165875528759
0.9947532123385817
0.9966059520735102
1.0100649567212248
1.002458223847033
1.0047090079086463
1.0158442835229868
0.9943144958669725
0.994900517410795
0.992607328578363
0.9935347055133125
1.0150352603828519
1.027299276804438
1.0258274056057821
1.022107637868967
0.9802352278658623
0.9819558892104482
0.9787752458338782
0.9788379716812178
1.00715250939102
1.0125299499787133
1.0143478257731773
1.0106393947909362
0.9973444304636759
0.9982544079102272
0.9964050482508681
0.9957821869566017
1.0013068901474174
1.0007832525418379
1.0008951623669522
1.0009584011378396
1.0000410242275037
1.0002249210196175
1.000198521912688
1.0000664782891633
0.9956288858408454
0.9960300124836625
0.9969555258446104
0.9956698487603856
1.0177596721836957
1.0310234845500825
1.0184380323080562
1.0179916367599835
0.9865966233809844
0.9737181718361193
0.972405965945575
0.9736393815416384
1.0815786434431678
1.0673366446568189
1.0964057881855807
1.1040594362117333
0.9915840044208599
1.003296038706898
0.9979799674513627
1.0034780391391906
1.0020376391741428
1.0067735485147937
1.0149011103966
1.0108155647567019
0.9957124133201023
0.9963276553542345
0.9963650843436495
0.9953176327983462
1.0044764573142566
1.002478552288586
1.0043939370638144
1.005016251707569
0.9833491157645027
0.9882581634377776
0.9746020761797947
0.982988245535052
1.0082792172356814
1.0073463652950407
1.0063595339805838
1.0065527311161029
0.9964524768583543
0.9991686620131947
0.9971904702536222
0.9983066281183438
0.9980448731108891
0.9941835754039849
0.9928992619387702
0.992870332830881
1.024197786487286
1.0651096934237785
1.0586164315679953
1.0242983423224477
0.9914118245860659
0.9922993783817834
0.9909335669883378
0.9808300977982112
1.0035918925953233
1.004171814998682
1.002892557912435
1.0037184798284788
0.9974799675130351
0.9975112925714981
0.9974399411373212
0.9982437534212039
1.0013215237290223
1.0012814896803293
1.0004484311271946
1.0010684146873767
0.9972677919999392
0.9970400819122816
0.997019275580783
0.9967966104319017
1.007345951263476
1.0075232220736234
1.0204036711381579
1.0213579386409417
0.9963510245524172
0.9945121818254696
0.9948367655693656
0.9951956849975606
1.0008440407638919
1.0013746643834218
1.0011560806781594
1.001050861964028
0.9995607806132857
0.9995128229764502
0.9996033188050776
0.9996606886630964
1.0000703391466228
1.0000479180191346
1.0001241140710508
1.0000237495928461
1.0001396578808217
1.0003344861749883
1.0003058088538734
1.0004046855160549
0.998118176514807
0.9973346518290306
0.997985306958884
0.9973589512191193
1.0272592642946508
1.0279457611538836
1.0222627999956708
1.0084553660196476
0.9960590679523356
0.9954160010803738
0.9947607870215246
0.9921681462003149
1.002179058015027
1.0018361445213235
1.001768378567037
1.0027271407346467
0.998198635187686
0.9993039476127562
0.99819964484986
0.9992428550525614
1.0047632877294537
1.0024468736949887
1.0028126256143561
1.0049342873208933
0.9669445657788163
0.9808148948773171
0.9561516976114871
0.9786943570464371
0.9984224599399163
0.9977053431882004
1.000277310446208
0.9991028130745692
1.0819661157408258
1.065341806855572
1.0209150730724148
1.0783112438585691
0.9885922869180637
0.9712933032454519
0.9652022012447249
0.9774629260726374
1.048855933373275
1.0441517567291752
1.0336088031849573
1.010479118473656
0.9956100630817004
0.9938746931676744
0.9951650672616774
0.9920590510027056
1.0016732926355423
1.0021993501641229
1.001370917109663
1.001486572349081
0.9950191589604663
0.996134078136496
0.995672961249228
0.994230772164048
1.0292431524896044
1.0257822481806513
1.033515622419081
1.0187503039338617
0.9919977305504832
0.9618949881629774
0.9642247462569093
0.9814239803346023
1.038105754244537
1.043216101456267
1.0415870627631654
1.0214232513434216
0.9895737398481997
0.9963082857235163
0.9943035731332875
0.9937846469912502
0.9991994923729653
0.9995579554123298
0.9999990017696764
0.9992852882445957
0.9987653730498036
0.9977141930766101
0.9973690184609426
0.9981583362161064
1.027570813233117
1.0086433645098858
1.017245281786801
1.0267442884661033
0.988856834449246
0.9889793750806576
0.9908187895843136
0.9900093446523379
1.0129138874316528
1.0095302191186621
1.0078249837065798
1.0106198747729782
0.9597763240222102
0.9365276591367476
0.9631697462438035
0.9532510907769247
1.0102765224019776
1.0087994778710094
1.0103924572221124
1.0182495266551002
1.003550425832154
0.9995460951473097
1.003527368754013
1.0028892430417333
0.9969867681704865
0.9979008554863915
0.9960093222654902
0.9980175746909611
1.0099761842586357
1.0075486625692271
1.0107514210193445
1.0160836136115634
0.9975122053790025
0.9964711907834527
0.9961540113444727
0.997316218032134
0.9999058210937127
0.9998088437295182
0.9997249722343594
0.9997104040492326
1.0052695789458221
1.0056558396568682
1.0029033572337003
1.0024550057945627
0.9646629661009382
0.9459301960514136
0.9614951551645867
0.9588985226916311
1.0133859442095292
1.0091688912595929
1.0095374276037599
1.0115909564666092
1.000910846799335
1.0060003278383212
1.0017450160184531
1.0024820713079672
1.0037715487283279
1.0061690298928543
1.006932706817773
1.0040217364928277
0.9990931708892055
0.9988480656325383
0.9989751471015895
0.9989130912552611
0.9998679724103341
0.9998420345811095
0.9999285234937809
0.9999482810475281
1.0040011955969566
1.0032885881915372
1.0038368047625925
1.0020784469651547
0.9890775551925619
0.9952596050156713
0.988740673964893
0.9873576256528707
1.0020699425889341
1.001945042300085
1.0026378818381054
1.0016545414421008
0.9995630572181985
0.9993394967259702
0.9994953400482265
0.9993328407171294
1.000148652822943
1.0001096412235937
1.0000933090234758
1.0000803628619386
0.9999763039713272
0.9999780436621923
0.9999729974193559
0.9999696098358407
1.0000107828801779
1.0000092610988025
1.0000066800563174
1.0000058304461141
0.9999990596171258
0.9999980885741072
0.9999980871387155
0.999997437177537
1.0000021563466202
1.0000026203989378
1.0000012599398695
1.0000017671562778
0.9999861807897268
0.9999777461085296
0.9999895280950739
0.999987418270403
1.0002447663588447
1.000205052100765
1.000250292438267
1.000368118269302
1.0000085192103532
0.9999856831272943
1.0000423197261579
1.0000502301103498
0.9993023920526208
0.999382060120543
0.9998725632136405
0.9992997101400132
0.9974801379447038
0.9997744687704535
1.0020317753718024
1.0066677636473764
1.0273022906583336
1.0289987207536577
1.0617471656273598
1.0572425651677355
0.9845353872010387
0.987562683818518
0.9830573169810845
0.9877617644972022
0.9983153355637726
0.998511795934321
0.9951324242650926
0.9975694651063042
1.051557727871568
1.0373502753754802
1.0497585243260545
1.0659795019524023
0.9824704412678384
0.9917790259806134
0.9812227433845254
0.9850111636493569
1.0022350056582343
1.004973920022639
1.0015615861569351
1.0027855523017628
0.9814280703342726
0.9864842926358474
0.9817632828629509
0.9777542739506827
1.0052683489750625
1.0106790095286986
1.0248503334910986
1.0126757244121423
0.995004910896155
0.9950021002614077
0.9988564109399818
0.9937042087464963
1.000928265302374
1.0010209427848111
1.0006458009535957
1.0011064052143834
1.0068882738667375
1.0052213650682584
1.003888642609811
1.0050454982141066
0.9872372231846912
0.9856163985893024
0.9704153408325791
0.961319713321832
1.0947523567931265
1.072965103760322
1.030754266724975
1.0177048917068172
0.9896606807016994
0.9934282535543821
0.9935826248806569
0.988907941409509
1.0158376539384415
1.0284557239734404
1.017358954346606
1.0268283932884492
0.9913096132146313
0.9925356939874039
0.9902338220041509
0.9954466613156188
0.9959318079673766
0.9960423219524651
0.9934787661417273
0.9898831209717673
1.0216834251445461
1.0153687060660919
1.013630738487344
1.0059760621621086
0.9474790236483493
0.9216850601128652
0.8878057357365482
0.916028107965825
1.0296938009447336
1.0156747002605504
1.0283393983616866
1.016292276322645
0.9934942766758005
0.9974710147974205
0.9964566808086422
0.9951395467202122
1.0005086465137956
1.0020180766657667
1.0010736902593103
1.0012805659208786
0.9983284862589058
0.997772083588498
0.9981847199479811
0.9974886116214052
1.0064742750901128
1.0065539290662855
1.0081622821062146
1.006578676658415
0.9957778395361554
0.9950277107369426
0.9942421078724563
0.9958627789466584
1.00912938316977
1.0082657541135192
1.0058736023588208
1.0074121596703167
0.9971761162067976
0.9973002581990262
0.997739109085635
0.9991504827413603
1.0050587167131448
1.0074110852362252
1.0016190067433421
1.0088142144166998
0.9992556169742053
0.9981363219598374
0.9981086150785029
0.9983957624650983
0.9980965826594175
0.999207998842208
0.9985760645756474
0.9976714513902152
1.034726632290188
1.0112872702960065
1.0159601676465773
1.0398857653861238
0.9898844125539329
0.9904820767292157
0.9934331825599129
0.9904634823558299
1.001868565433053
1.0029671518180217
1.0040064237988033
1.0015314841862692
0.9970860023572095
0.9969560913694188
0.9929443126448438
0.9965783295592373
1.0585599577117308
1.0438109143514729
1.0545747237754362
1.0323980135239899
0.9499290497304289
0.9623811986128408
0.9354206352154748
0.9582201611124862
1.0100603592331678
1.0129778166276835
1.0160360862070574
1.009639111885182
0.9994061544690545
1.0001440077921575
0.9989223179475579
0.9993130017320947
0.985631626179464
0.9612561437611488
0.9798913267125411
0.9730903820776505
0.9848021517428254
0.9842786163588992
0.9878266956892748
0.9823608284233792
1.0088042283989143
1.00392353992968
1.0066631416951122
1.0059020620074508
0.992853403088617
0.9877759644132417
0.9790597749046707
0.9851962490116689
1.0266376732082543
1.0274418586360754
1.0095783730575845
1.029407312836815
0.9972689828560423
0.9922584848710473
0.9960096534141769
0.9942676629643916
0.9991574336163725
0.9988465744342843
0.9986268402231196
0.9984783365815029
1.019384078126485
1.0088419231259953
1.0371553398709519
1.0177638600436372
1.0072051329917313
1.0102353645467477
1.0043839155500478
1.006541024849387
0.9950822857029652
0.9936274956347709
0.9934458544787272
0.9941658495696704
1.0149721656627768
1.015447172911903
1.0207579862267921
1.0258941355098496
0.991573728264649
0.9893783535332992
0.9883233172614202
0.9974916685818862
0.9972396106096442
0.9979328453075704
0.9954854519279582
0.9941956286599518
1.0175718474930804
1.0318191849084843
1.027925704963716
1.0342869812249815
0.9926034082116556
0.9896213905616553
0.9950495175630387
0.9941813341760765
0.9978959069960195
0.993534756745804
0.9904906919704227
0.9929290765492778
1.026508167552456
1.0247828511970385
1.0741718994246376
1.0756648212987727
0.9921480685864821
0.9931287206687706
0.9949774334853285
0.9906086980778044
0.9895421869045041
0.9846764697744907
0.9795203137467963
0.9928550885882175
1.0030535886579433
1.0029152003586475
1.002577223376141
1.0045301182019732
1.0068856997010245
1.009512971492358
1.011497508762133
1.004486427969972
1.0098494129817008
1.0033017365066366
1.006473176469422
1.0047771303439366
1.0004944157480613
0.997583159549592
1.0008977098963276
0.999473032412708
0.9388191083388266
0.969313842429765
0.951546032467162
0.9357998319513852
1.0574267754712343
1.030843217096838
1.0238351379679882
1.0476384508588796
0.9938226308117909
0.9943913446645182
0.9944849150132905
0.9962424272963426
0.9884681859353854
0.9915852411642354
0.9911052742282151
0.9832127632145452
1.0008801236148597
1.001631050729205
1.0011965444143993
1.0012301290095156
1.0093435556758974
1.006874105657238
1.0060366744416531
1.0112188800508082
0.8891274288567262
0.7833535819849121
0.8285518641951024
0.8668918275648534
1.0345814626006673
1.0454372295057814
1.087842629518815
1.0739973498170112
1.019745714422933
1.0252788056295024
1.0338929155086032
1.015550305646745
1.0057338787017112
1.0072079306427548
1.0112071198772516
1.0063380172837628
0.9978440894289315
0.9986852511635158
0.997855155024077
0.9975668708289857
1.0007737721085033
1.000850725182242
1.0006623028138444
1.00079609917571
0.999391188316861
0.999395581663884
0.9991616539178217
0.9994638290394645
1.003733909459642
1.0020179171553567
1.003140142894947
1.0024958071055023
0.988702194286039
0.9774369123568956
0.9890084816127118
0.9785772420387729
1.003985353475819
1.0047799671842488
1.0009764573837152
1.0032636165399824
1.0000042793919728
0.9998881081735307
0.9998790650184727
0.9998098060741587
0.997251004710373
0.9961094469581642
0.992964356304462
0.994750248451673
1.0505054239136677
1.054984710587783
1.0512832005739199
1.1072761586788253
1.0376545703740054
1.0079214132362804
1.0382360466286227
1.0306019263769293
0.9943976548115074
0.996505905404632
0.9948307472022281
0.9953317965069117
1.001085031791548
1.0011646628640003
1.0012216916961754
1.0014037629174328
1.0001897216092412
1.0003712341547057
1.0002696943089626
1.0002334973521805
0.9970493363159366
0.9942449819029171
0.9992087391341036
0.9904458547449809
1.001965605841778
1.0012287685082264
1.0021578576676142
1.002253808369356
0.9993354963394518
0.999774057769366
0.9997528115417654
0.9995324756928314
1.0000127821145548
1.0000887467353001
1.00005118580728
1.0000418681326533
1.0002044261801875
1.0001950486886677
1.0002845610619853
1.0001712038595263
0.9978444381656002
0.9976390783073655
0.9973275484152839
0.9977419049167009
1.0016296194407004
1.0032519073154718
1.0060280112067248
1.0009633502693782
1.0033239349445757
1.0020814732451455
1.0030943334254168
1.0022716156774396
0.9884391761739348
0.9643271978949628
0.9897438362734196
0.9622544041015133
1.0132596122553097
1.0075591650887497
1.0081611354807902
1.004152443770484
0.9986349159035317
0.9992184428277164
0.999015036778508
0.9987201631528886
0.997909892173416
0.996128843516729
0.9961153448700832
0.9966040479769487
1.0036539864991187
1.0020725582929502
1.00287851495634
1.001557164109888
0.9911858037041354
0.996373924723933
0.9913350006061158
0.9813559330262054
1.0013907649685045
1.0008610942395517
1.000559866776004
1.0007112971591738
1.0249279266261226
1.0249003236889842
1.016773597407046
1.0294991480031366
0.9909511092309832
0.9943293688288931
0.9919141076713139
0.9955083348287511
1.0055190527524114
1.010477042103839
1.0064637901741527
1.0058811514032253
0.956753706636234
0.9744899589903779
0.9799165117689356
0.9579672113385731
1.1176167112354187
1.1009051472759996
1.0968444587498296
1.069384164050978
0.9678958552436911
0.9680288215838415
0.9636946389711162
0.9715884781054039
1.0054769310609064
1.005645339063703
1.006298569960428
1.0114566582590703
0.9963300515240116
0.998667835797216
0.9972032476389113
0.9975968451008076
0.9990901816328095
0.9988415245321596
0.9969340999682043
0.994557975383398
0.9845265603367254
0.992580586180891
0.984863076943791
0.9781824398115576
1.0563294537535854
1.1128044402861843
1.1009769246522654
1.1048837885792893
0.9705548495428243
0.9614126155647089
0.9617109365382849
0.9691648382385925
1.0236067329874974
1.0379092820386666
1.014014115467527
1.0245271580484507
0.8991809351357779
0.9501415809244831
0.956991641932012
0.9197966593790352
1.0221623054477929
1.0216401675989422
1.0232514901465248
1.0313601351938662
0.9941412604294529
0.9946822319755269
0.9957829693867076
0.9882525077769022
1.0026073308877588
1.0042488328668528
1.0031954549313467
1.0039416946459065
0.9957599237595616
0.9923637936736355
0.995659355581122
0.9936297771536733
1.0536873873760064
1.0206227642488737
1.032427784340321
1.055062311582139
0.9821336678139801
0.9882459235107001
0.989266806519261
0.9853598986247304
1.0053214818180785
1.0045784539982254
1.0021185915443485
1.002625275178124
0.9996027760605417
0.9995387144207967
0.9996755361886694
0.9994214593726441
0.9988464133683439
0.9987089775566461
0.999140075040485
0.9988603687033211
1.0047105510266139
1.0039174733308696
1.0078301593995664
1.011538670270393
0.9977530410950294
0.9972703119216503
0.9961691194037133
0.9974271123722808
1.0026118646845512
1.0041489209562109
1.0039179436859071
1.0026893065436395
0.974747103333892
0.9848900760899443
0.9886876706651323
0.983509555308901
1.0034227261552593
1.002635239469518
1.0022751444149367
1.0027814580404935
1.0235333343999304
1.0132401450517212
1.0326211229685789
1.017358138844436
0.9984685699486515
0.9990400854228173
0.9988795640613561
0.9991222898070616
0.9908255144285203
0.9958935973937847
0.9897622134847189
0.9884844418149222
1.049686245176993
1.0565049011233276
1.0285905034510603
1.0322797019518546
0.8734498088197274
0.8607511075145629
0.9061083710402682
0.8501075559544298
1.0510604894942952
1.046804523809582
1.049899461319209
1.0832853487841576
0.9875612396425464
0.977284120374643
0.9904924018325029
0.9908234586275957
0.9841397981060402
0.9797651306008518
0.9841482480766577
0.9859062871180795
1.0029210573954097
1.0019873328430375
1.002083581504941
1.0033176372171833
0.9990684414692801
0.9986176841853225
0.99937073443937
0.9988828676498152
1.0011884797560875
1.0008610160223903
1.0010233157819088
1.0010964164050797
0.9957198896190492
0.9933930278398911
0.9915426997022119
0.9950405328760791
1.017446621679857
1.0161721028473685
1.0112360052630975
1.0201037789045
0.9965668294716463
0.9973575207958482
0.9956399916458651
0.997769039945407
1.005724098723455
1.00447482491357
1.0047701443300965
1.0011156053168786
0.999568306996268
0.9998126744071932
0.9996647067057475
0.999725217008141
1.0000094880271275
1.0000154838730266
1.000001201915175
1.0000038358508891
1.0004980482972696
1.000347080848662
1.0006048157125607
1.000376931613672
0.9978941260736296
0.9966147824115948
0.9966791449113878
0.9970284267336468
1.0255245966443784
1.0212666465291964
1.0233457763438076
1.0180939726348657
0.9928656609603568
0.995557149349642
0.9972505261463297
0.9949477050163594
1.0007597703673743
1.0021005743892324
1.0018510237084024
1.0005304482065915
1.0001000285618873
1.0001374274002166
1.0001494117563838
1.000187649070093
0.9973161945640515
0.9973714022450837
0.9951327563701986
0.9975289690692186
1.016920556079555
1.0090420958351987
1.0161856998959136
1.004929263569707
0.9987878951072294
0.9977033781488157
0.9990338378531286
0.9993935772098117
0.996801653553491
0.9989336486158136
0.999088079865728
0.9986543426396342
1.0367689083819502
1.007764130310538
1.0343252816468615
1.036373050786206
0.9915356028187169
0.9969909712806331
0.9920187294228779
0.9957758774020338
1.0010940494541019
1.002175347618223
1.0015895185005828
1.0022763456017025
0.9973847528755415
0.9986938156719556
0.996477900978081
0.9989629339075122
1.0050061524090927
1.0268990415102843
1.0240092379106067
1.0137842930205399
0.989360808861084
0.9931048114348456
0.9921070906324304
0.9929762107195049
1.0318746321601118
1.0281786273464715
1.0203133152184907
1.0806579812563877
0.9802433281345787
0.9896495856581031
0.9880668555366775
0.9904617065284542
0.9870329073429194
0.9798327515719325
0.9743563793524058
0.9965474054797969
1.0016635244797396
1.0018384634892803
1.0017496499837337
1.0007732710441215
1.0016410908805733
1.0022650787131209
1.0009367258149762
1.0013070395124037
0.9658965749943725
0.9678617761613995
0.9712960091279685
0.9923578220597226
0.9993056340569488
0.999744287605225
0.9992116166358264
1.0001353470587924
1.0103560301090553
1.0186597569334435
1.0200622315025647
1.0260275564355053
0.9976435603636756
0.9972648068863147
0.9970195943761088
0.9976580524177951
1.0134376379072307
1.0079625429683177
1.0050857852173152
1.0096780786929007
0.9796818375789708
0.9788683665371253
0.9780236297232754
0.9784909643050015
1.0045206748549007
1.0057958197073724
1.006135908474073
1.006134226545966
0.9985496332476632
0.9968506863668428
0.9991737971791329
0.9975485615541416
1.0097184325785005
1.0078922842956444
1.009399810844913
1.0086083408467459
0.9905454694372842
0.9794697245193277
0.9683442776461617
0.9748905200455148
1.0119394046162875
1.0412368782277115
1.0180779789211831
1.038876880440479
1.0019346308483712
1.0030242785258257
1.0047022711154046
1.0010845809313593
1.019397762288483
1.0225450015669793
1.0198892092364404
1.0379841252972846
0.9930491123787675
0.9924776361322625
0.9926443865527842
0.9950532302795012
0.9810328852421653
0.9866959959472226
0.9947549513254161
0.975120876475383
1.0310559681975227
1.0367628240405884
1.0613062590743996
1.0640336728608506
0.9950983945313455
1.0069101445419981
1.0029795683832168
1.011382488955385
0.9964975115078976
0.9982914667048487
0.9983963010061888
0.9932940752536981
1.0017268879694796
1.0014417150009411
1.0017856761919017
1.0008076376285853
0.9996340654471412
0.9997231108194419
0.9993251935631164
0.9994378556529387
1.0010560774905146
1.0007651531257875
1.0010470888325842
0.9999900653052624
1.009070543568048
1.0034108559790471
1.0018646677607184
1.0088308589816126
0.9979166795672895
0.9983935748697996
0.9977015650309983
0.9976138025099325
0.9995499346156744
0.9999185074403883
0.999428270660128
0.9998277002319784
1.0066815313314463
1.0063668950923104
1.0044402660628915
1.0058765184174288
0.998493238905669
0.9986873617543243
0.9987658066358932
0.9991755355553369
1.000417408668392
1.0008663484459368
1.000486798119003
1.0006301391846872
0.9970178553432161
0.9962935727804059
0.9991673520578419
0.9965930610069881
1.0024237678882124
1.002526494343254
1.001812782498055
1.0018689170325596
0.9864323313021608
0.98569211398792
0.9956900681998909
0.989097995798304
1.0001469051293526
1.0002698843044207
1.0008615124573683
1.0008968211744023
1.0118110218569158
1.0200742348271905
1.0105763533604526
1.0206406649944038
1.001002129279944
1.0018198946763017
1.0027513841901357
0.9992342355525563
0.9999662938113759
0.999951188135926
1.0000133016848645
0.9999957510573242
1.0001062596823953
1.0001030427202269
1.0001216656208676
1.0000945560433159
0.9992259648381999
0.9995411680326303
0.9992423271514957
0.9993079355853859
1.0058820702197695
1.0068301411218155
1.002093979707422
1.0050826047566066
0.9715765492950057
0.9676589135927017
0.9759209938726783
0.9555529600439653
1.0964597969418222
1.1089395747944941
1.0605466640840961
1.1155318300209005
0.9406344928263322
0.9388161452117876
0.9587033696396405
0.9437426758870535
1.0140358094977207
1.0103809660957526
1.0139107740876432
1.009306914532408
0.9946449905152267
0.995906348009358
0.9968695790591753
0.9968926862501979
1.0011263479115162
1.0002781915332273
1.0012789860834403
1.0006672154273624
1.003584145781084
1.0011254320774163
1.002356029069758
1.0024318236387129
0.9678566807699223
0.9813984359446286
0.9859621355269063
0.9670851133211028
1.0006037616900216
1.0008205753421509
1.0002861797266995
1.0009924198803057
1.0003247763167222
1.000311281823032
1.0002439984567009
1.00017641822927
0.9974332189815652
0.9968450515170203
0.9955169951905892
0.9966973148605041
1.0222123487011976
1.014891408135999
1.0221614803578785
1.0055112927811993
1.0300796811226545
1.0630125859922757
1.03238890134861
1.0712524666804641
0.9930674401570897
0.9780506231194172
0.9896410598649683
0.9883798332714493
1.0020270460337288
1.0016975231394198
1.0017223144069336
1.0029995827756737
0.9994221630645697
0.9992343964220076
0.9989814323762429
0.9992735213313567
1.0001174233308308
1.000178724501008
1.0001050530614572
1.000194374811993
0.9999701336474984
0.9999777815908748
0.9999741023507274
0.9999932052983771
0.9997396655553946
0.9997729022897291
0.9997769509340159
0.9997734380303608
1.001524643069974
1.000961749167688
1.0024798331903204
1.0030134189839557
0.9993004572692001
0.9991308710627792
0.9993164114490322
0.999556901703436
1.000096768152546
1.000137964160165
1.000109232006401
1.0001173815335842
1.0002214629349302
1.0003045245372457
1.0005900430112067
1.000692341079914
0.9972131324927183
0.9968888036480359
0.9956195049480739
0.9957417867064662
1.0355479797492797
1.0375594405060788
1.0195990952328036
1.0296529399033263
0.9530646031729869
0.9600832580640618
0.9674032076336035
0.9271553500267836
1.0267138081038494
1.0116845492939226
1.0132532153977023
1.01914904914983
0.9944943424160327
0.9934229309242848
0.9977917334854775
0.9943047799589978
1.0016828127771569
1.0013703864272165
1.0002559850377404
1.0013000660013942
0.9991509783728332
0.9987632677839932
0.9990718699129101
0.9984877581710668
1.0003756014150837
1.0022183417615238
1.002334997013485
1.0004730717931598
1.0146633616793388
1.0122723060617167
1.00390028324875
1.0124099748426263
1.0150567222851203
1.0036570815543064
1.01135096980046
1.004548539393513
1.0016369165920693
0.9999549151101393
1.0013523676097642
1.001074965400482
0.9899506027801762
0.9804590311191178
0.980036913037051
0.9833195161371762
1.0324259316858617
1.0367839596772754
1.030516153679802
1.0161371660356393
0.9915185876524237
0.9952320432053771
0.994955693430656
0.9915295269618111
1.002550610140709
1.0025053783631004
1.001384568849397
1.003760070319233
0.9961783591492513
0.9947172959753104
0.9968543519702766
0.9942241915218484
0.9966605032948144
0.9991475007524789
0.9979505192468368
0.9998262219226114
0.9953752176047206
0.9968591863745377
0.9937284428027631
0.9937804127215444
1.0277140894074552
1.046628275357855
1.0324672550538858
1.033353238992981
0.9667105675073034
0.990385671759013
0.9942350288580037
0.9604474030079374
0.9923009050569672
0.9916490121223546
0.9873025109244655
0.987763977590104
1.002790580176011
1.0025082491810315
1.0034185446265975
1.0033234997717053
1.002322926854365
1.0039973559442132
1.0028203571318999
1.000226516844911
0.9998512800948116
0.9996471794986459
0.9997389957756359
0.9995178186968667
1.000244373772166
1.0002266982040555
1.000161061885066
1.000141932752395
0.99927611192268
0.9990991964399308
0.9991050562215615
0.9992230607781086
1.003041140719685
1.0081012297026515
1.0079085543997115
1.0053058600974696
1.0042435468527795
1.0020949422421286
1.0031827938336908
1.0031232778720591
0.9919877752529749
0.9790625204408157
0.9645696682525025
0.9744914006057535
1.0065457174414776
1.0049668435038024
1.0054942488532579
1.0065570742144967
0.9976720007383518
0.9993565057042949
0.9985271877782743
0.9980980891689195
1.0004320282488692
1.0006087786316809
1.0006524841353386
1.0005247818381977
0.9997521759620498
0.9998107259796823
0.9998979328423643
0.9998199884368011
1.0000369951731118
1.0000817288974457
1.0000641713447307
1.0000577145333844
1.0000109543130826
1.000014446785787
1.0000015853784125
1.0000040049678844
0.9998697089917595
0.9998308543819273
0.9998825625865295
0.9998192754110716
1.0003659274794656
1.0007171523155851
1.0008804287757738
1.0007673944778015
0.995661328497784
0.9985670117376861
0.9968801909332607
0.9959434744440776
1.0309001966061977
1.0377504152694395
1.0228033474025853
1.055736655779456
0.9862670722734519
0.9754784142347479
0.9862623686707068
0.9895095395918174
0.9974178666177702
0.9959357383398637
1.0011197780076888
0.9956526736290365
0.97817228935263
0.982006140206708
0.9566716472903412
0.9690040906113327
1.0100973475654325
1.020663324277847
1.0155467125518678
1.0381809912330189
1.0294104088227556
1.0247475927385423
1.0394653087172925
1.019505269186584
0.9742528669579265
0.9914077110687366
0.9716762617058379
0.9855831198480107
1.023996507011518
1.0232110189843084
1.0280310014492298
1.0415925568006097
0.9908434848689215
0.993461691771379
0.9958618114410455
0.9944091156153486
0.992480089860405
0.9936913207556224
0.9929697296085855
0.9932548478820413
1.0029654718613967
1.0050057058264068
1.0058352627475073
1.0029731145113925
0.976874305018184
0.9879299929853894
0.9748123987291036
0.968275502167327
1.019800539441969
1.0144260674132604
1.0381183262946023
1.025226759725958
0.9901502959262137
0.9886492633043609
0.9903556125628366
0.9910346586800283
1.006320815375563
1.003861751312123
1.0042181830439347
1.0075415396586456
1.0014868350432877
1.001039942889513
1.0009601166851152
1.0006900463869106
0.9880587455641285
0.976169819124928
0.966541380989603
0.9939191359452115
1.0034303687899881
1.0017536825440878
1.0012229844926184
1.0018553984798768
0.9995202235779067
0.9996148371059383
0.999898854204821
0.9995576680093307
1.0001446910565297
1.0002446641588454
1.0002426024053186
1.0002476606758355
0.9985208190409619
0.9981182875531237
0.996933971970455
0.9978485665830763
1.009156387000831
1.0184451801715328
1.0091954923324926
1.0106978552212114
0.9876702416733089
0.9944438509547666
0.9916585278851734
0.9874154517509524
1.027019211714376
1.0361258285880237
1.0262078163837347
1.0160570738018233
0.8778738468565608
0.9404908006892512
0.9314260738734983
0.8881080857474821
1.0251319099896623
1.0275956186438504
1.0352789314687072
1.041073059783366
0.9752884787588569
0.972527987798723
0.9542712947065741
0.9591516850713675
1.1470227424521535
1.188021061700759
1.0882119876350602
1.1615870990483046
0.9684134936013127
0.9657721757243697
0.9734983700225682
0.9673960976464757
1.0074179211741388
1.010753344830296
1.016465953214001
1.0190080845229845
0.9975767936419743
0.9962714064108878
0.9971278360689697
0.9968473718206365
0.9970906725003008
0.9946129745959457
0.994171421365254
0.9936816552182306
1.055283249433122
1.0604684136619626
1.0166880596975152
1.0295104073035666
0.9902542020065457
0.9901494868439816
0.9864675230189789
0.988808945602397
1.0018381636806415
1.0040143525455651
1.004217644562084
1.0041560294397078
0.9976408036891898
0.9964811924851561
0.9971715739732607
0.9977462711342472
1.0184847223581726
1.0055416731766071
1.0089524431221415
1.0167618319338263
0.9907779325904025
0.9964562039828567
0.9961774659840064
0.9900149792786169
1.0017933432103117
1.0030190316704597
1.0025942938104153
1.0012408838896047
1.000322431702472
1.0003352544228774
1.000690682792307
1.0006869558264013
0.9910893952733001
0.996062148422589
0.9926389552767805
0.9901338030415575
1.0283648895682491
1.0189259031409854
1.0104236560370465
1.0241019086069798
0.9748359541196153
0.9891027605908965
0.9809849991814877
0.9885581507678671
1.004647215207988
1.004121569226172
1.0028739627254522
1.0050998814091952
0.9996082880500127
0.9998872838282354
0.9998399701818821
0.9995500448006831
0.9930460961982872
0.9945322926105711
0.9939418546955214
0.993301431474115
1.0510048981310691
1.0504171330184342
1.0211731676101947
1.0564360900037215
0.9749581380189218
0.9604975779338135
0.9848218460367073
0.9726594515495439
1.0039292341268773
1.0028473484447615
1.0025877314122917
1.0063217868750207
0.9999597573172436
0.9995493989240924
0.9999725952930145
0.9997040471121901
0.9908507271658845
0.9950439994190264
0.9936301040038761
0.9922786068972026
1.0002462710919247
1.0028457465914562
1.001370926924206
1.0014584551225558
1.0017702448061718
1.0013501294010743
1.002824925630518
1.0025364351555737
0.9957125476171645
0.9957123073820561
0.9965015551028321
0.9953574976073729
1.0236268394171875
1.0287522269271536
1.011398676231009
1.021431005624042
0.9908165534928012
0.9941431423040227
0.9949122139191698
0.9955366352329463
1.0017930026350845
1.0017121029052307
1.0015041254440797
1.0019109786910154
0.9997204687078802
0.9993820308269105
0.9992212764712575
0.9995373431520548
1.001663434405853
1.0014107309700828
1.0009378915004432
1.0007940727471125
0.9921898731306226
0.9934294462565357
0.9943081616759123
0.9974937569143736
1.0395869760185945
1.0327744463121187
1.0243485577536864
1.0304615527317338
0.9971061498788131
0.9858474753784783
0.9866435636857728
0.9928580410114293
1.0066735855113158
1.0030307361523845
1.0058944554786944
1.0062046256621107
0.9717406421788928
0.9699239786657993
0.9594354492432732
0.9967670971522663
1.0026914838144185
1.004002251039485
1.000899328038579
1.0025985018079433
0.9997423042168002
0.9998215215613299
0.9998426518907035
1.0000404137287635
0.9953236772780102
0.9960718836652254
0.9943661369643807
0.9954594537181721
1.0039046710450366
1.0024669120896184
1.0088039838614522
1.0073264442375023
0.9983893797814872
0.9988108497168363
0.9985037527554934
0.9983633407944766
0.999893629450483
0.9998385049334251
0.9998810357745703
0.9997261499774898
1.0020822313562865
1.0024339791767347
1.0034318394106825
1.0033373413703275
0.9994806568465178
0.999238730706329
0.9993297376418144
0.999788085143195
0.9960348705562745
0.9979658560347802
0.9966133858918984
0.9930875760133355
1.0005664185651033
1.0005423407467393
1.000515328947298
1.0005206099216726
0.9997877831392058
0.9997832021084261
0.9998277552576753
0.9998393988251357
1.0000429510294822
1.000044154854452
1.0000507916522376
1.0000333788715994
0.9999865009941094
0.9999848131107678
0.999986607294135
0.9999878120286576
1.0000244501723887
1.0000160101456037
1.0000083854666164
1.0000242083303579
0.9998984254312692
0.9999023229734527
0.9999440230921826
0.9999209094962422
1.0001421307647658
1.000446949194306
1.0004283490979937
1.0005607736752131
0.9979837267517112
0.9981886064604006
0.9980001389767883
0.997503648391191
1.0139391996396157
1.0069132441188806
1.0160252456310328
1.016193532627844
0.9909709955911704
0.9899661038140605
0.9915580200466928
0.9891477301528677
1.001181467053484
1.000709963671119
1.0011047918260596
1.000801074429928
1.0000794787685352
0.9999065335534206
0.9998036574229604
0.9999804076864767
1.0045305921070866
1.0031711274452209
1.0041244742457642
1.0019050612287883
0.99741886457925
0.9975380532881065
0.998822314520707
0.9978766643607151
1.0161217511418692
1.0385813901495704
1.0259099375619154
1.0362982986248004
0.9866346690758461
0.9927182504479755
0.9945555409285465
0.9951674459423431
0.9998252500785308
0.9998524899778062
0.9995998989486509
1.000301154765487
0.9983388798127985
0.9981982427978648
0.9979438450205379
0.997526525896848
1.0117101547235745
1.010829555007615
1.0127315503481447
1.006786781439183
1.0018920230001351
1.0074157570663678
1.0016830172997297
1.008562177131273
1.0242710272771995
1.0170488001728581
1.027377446160804
1.0058025840888625
0.9997385480500317
0.9998770550528212
0.9991459321858823
0.9992226980909944
0.985451864461298
0.9954457244598013
0.9945532453456399
0.9871167819131903
1.002310075157448
1.0023304375806161
1.0026757729447295
1.0018303681619622
0.9991395524406241
0.9979372714707611
0.9986664914825777
0.9985084899854595
1.0155387705568324
1.019561138876517
1.0219114070973327
1.0070580254590256
0.9935452719757549
0.9849400589574429
0.9902260997075912
0.9888776160799484
1.0053288928030533
1.0024094343163898
1.0027818124682093
1.0005012221564562
1.0013938146758004
1.000317563991722
1.000903449355272
1.0009608653833681
0.9647521179039733
0.9773905288886281
0.9625116107842087
0.9798745566632334
1.0073853274131421
1.0086783205312384
1.0034996836381138
1.0038118768075615
0.991890598865783
0.9900807651547839
0.9944728640053634
0.9878068332952067
1.0094489728386902
1.0059453664267708
1.0052198828380599
1.004010117809939
0.9821331837917481
0.9763201931235764
0.990750954074071
0.9700909983662253
1.0179361163825578
1.0447477939055516
1.0526135995394328
1.028737932201735
0.99424104703632
0.9941021331539835
0.9948361487771423
0.9916552758271535
0.967872730466035
0.98344729317107
0.9826525474061372
0.9677439415105076
1.0193982246880056
1.0190713213650364
1.019393311463597
1.0151302462790113
0.9968415601632163
0.9949105311194534
0.998270072459519
0.9965112354806434
0.9967662776691341
0.9994855452242198
0.997450939191415
0.9979259191634945
1.0314041629152075
1.0205966276655687
1.0115791829332763
1.0350960977697938
0.9935277699253237
0.9934164550862996
0.9943835574830169
0.9945836252586214
1.0015515774709984
1.0009690723944313
1.0004527333062414
1.0009433368460516
1.0064036653735335
1.0037002136829614
1.0028171915605
1.004705138276981
0.9817145671567004
0.9700339362722736
0.9752430891004328
0.9770192798753348
1.0347790359210072
1.0273100740990362
1.0268752404849293
1.030308401874615
0.9743159911524696
0.9682731351946628
0.9755732238416837
0.9759284669580399
1.008043510794926
1.007814493018719
1.0029652470415684
1.007051870031188
1.0039378836387176
1.0021092052726537
1.0022795870156744
1.0031333259386672
0.976835682569306
0.9763212790305619
0.969290576259203
0.9751298851072029
1.0081127016023559
1.01401240272351
1.0136898579221012
1.0132915077245253
0.9583372943003227
0.9572534246106101
0.9667352642592238
0.9570233835295304
1.0024009795239528
1.002942508814029
1.004075949535724
1.005042137126945
1.01499687842924
1.0110723798116121
1.010240653797036
1.0125392763913734
0.9966846802178103
0.9980153338199454
0.9977953253470062
0.998042599283382
1.0009155402027832
1.00042789941276
1.0008254730240793
1.000380230881329
0.9995898245161883
0.9997099926209575
0.9996083613154577
0.9996545322946429
1.0010174343838347
1.0008617089725174
1.0005933487878786
1.00113946595184
0.995950736245248
0.9971681643105729
0.9937833180964436
0.991787355451969
1.0412723892340772
1.0357506353414478
1.1007335555208848
1.0628580375892969
0.9795043336290727
0.9873102353013801
0.9883435430406372
0.9830621494280888
1.0068651841371632
1.0035307227481727
1.004246770596306
1.003494141992773
0.9972957904036551
0.9983892448385051
0.9980635913794325
0.9982260447097214
1.005740846551055
1.0058485694276165
1.0052088204235312
1.0042943724604945
0.9731180851393356
0.9628452965594637
0.9757883006981991
0.9602143000063532
1.0075395582712248
1.006283535618269
1.0028737552283384
1.0025851256443195
0.9968482557849351
0.9941816813484101
0.9881060303338187
0.9952835457435764
1.0098767819331231
1.0163548950669612
1.0147572033686996
1.0055664708882122
0.9970594903014014
0.9986299454053158
0.9980788424898595
0.9980970477693606
0.9930932814991666
0.9814065660921298
0.9896643039433548
0.9993320603199483
0.999471135224768
0.9998611201337997
1.000089921754268
0.9991947953616626
1.0088879830064026
1.0082397337513662
1.0096652759362557
1.0082195157489484
0.9979085716008639
0.9945877781108642
0.9940476843430875
0.9961766042319053
1.0248754995056282
1.0291758554453487
1.0292138297381466
1.0165241596413124
0.9978544813643173
0.9913490176629188
0.9970980914643746
0.9950006777685828
1.0001612785632594
1.0002722400271498
1.0003726684295247
1.0006777382389949
0.9999017669918089
0.9999100748465339
0.9999082762964545
0.9998969738400434
1.0000251456224065
1.000032155399243
1.0000219123259235
1.0000244129263323
0.9999959643535374
0.9999910057514259
0.9999913769302096
0.9999940668358696
1.0000270674134895
1.0000224319578044
1.0000362248275494
1.000025457038747
0.9998268163720366
0.9998493469361253
0.9998604881063009
0.999906367643542
1.0009281829262258
1.00072070749856
1.0007067275370962
1.0008105233383453
0.9966114783257967
0.993477633529007
0.9971036825468994
0.9921776764373119
1.0016333716937333
1.0020255890114131
1.0005571099529225
1.0013670729080553
0.9998358681516308
0.9996682847827338
0.9998230436247078
0.9996624870288032
0.9995618994383727
0.9992361320365231
0.9990814380588674
0.9991754721021535
1.0114921807468056
1.0070715532262464
1.0014930564001852
1.0101386820538243
0.99675508128208
0.9971458365615452
0.9973504430545063
0.997378059123707
1.00040481275858
1.0009566617878558
1.0007013494191774
1.000551360072459
0.9969152991213313
0.9972080242235982
0.998284855042636
0.9966915656036109
1.0309891552323163
1.018885684397035
1.0190411156397141
1.024469120924097
0.9973443107521293
0.996031039137991
0.9974297587607566
0.9979518597033694
0.9924297277121593
0.9917825117583017
0.9934278443885323
0.9911415349106881
1.0782091639138005
1.0259081284181826
1.0651402593475368
1.0665535590406197
0.9807424632620075
0.9849122865968635
0.9799800833316009
0.9836352342237819
0.9906431421940215
0.9810983857120239
0.9938485595091612
0.9799446229096492
1.00238970475212
1.0078054576828026
1.003717759134143
1.0033589780018708
0.9981405154028393
0.9972687026517275
0.9980843413744455
0.9989496605943337
1.005289526715553
1.0122247644950073
1.0097233106390933
1.0100223684371126
0.9954670329603239
0.9961318462748735
0.9959566139775408
0.9975514190386623
1.0116942802274014
1.012554321515509
1.0107794939161034
1.0053002593473401
0.9329186606716762
0.9266339929329203
0.9690420407820414
0.9331275753250239
1.0087263891641634
1.0015843164997744
1.0074898337236329
1.0059691773363804
1.0097587752163673
1.059625612026334
1.0571345574422748
1.0605008024231342
0.9976076840244236
0.9909963559415002
0.992875805096623
0.9952071594799952
0.9981764220071838
0.9990054802560671
0.997873937857763
0.9977529380049222
1.0142695758977165
1.037183739716993
1.0219432056470459
1.0268396145525014
1.000166155547565
0.9997946557163901
0.9999542847490592
0.9997018282755323
0.9959114025398569
0.9916584990766376
0.9925023768159011
0.9937463450354912
1.053172214827595
1.0119083838777612
1.0673640723108349
1.0306171281603376
0.9925249381616563
0.9854476158283917
0.9910515937037857
0.9957550484341372
1.002672142266394
1.0022927832811803
1.001721847930603
1.0030479494812328
0.9992542032420214
0.9994505562186135
0.999357023812763
0.9996675829070321
1.0001027337602175
1.0000823838587067
1.0000563023323834
1.000061392274503
0.9999979478018856
0.9999988272285845
1.00000114130828
1.0000017669953403
0.9998105968746109
0.9999349595460296
0.999860968397662
0.9999001147814685
1.0012742715680676
1.0002556547859014
1.0009706984145832
1.000694692443518
0.9879552114790868
0.9905778133989807
0.9882894013068043
0.9872390318515004
1.0015127357002442
1.0018424985097663
1.0008325862609027
1.0003040343201233
1.0082898265647493
1.0079999398092978
1.0070601947612354
1.0039525332075845
0.9977621145697901
0.9993432994579023
0.9979219072253976
0.9987258676094677
0.9997713534043396
0.9996658465188413
0.9995868828654716
0.999306668304592
0.9999607220737204
0.9999243189458331
1.0000285192749023
0.9998970346056859
1.0011767155572846
1.0032780053024324
1.0032736002411868
1.0030463943673908
0.9992553671426714
0.9991716253221179
0.9988675213108354
0.9992091150576778
1.0004024039546806
1.0004336199154105
1.000676189556768
1.0006468807207825
0.9980317167129332
0.9973662492015529
0.9986819503477504
0.9966276859588312
1.0264103806724119
1.0158474869574416
1.0219186234923103
1.02838779431943
0.9955140566545577
0.9970576624772708
0.9972047501345537
0.9934007839433828
1.000617640375914
1.000524961260565
1.0003594588577693
1.00030454314897
1.0039577770416217
1.0055215306618266
1.0116821024549827
1.0094570367164104
0.9971521997566487
0.9966972697407992
0.9974163104492207
0.9982171992599144
1.0018213271118932
1.0025075389393963
1.0020028807886354
1.001158650362045
0.9867963350829125
0.9828448274802425
0.9946819368893283
0.9779019820600603
1.117788610967043
1.0922190617726761
1.0653173486516783
1.0856614935353532
0.9446104928995118
0.9483608797803058
0.9715918833906111
0.9343394287474904
1.0507817569939377
1.043599470198021
1.0263653532185846
1.0415452560825054
0.8866891489778789
0.957240296837411
0.8962159762358717
0.8822273573231488
1.023244092503471
1.0284066536194092
1.0071184450223825
1.0211876479868713
0.9888289383796932
0.9939300498673289
0.9901692400543594
0.9933856816449592
1.0250982774531023
1.0337250199791095
1.0263294879275762
1.034849625099955
0.9948963420043735
0.9927039161604858
0.9952237534783421
0.9936038947945861
1.0035612737759005
1.0028326043498108
1.0071448827093596
1.0053430757186403
0.9987689730966728
0.9983696622911344
0.9981460024053957
0.9995653748160079
1.006413636785721
1.005103640799838
1.0056808031667008
1.0059956776043912
0.9644262375160529
0.9530295245251993
0.9674489927997559
0.9630896409124093
1.0093487589550065
1.0138505973848344
1.0025469230637691
1.009059377826877
0.9973604766527074
0.9934491278274692
0.994598564790053
0.9954434666970873
1.0010281031221326
1.0019210728066326
1.001767463421881
1.0016546177032284
0.999570685776485
0.9998549741745448
0.9998808919544057
0.9997565520024595
1.0002614272724477
1.00021007305053
1.0001428205103169
1.0000748048117605
0.9992836802811619
0.9991748804574951
0.999311313525238
0.9991554017248228
1.0043230498193267
1.005352109908351
1.0018511272604795
1.003763439402166
0.9994282459175325
0.9993514785219978
0.999299365763083
0.999507853292701
0.9988650946716946
0.9988360224952355
0.9986563268161246
0.9981843963313525
1.0071655254762826
1.0146547878581518
1.0121162709909242
1.0175528470177275
0.9976330951858949
0.9995213798694302
0.9980843930450957
1.0002113304508238
1.039346597547032
1.0145117914406196
1.0221422257259576
1.0157138177372236
0.9959008315473833
0.9941187557210075
0.9955499591053585
0.9938850745974019
1.0017394333595637
1.0022109154754075
1.001428920316436
1.001398241881307
0.9983827713255522
0.99839347141157
0.9987776769646732
0.9992342238416859
1.0072261092428094
1.003804922601871
1.0097764385771355
1.0049852169612672
0.9980996612645568
0.9984138236214791
0.9985817597368317
0.9975222415957217
1.003456763744186
1.0028224315482182
1.0039182448369957
1.0017650465211565
0.9618522770799882
0.9860716304419965
0.9369033728455987
0.9348513390208884
1.0127303019846579
1.0065795836779077
1.0117059910743984
0.9984703570445274
0.9982928972465349
0.9967350927968183
0.9970219220996343
0.9974252596828969
1.0060587044426093
1.0048526341686495
1.0061269483697244
1.0022093634038007
0.9983291794108963
0.999174207070474
0.9996884062636725
0.9993799864174551
1.0000182574814493
0.9999959027601126
1.0000157607361944
1.0000812637268532
1.0033661299406393
1.0013643517765907
1.0028127636612914
1.001967035278184
0.9828587296476121
0.9639435383215027
0.9777907978330305
0.9372051522220243
1.0076015971121435
1.010365531166727
1.0069844825273642
1.0122582738151744
0.9984812825632372
0.9968623244332219
0.9984324961311187
0.9980462251091451
0.9971824255128279
0.9961334759256567
0.9938311188790343
0.9934728438085061
0.9958141649457058
0.9956569908411359
0.9939393367120133
0.9926914809186312
1.033968163174478
1.0564773601490316
1.0506851225989315
1.0401754739800813
1.0011670002274111
1.000351861651954
1.0018974525075635
0.9995529455799017
0.9998232545114107
0.999936321147009
0.9999397135898188
0.9997973960368709
1.0001395260022379
1.0001864781626226
1.000124336369382
1.000222594709559
0.9991107279298502
0.9994960855717845
0.9990848972084986
0.9991133814535305
1.004507325987981
1.0046412478191695
1.0022372197805376
1.0038439150130114
0.9875758038317936
0.9886905089654525
0.9700670773616046
0.9718636075526949
1.0181301069310877
1.0158088256179847
1.021412305069188
1.0281820822801864
0.97990184588352
0.9826240341519593
0.9776053033375907
0.9878132927052443
1.0030433073820635
1.0033550327461873
1.0030245390481782
1.0012552460621618
1.0088658255192344
1.004864518203881
1.0094063771685882
1.0061463645632929
0.9960714171745327
0.9940917813871606
0.9959361652840231
0.9957283731247782
1.0112055531409756
1.011124627692206
1.0134894653376303
1.0237816606750192
0.997306413047845
0.9965284223907951
0.9961297428334202
0.9957605028192383
0.9999060764612036
1.000042750100972
0.9997978496669306
0.9999140661339314
1.0019884692938614
1.0034058025587569
1.0013632852459702
1.008192564221665
1.0770633269329002
1.0308679268338605
1.015204868818345
1.0590708917289067
0.9805578979253666
0.9850192967793322
0.9903424797804828
0.9839442855865218
1.0032142643430784
1.004250288167998
1.002514949711102
1.0028652491349739
1.0013679583239277
1.0012710550163308
1.0017883320374976
1.0025486514759003
0.9841528758919015
0.9858084834302455
0.9929617114439868
0.9854459994145642
1.100477812557473
1.0959220409372825
1.0627878369680686
1.0363407715683854
0.988842577503431
0.9823916745599565
0.9944129290036202
0.9964017689072105
0.9851994701008638
0.9960183444883972
0.9829068625110103
0.9879699523976228
1.005818447939317
1.0125290551681119
1.0130661285893776
1.0097083891339087
0.9993485870585883
0.9996907434194109
0.9995787233265653
0.999633894406648
0.972349768063256
0.9908322293726484
0.9898740738604495
0.9679012233439147
1.0090954098526317
1.0069835013581303
1.0054068911390317
1.0058290124897016
0.997782960819122
0.9952297030866599
0.9987619945364126
0.9952136317349041
1.0138297353536003
1.0099727250568773
1.0073085473915118
1.0121510360365085
0.9513364839105909
0.9605582864036329
0.9300873551273491
0.8897902988367912
1.0373505047043263
1.0390431441199444
1.049031566195135
1.0283881891559068
0.9906866483725211
0.9948906423675571
0.991059264245891
0.9930857976336156
1.0069497985678688
1.0079540013181463
1.009250422471212
1.0047494533783135
0.9893265819162822
0.9681929406412264
0.9538682778742955
0.9579525991353498
1.134501741314844
1.0977456714315246
1.0327669929986423
1.1001016988471617
0.9852012486711205
0.9846029493424266
0.9669565664005797
0.9880310342937298
1.004098826032317
1.0020106015359826
1.0024601345267683
1.0045739191949443
0.9984829436788555
0.998913026082806
0.9987484873151407
0.9991730183469151
1.0020516753782218
1.004253171019973
1.0053745545077089
1.0021035384650987
0.9992394770033012
0.9996284420692845
0.9994362750815241
0.9995057957855924
1.0000743682564053
1.000091900722998
1.000134180820262
1.0000671109662327
0.9999721106563956
0.9999808113004709
0.9999766826139317
0.9999850328474027
1.000009785770876
1.000010371469786
1.0000080634734243
1.0000122143199055
0.9999480605242138
0.9999457835959832
0.9999620283935678
0.9999772446491927
1.000199869155794
1.0002265390951706
1.000145348535707
1.0001631929718025
0.9992138801029866
0.9994985110050959
0.9996497864535648
0.9978977727111735
1.0006485813950325
1.0005705043158892
1.000294203197612
1.0003295112833432
0.9992124823766371
0.9988254725978972
0.9991370571352427
0.9995978772838896
1.0082223672046056
1.0183859266293678
1.0034321313965044
1.00553050005392
0.99308584533777
0.9772040944712357
0.9764110259144161
0.9644112973644912
1.0851814998115161
1.0358318533389033
1.0655290696061719
1.061962429329357
0.9926622722087332
0.9859534207008999
0.9724132473797449
0.977683863223098
1.0055549519757667
1.0067818442427865
1.004544663791369
1.0062269181678343
0.9969523993943288
0.9982559840939353
0.9980052351912977
0.9978228419893865
1.0030062587182125
1.0047286994888367
1.0017534631930973
1.0025001844098385
0.9752569904054552
0.9773592264006357
0.9783214824872988
0.9841697370164713
1.0043675298084587
1.0060225489014274
1.004615478773135
1.0027149690685957
1.0129970528012666
1.0197736883009703
1.0128485913035385
1.0190667281124592
0.992114238063606
0.9878581120813918
0.992354531444334
0.9884100363956658
1.0494203889944016
1.0300680329092282
1.0397175935034764
1.0392459392118572
0.9895770776459543
0.9805311249405685
0.9898437711456382
0.9909988476290585
1.0034835400495523
1.0035525447455584
1.0029929619251337
1.0013176776971844
0.9981574555153494
0.9976720967335271
0.9978287968276922
0.9974038517537318
1.0075005043088339
1.0058639902296944
1.0086331136822322
1.0031789143995642
0.9800799215901358
0.9804857811022775
0.9437302449348386
0.927135313079221
1.003368829183127
1.0062330707806748
1.0084779945737206
1.0035837883985952
1.078064402332425
1.0858509172649513
1.0598298232930705
1.0864279186906098
0.9760731178930022
0.9713829108678345
0.976559685593521
0.9807242214606059
1.0061583186230083
1.0086852758339229
1.0068258539353592
1.0066825696927382
0.9934952682595783
0.9936692737129784
0.9915988097029669
0.9913170234234359
1.0249969501677114
1.0407243829622295
1.0309533048374186
1.032474080743468
0.9926102554185063
0.990827526264834
0.9892675205884925
0.9908245792829375
1.0007061846948422
1.0012121711807083
1.0007230599078538
1.0004671046917566
1.0083377156352102
1.0080749086760326
1.0063724412944113
1.0106796418959758
0.9969087484531721
0.9994602228925772
1.0023907544020627
0.9973981540807104
1.0151427512104232
1.0251285851831127
1.0420955224734403
1.0342235747208512
0.9936176751560029
0.9921699304467828
0.9944360394192402
0.9945376280797746
1.0004626927833977
1.0015562931646214
1.0007644488965874
1.0011060202807358
1.0000558108284667
1.000019632365707
0.9999643093239057
1.0000953770665206
0.9982235303648351
0.9974791079089087
0.9985411227354748
0.9975797576036921
1.0072961279528285
1.0093783283715196
1.0309615385719293
1.0175608334130357
0.9962774879918932
0.9964537364023803
0.9957766566697704
0.9963096083152698
1.0010410220865027
1.000884476260152
1.0007903516900223
1.000859264268891
0.9998897396890221
0.9998352093292913
0.9997384498093758
0.9997360711632475
0.9996991532313072
0.9997270384343954
0.999765706057908
0.9998706392287505
1.0030094028257068
1.0038603513752613
1.0039247956455912
1.0021928808310108
0.9997956227643819
0.9998362331986699
0.9998586071800838
0.9998412142643002
1.0000618502486998
1.0000907797023182
1.0000887566276802
1.0000819992584813
0.9998723011360253
0.9997758195276732
0.999718923520395
0.9997350023290312
1.0008737851170453
1.001781813404735
1.0023071869709825
1.0011412433481
0.9955428218510104
0.9965714699431619
0.9937816658824821
0.9914211809731565
1.0214155607191102
1.0613977186583425
1.0510071799326328
1.0250220071144331
0.9911038997570885
0.9954752438883644
0.9895724306548594
0.9875166045186434
1.016246347769685
1.0233947202110405
1.0323014531330863
1.0448801284692955
0.9914255407078728
0.9876913212917903
0.9811793427917721
0.9838552290113227
1.0134283899072667
1.0109376538065868
1.0048253579714115
1.0120735294417968
0.9979163955351648
0.9989016605688276
0.9982132802574241
0.9989101412650904
0.9976802973601584
0.9956429263081806
0.996157788553612
0.9959889227796356
1.005840098021569
1.0229992252903604
1.0203344637428224
1.0285037123558063
0.9941863428583549
0.9938896623862951
0.9944809447723908
0.9961593971029322
1.0010457914389483
1.002164358240669
1.0026061953574832
1.001511028985314
0.9954368067628648
0.9972516148650044
0.996474546297919
0.9973334784575165
1.0186206406371272
1.0417817460330514
1.0355397989660224
1.0047714036195323
1.0295767947864085
1.059114784546872
1.0601706070912982
1.0560683778628754
1.038404660770776
1.0317460008075454
1.0234948356468874
1.02147165132567
0.99917877459767
0.997495712136892
0.9996418651766551
0.9998794055611044
0.9978808550920137
0.9964702302481678
0.9969587125168959
0.9968682445888436
1.0191664838827208
1.0170241537290432
1.0188725319587695
1.0060361132106643
0.9979503769267605
0.9980208616296733
0.9994542815433843
0.9995218723938826
0.9886745689428501
0.9842727825730831
0.9903824920631142
0.9737871217475417
1.0015376687114796
1.0011471894443504
0.9993884189298853
0.9986322247967829
1.0024239503675059
1.0024723698606255
1.0010218570784448
1.0017124500366257
0.9937190838255865
0.9917661904757651
0.9855467491001455
0.9840503599510367
1.002650620945757
1.0009723610391452
1.0084511432778118
1.0047706716380829
1.0630238500041558
1.0252639324120312
1.0337666338148968
1.033119475880514
0.9928622245809541
0.991393581939184
0.9902028349033654
0.9876495073796616
1.00883391969458
1.010777222781464
1.0162136950053686
1.0048939700767419
0.9999510024422262
0.9998227712087061
0.9996329909481981
1.0000716044977154
0.9942208169503791
0.995751933811346
0.9947466181039719
0.9993215019845367
0.9397078579631395
0.9799078181141961
0.9685480104980679
0.9824276777403165
0.9844262314592597
0.9885613817414489
0.9859519854408725
0.9863620672946433
1.0015606680508473
1.0042293737166694
1.0029791413142672
1.0010936772694674
1.022502299598926
1.0215949310336097
1.024864415196237
1.0137825751200236
0.9588127722119542
0.9095005834910933
0.967944747793597
0.8806526305035087
1.0211103165777107
1.0162200239032095
1.0164560647222538
1.023006322540728
0.9917307584788291
0.9929450663130355
0.9890018391091746
0.9947419390083132
1.0019686597776962
1.0023659203023487
1.0022561533572145
1.0029011620605366
0.9997292474231482
0.9997394484215039
0.9993507705707816
0.9998976903273176
1.0001026182568487
1.0001104073074916
1.0001126931207187
1.0000738157601181
0.9998195454934803
0.9998748373084476
0.9997454491552753
0.9997267216831928
1.001424612492308
1.0012725339193664
1.0011521135386192
1.0012929478202235
0.990479169193357
0.9918742908105995
0.9919031350784839
0.9945630493125396
1.0537340729795648
1.0624795379865646
1.0262437040576424
1.052557699706302
0.8972762552153262
0.9407125080044706
0.9592919245924301
0.9008828985865428
1.0301993762246033
1.03071855502724
1.0372424390789499
1.0172920323651329
0.9919563973777645
0.9924213151410898
0.9914209589150385
0.9873564251246869
1.000941834077119
1.0168279904540005
1.0185495353257368
1.0049882932978638
1.0005961556785774
1.0010881297923224
1.0006414177229697
0.9999598278021883
1.0022826103184743
1.002581551486239
1.003673289317977
1.002487107205363
1.0292676667962972
1.0375719939937402
1.012679974635008
1.0406677732477303
1.0070827123034138
1.0009533248974338
1.011808954350766
1.011998045830348
0.9747719696983027
0.9858333355045014
0.9883250573572564
0.9735887234658654
1.108502954115733
1.1152171601095273
1.1862704996180913
1.1515331529264718
0.9927564483305953
0.9876622038278776
0.981774859368894
0.9921348361232679
1.0049362421908512
1.0064195275948722
1.008354918004602
1.0216837259719647
0.9958323518600073
0.9974463323271284
0.996056618069255
0.995495337805825
1.0022441838961478
1.0033095744198952
1.0030317552496273
1.001093728688674
0.9877626046866103
0.9741346835313388
0.9779513367939823
0.9907164507820705
1.0027905318864911
1.0025273006136244
1.0016250701713896
1.0041005156820797
1.0095715260912137
1.0046559847940477
1.0103736914958878
1.0085566454587218
0.998321420905616
0.9985060141790498
0.9987086575939631
0.999384621872784
0.9832320282954587
0.9894183161284014
0.9903668476711758
0.9818430389521581
1.0061152064439751
1.0055947157576155
1.0046517975542246
1.0029252923508396
0.998435869606652
0.9986733447186681
0.998697133327232
0.9989944555535795
1.027572983730178
1.0155142127992758
1.0473708984196142
1.0270868734409286
0.9984339935281455
0.9908807448344881
0.9972495934698602
0.9949834065883449
1.0006008741669836
1.0004884209857783
1.0011937567461577
1.0004710065725018
1.0070464591647692
1.002779265306365
1.009520523718519
1.0076537049657097
0.8793651611493811
0.9357405048255308
0.8929804217931351
0.9429620957551695
1.03499956433725
1.0345875450516662
1.0283928585359616
1.0285120290620335
0.9842514490526628
0.9868946355133135
0.9859050444100803
0.9892022473533294
1.039004674308585
1.0381354589563188
1.0233535829051295
1.026398045930649
0.9833798875843395
0.9943941502620011
0.9885955093141751
1.0011934154347937
0.9438733246769152
0.935246900646418
0.9296244034440726
0.9572626668858072
1.1056816003125858
1.0345802041124486
1.041601835775635
1.1143906286585317
0.9847784647607424
0.9751548145120206
0.9227403111146553
0.9576703218950684
1.010816002831171
1.006912240899857
1.0037082699434219
1.0061579184756202
0.9987944531253938
0.9995381123585115
0.9977987775325937
0.9977725220138788
0.9967795329836213
0.9966434773403993
0.9984154538924721
0.9947872904039796
1.0015212788681918
1.0006388177647272
1.0004820732285202
1.0004456963385693
0.9994522858530976
0.9997812502888683
0.9990813126545366
0.9995264957647656
1.0025593327251023
1.0034824503150952
1.0015103450185416
1.0019341190961462
0.984143647142963
0.9691932105018881
0.9669626883695482
0.9926235665634361
1.0083056548630431
1.0082083614530555
1.0119080732354497
1.0044707126491597
0.9826306025649665
0.9669737840450247
0.9811640213260561
0.9765444190819166
1.0033916056061187
1.004700035482564
1.0042666202930184
1.0026456242746495
0.9989669074948598
0.9994268875987989
0.9992443611842533
0.9988690615461516
1.0011630017381365
1.002966791000267
1.002589441951363
1.001824369591638
1.0006175386529566
1.0006414483466324
1.0004737901333824
1.0003505839755285
0.9815639220355763
0.9839232618173619
0.9817196040723335
0.9848208786612886
1.0045009960018483
1.0067019623056923
1.0031077555225285
1.0029826087348253
0.9886680434296916
0.9938650522486612
0.9860140358532817
0.987539623582893
0.9984586553407048
1.0000571469988064
0.9968104434969597
0.9982224770598804
0.9956145538627234
0.9894701472988352
0.990018015415982
0.9911465763211386
1.0918452666559342
1.0738843820918402
1.0967510316278835
1.0768223951567104
0.9916821701218386
0.9870508409344755
0.985547549012734
0.9950851696392825
1.002423598792784
1.0029239243569807
1.0016114481434573
1.0030568120896324
0.9993359167313174
0.9995296680406283
0.9991499689755808
0.9991238316053698
0.9956550936325748
0.9938064855544629
0.9961779299208999
0.9948168956860203
1.0742613320246437
1.031408145358019
1.044953079263387
1.0472787587071022
0.9950558591833668
0.9969149698071558
0.9959405511565339
0.9972689186999356
0.9743466873740125
0.9869339370386148
0.9803798208064801
0.9623751856176351
1.0153050931397645
1.0235969215274574
1.0144591004111985
1.0278757064986017
1.050648595625236
1.0174326914271645
1.0524586700029368
1.0555850502293918
0.9923001990661108
0.992998679725347
0.9955278243481157
0.9952361992472013
1.0024580593586139
1.0218809866952123
1.0080241978368207
1.017665722353564
0.9987544416898578
0.9985026065032232
0.9981781131639061
0.9985573432896324
1.0005088245788056
1.000837745791439
1.0004188124110918
1.0006034695006225
0.9987652683610879
0.9960325507555646
0.9964869576404406
0.9971752443515455
1.0293371535826916
1.0291224710145934
1.016635644527072
1.029884352627447
0.9658867109495908
0.9606079374703149
0.956258855601801
0.9551652845454599
1.0157067528098116
1.0207533544822907
1.0282843107930062
1.0348808318661329
0.9916434215007759
0.9928600531353908
0.9861507441216152
0.9944835253226082
0.9978636189899198
0.9974593157355776
0.9978339879158333
0.9991460816578892
1.023574129994135
1.0183324288821447
1.0137473609192997
1.0292641854453177
1.0276249520390301
1.0976755625646555
1.0143687200663944
1.0338349131118443
0.779545680717248
0.8167254627490886
0.505062094911357
0.678221169241957
1.2125107002587212
1.0913793216944316
1.0923781854149646
1.3529214975843364
0.935479888445051
0.965036505330188
0.9794733090895246
0.9361116288508482
1.0090672890944319
1.0101978442774313
1.0165233520936805
1.0074360841031393
0.9972875419780519
0.9983537982397152
0.9974699130482013
0.9983463438296634
1.0010446468363603
1.0006975263369353
1.0011492536636855
1.0008105116850579
1.0006122567259625
1.001136265841124
1.001114200049855
1.000374498326049
0.9959210268365717
0.9878838559448597
0.992612700804271
0.9874513782239721
1.066832040641497
1.0556786532837623
1.0092648539928626
1.0710373349795372
1.0006270193087419
1.016991801281421
1.0294484103313684
1.0043775940338646
0.9992530086834325
0.999144807395389
0.9991682922496719
0.999625551954296
0.9919130285255372
0.9926780551848152
0.9875645269222602
0.9939882370085845
1.001739594151474
1.0014885007871506
1.0014018235193853
1.0023749641570248
0.999605305394227
0.9994948328913411
0.9997605590612177
0.9996610546478186
1.0000551448093795
1.0000317151531153
1.0000951699465477
1.0000580485643409
1.0001436185601669
1.0001593164385323
1.0002189160061379
1.0001200747964218
0.9984632648814685
0.9992248608967109
0.9982023288667952
0.9981915712503677
1.0005836232569743
1.000561069792284
1.0000007647714875
1.0005532858548944
0.9895259992855736
0.9922962706275964
0.9864907338525208
0.9899089581279888
1.0879920412096105
1.083684254326689
1.0231717993535139
1.0557764605702826
0.9380002300647977
0.9326886506910708
0.8397136617721408
0.8697202458289545
1.020091672429429
1.012190651486109
1.022454748358513
1.0260478137252576
1.0367382767055302
1.0570009365532127
1.0400802266671967
1.072448813313307
0.9361653669072066
0.8480842516555144
0.8989401274527493
0.8847502084160993
1.040491298172651
1.0670950850395156
1.0717301792352347
1.0343162151917158
1.0242634334048122
1.0232813750135243
1.0401726599235948
1.006974655954926
0.9975899312793248
0.9928357624768076
0.9970336518924152
0.9969160722692547
0.998132643851198
0.9974250275295818
0.9946027875146195
0.9984707957113345
1.0142082264927679
1.0254601307287636
1.0302444078336113
1.0561940779650016
1.0086228931044865
1.0264675716061418
1.0191899050185111
1.0206004051686586
0.9908667673986213
0.991948105293595
0.9923072413762845
0.9911953177073324
1.0082505969680928
1.0146108923755286
1.0133939433928754
1.004121170190165
1.0010467108581211
1.0010553245026865
1.0025200663680423
1.0010999657012747
0.9765652087905772
0.9896631143669421
0.9853334472834323
0.9711834875160402
1.008911016098692
1.0087398043434384
1.007494296894026
1.0042496340744174
0.9688101893170804
0.982802547511136
0.9894667914768499
0.9654083047668409
1.003636682503668
1.004344363284451
1.0030979971399172
1.002701523144191
0.9995392793499458
0.9995326717939343
0.9997704090265735
0.999569120153645
0.9998813170841098
0.9999091633605252
0.9998414559148171
0.999877779896274
1.0009217620241473
1.0016904526245067
1.0007593970681326
1.0008034894928464
0.9944689312739612
0.9928409445565726
0.9953028375771525
0.9933529094437973
1.0539270552189444
1.0247388375345903
1.0433453858628847
1.0087482351304682
0.9868357029953881
0.9758227511842298
0.9922451054532295
0.9799726517636345
1.0027227536278163
1.0034620787903261
1.0049776003253754
1.0048413694540823
1.0188113295482113
1.0089868509918127
1.0194806012129878
1.0135624718622471
0.9965285303337778
0.9965560567348132
0.99690971403687
0.996862158047589
1.0006526017964485
1.0007706668618912
1.0009563386852045
1.0012490303735555
0.9996069001564325
0.9996961295071382
0.9996077444382205
0.9997254777123209
1.0001606940415813
1.0001110139857257
1.000137615902663
1.0000634396671875
0.9999379647447284
0.9998841814095805
0.9998626647958777
0.999891362891666
1.0011036439988539
1.0004200841580662
1.0008158869405976
1.0009966492793685
0.9914318051942401
0.9931143319175085
0.992874469339096
0.9880893855280395
1.0419620386183144
1.060911274870865
1.0916810546518692
1.0691173506875677
0.9974626216645038
0.9990902423050609
0.9999167396070604
0.9973848409139764
0.9915242721056744
0.9933145034589416
0.9966207046177465
0.9934218747319559
1.0338881348874374
1.030600888463619
1.0289744050376777
1.0164470527265284
0.9966888555086162
0.9919592604796013
0.9945700415007543
0.9914681348626954
1.0034849604152416
1.0061837680759729
1.002812236923366
1.003844639283282
0.9887210478454158
0.9794627056255344
0.992978671682069
0.982548470977519
1.0046172146790415
1.0043501876011476
1.005656125300481
1.0045372142460327
0.9991045623204156
0.9991555296698557
0.9988883940895424
0.9989959850607797
1.0002604718680634
1.0002492759690547
1.000251957165829
1.0001897904550114
0.9999564977900084
0.9999618041654202
0.9999716683638612
0.9999537217903987
1.0000165992807821
1.0000597337151387
1.0000535758515179
1.0000102391721661
0.9999636982048681
0.9999797232103901
1.0000069509173202
0.9999787926447679
1.0000814098204345
1.0004586428902962
1.0005815410907408
0.9993488858941555
1.022162680625446
1.0166218253483903
1.0103322151122762
1.014202274711566
1.0106049995558803
1.0035760320878617
1.0038732127190566
1.0030663923352234
0.9322275208922777
0.9529670248534969
0.9290870834706141
0.9117870346376714
1.0414447702076084
1.0237470317519715
1.0294366022532044
1.04947257893352
0.9953916428255603
0.993743411685901
0.9932609096078109
0.9899125595328498
1.0018562539177926
1.0014640149462601
1.0021450625894872
1.0014389179498804
0.9992620361601711
0.9994522886397684
0.9994281952324097
0.9993171369490484
1.001898811312203
1.0018739269731123
1.0027897286174363
1.0014834622997417
0.9995124689064996
0.9997195715496185
0.9997249547573499
0.9995786917989671
0.9987466597362957
0.9987770369606733
0.9992691360165696
0.9994235536606242
1.007840257949188
1.0074906248842053
1.0121776277994767
1.0001488843657362
1.0517761566779638
1.0455019106055148
1.0445274081895777
1.0812752919235389
0.9867121657333017
0.9883801045159154
0.9735735098267141
0.9850151523988302
1.0042661657132457
1.0047167861605493
1.0043575241924874
1.0057071953036467
1.001050940249595
0.9987152227389327
0.9970806087784726
1.0004475053963573
1.0170744810345296
1.0519692891848493
1.0552623191576886
1.0485693180549136
0.9914223957032037
0.9948748339311153
0.9896738003165442
0.9930698459635563
0.9997838994223806
0.9995036685664911
0.9997293545132908
0.9999552185032939
1.0059362076567155
1.0054463832214018
1.0042486051944906
1.002834066255393
0.971004476104872
0.9660382178448192
0.964894625602942
0.9681861575970174
1.0106950004236301
1.006478582904086
1.0155042639737721
1.0078716150062434
0.9986713590147408
0.9971607959112231
0.9977754958397804
0.9971939493741845
0.9962081901204983
0.9969023598208142
0.996117822834431
0.9964604943749206
1.035333592297524
1.021655222246723
1.013920379617742
1.0405663204000029
0.9930266178580168
0.990324344278143
0.9932179975837062
0.9899300289134492
1.0029972285913182
1.001570557700441
1.0006035349502875
1.0009758642577746
0.9978702134767997
0.9968929754832501
0.9979034737384594
0.9969807128406871
1.0253733523835418
1.0145962330261138
1.0051865398027215
1.0255277583294868
0.9954830560292249
0.9957891265140323
0.9959325710654705
0.9947998721951503
1.0015571095113995
1.0018074046354812
1.001229523669798
1.001055011216369
0.9964600714609672
0.9979557342482067
0.9989471179764923
0.9967621706097024
1.007453021996068
1.0030002877524669
1.0039467836661162
1.0109288253608704
1.0016752929907164
1.0053314976042733
1.0014862106901947
1.005478521549601
0.9995361248325855
0.9989829098056482
0.9992309742759775
0.9985796058488083
1.0006209790396488
1.0004647291171567
1.0002769038825343
1.0002680197843414
0.9984331525236332
0.9992361470240999
0.9982635606292346
0.9980040785742597
1.0084502333014163
1.0080024774419147
1.0112508239897338
1.0024897616966602
1.041156652265253
1.010219782322118
1.0431109784106571
1.0342144138738185
0.9939501184892738
0.9912070517927224
0.9958757786101697
0.993288235136375
1.0019370375174268
1.0016105784876277
1.002743616372009
1.001789919031746
0.9995449725713781
0.9997928498275129
0.9997862250313758
0.9994743969014791
0.9996338737894883
0.9996647022762093
0.9997734268492091
0.9996658148888654
1.0028981103889512
1.0024848884998192
1.003173939038774
1.0022070431215977
1.0070964919505625
1.0044283574304687
1.00139035999658
1.004978528392841
0.9507926828516647
0.9598913468430361
0.9602912104364706
0.9163006693383963
1.1441796659638506
1.127524941098818
1.1504861368840409
1.0729374060626715
0.9921046219300207
0.9915905258273952
0.9912407044335437
0.9953381384183609
0.9987037787498494
0.9974717634676897
0.9976129870663911
0.9979259790730487
1.0425270693711268
1.0287915410438973
1.02736682716739
1.0145221735603362
0.9578792909043913
0.9699905108829217
0.9532693292390665
0.9644914362811717
1.0084147898831615
1.0154642660678286
1.0091441932557967
1.0128255635895071
0.9957534851231473
0.9946049697184122
0.9950731033555443
0.9949067304966028
1.0006055775430567
1.0003837415000638
1.000664640855375
1.0004499075507973
0.9998769949228307
0.9998600111071383
0.9998626617883354
0.9999177996527921
1.0000233180596354
1.000035635505358
1.0000375176152145
1.0000125661996773
0.9999870683112083
0.9999856631039126
0.9999853705354905
0.9999885330986356
1.0000452415851049
1.0000641229130618
1.0000273177204897
1.0000518267123426
0.9996345269572038
0.9996199648557823
0.9997359377300852
0.9996309293796005
1.0014444148759052
1.0043529918108307
1.0047609022308799
1.0011012302291777
0.9994853735760687
0.9995345205922507
0.9992608158759287
0.9993998943252781
1.0003402838982696
1.0002683875786353
1.000189690677084
1.0001323749226636
0.9996792316765359
0.9994088658156612
0.999733133449101
0.9993902266788888
1.0007849759979377
1.0002865381053931
1.0005455444500246
1.000650585879378
0.9971838661469793
0.9964359421150417
0.9991718328095662
0.9961003403229873
0.9991043449284248
0.9996873096288873
0.9994130594624171
0.9994057931679907
1.0044262176457655
1.019596280312275
1.004254468823088
1.0151747241393783
1.001421662476409
1.006106368831933
1.0067212408818518
1.002302712511203
0.9971383526412871
0.9968552930252494
0.9967160235493361
0.9984647838046772
1.0204754490776773
1.0155137147943074
1.0228045235013812
1.0127826400515376
0.998037662385713
0.9951662519731702
0.9966260926487419
0.9935053967568425
1.0064449890744174
1.0013241597792661
1.0053753168838027
1.0056322068760768
1.0178407477864173
1.0193530505001467
1.036048822844477
1.0380136529509387
0.9793957033649877
0.9736975027736028
0.964566740904955
0.9701462736248018
1.0090133035602002
1.016986230879036
1.0114567246392088
1.0033593950562627
1.0020126960718878
1.0023691181955716
1.006109720756414
1.0016846608267544
0.9991423183818892
0.9987809922026728
0.9995575504530418
0.9995720615004816
1.0005965247156918
1.0004433231306915
1.00061465223546
1.0006150384233796
0.9959705382911294
0.9990640492178928
0.9968112007831311
0.9988122396938798
1.0004829939140505
1.0003643832838345
1.000221810996806
1.0004423535265459
0.9999603393658208
0.9999485476094209
0.9999718990426134
0.999944401836041
1.0000012396776552
0.9999991016648492
0.9999989062226464
0.9999964530760471
1.0004390266854972
1.0003371259782448
1.0001784042041155
1.0003019655815089
0.9972538658768221
0.9981706046256932
0.9976259072892112
0.9975229290502863
1.0218469923297124
1.0152241789941439
1.0251886149452902
1.0116168544929245
1.0112392399633179
1.0068716210255804
1.0070123299983686
1.0096302117287868
0.9976194802289599
0.996480630072391
0.9976938043763766
0.9988254361585186
0.9998441276000785
0.999794351656392
0.9998105266971112
0.999784599916835
1.0045661584674117
1.005885086943055
1.0084544812932237
1.0065736241625443
0.9978694908218927
0.9981441117309463
0.9989796325532082
0.9985670558688161
1.0009763692597444
1.0018277954854615
1.0012144328933665
1.001279271023242
0.9932552373879865
0.9830235232856702
0.9965243335472903
0.9823299832276506
1.0032456293045677
1.0022771671265074
1.0051566239683696
1.0038649038543417
0.9988424001352403
0.9986470529951362
0.9992185877454183
0.998685657866504
1.001180839251841
1.00383752712734
1.0021993965442975
1.0012867080848662
1.0018958725333922
1.0017083279686125
1.0031968055672977
1.0005511458599017
0.9994091469703691
0.9994291158994505
0.9991848953132048
0.9992804162964697
1.0013114827906355
1.010105950803481
1.0087014297524037
1.0029251384596025
1.022354978107514
1.034415503641367
1.0292081477321504
1.0202124712589808
0.9920436259345637
0.9951277143989615
0.9965811968625032
0.9959544048233817
1.001351373739559
1.0020227542137496
1.0009238175148651
1.001369982897935
1.0000437186058646
0.9999747050255863
0.9998154836838546
0.9998177605497542
0.9986061076654775
0.9966345492581568
0.9970885795785831
0.9990754990453377
1.0006214728334464
1.0004423894988992
1.0009949569329237
1.0010233982936707
0.9997073806594933
0.9996798502922257
0.9997929971652264
0.9997441485619813
1.0000778343034402
1.0000525664237787
1.0000886566570517
1.0000992224567598
0.9999525891431488
0.9999829775608813
0.9999622317271097
0.9999760714500561
1.0000145327036496
1.0000140421302524
1.0000113908567205
1.0000179500997164
0.9999943595103902
0.9999953647118434
0.9999964083344481
0.9999942342850916
1.0000010518094733
1.0000009092854423
1.0000009454146312
1.0000017015327596
0.9999988253046412
0.99999799575236
0.9999977404243598
0.999998820411337
1.0000062471509192
1.0000125724480526
1.0000084773625644
1.0000028781127894
0.9999244973803602
0.9999661025780661
0.9999603713994761
0.9999089764494016
1.0005241207588154
1.0004107044038026
1.0007929915074367
1.0008729202985267
0.9948828832840265
0.9948053209223899
0.9950851943071138
0.9952014865421067
1.0192660712895558
1.0056167904725062
1.0241947471099826
1.0349167505710786
0.9962328415350288
0.9952200174662662
0.9912112179241567
0.9928997118700597
0.9997454896882839
1.0000032197422541
0.9992022395550226
0.9994664811911635
1.0084862077041798
1.009340458710603
1.0050582978374978
1.0076662471153062
0.9633092878673415
0.9708636062032373
0.9831317096481725
0.9506591112556926
1.0468928591988274
1.058507868674199
1.0380344024975046
1.0684799541458239
0.9810833416283022
0.993044685483233
0.9761647558480979
0.9933821693393351
1.0040051506692105
1.007251034594254
1.00490306073666
1.0033119887655266
1.0010689650129683
1.0013227744207014
1.0006251220055171
1.0008795364889642
0.979641376528358
0.994050119204658
0.9800853624593963
0.9844637254602884
1.000443816559963
1.0007215283148163
1.0013681285041063
1.000817198609836
0.9998164738512683
0.999774018127886
0.99975032472688
0.9998562307211278
1.0001473574978248
1.000205581930827
1.0001569063186189
1.000121597076643
0.9995097756891397
0.9992527468028407
0.9993988471410218
0.9993934682456657
1.003347752501386
1.0006567583592179
1.0041979554943319
1.0017451996034006
1.0000663513620358
0.9995969014691387
1.000200066168412
1.0005662309983336
1.0033677786869173
1.0035082327996205
1.007162256993849
1.002538720383087
0.9995844197742403
0.9994893856234015
0.9991234630494743
0.9991333793968573
0.998245829223703
0.9976716122746914
0.9966153355050886
0.9968512988151225
1.0087859227885918
1.0183001087922332
1.0114751178685155
1.019466946827668
0.9965830608848829
0.995898086711143
0.9973590794555474
0.9990851100065443
1.000433293677045
1.0011381837716478
1.0012992582825713
1.0006820931958031
0.9963349498527908
0.996045411390377
0.9974102906436241
0.9962067663066716
1.023816509821745
1.0312369130269148
1.0180515442817621
1.016019252482016
0.9549324006759631
0.95096976513456
0.9557360255679395
0.9368964662578902
1.0265003548638396
1.0587779886696875
1.0299740473161056
1.0428217529133654
0.9813877093894052
0.9831178711844903
0.9908609436130543
0.9762985433790602
1.046291943259757
1.034663750687531
1.0397558204976822
1.0239003864277514
0.963973372219163
0.9637202548393563
0.9676063124768512
0.9776478145963547
0.9715496051393023
0.9886500890039823
0.9742381016590127
0.9816177325385915
0.9855204947892299
0.9949214227034197
0.98470416428673
0.9881166116981883
1.002489991675591
1.0028547306235602
1.0007187100184056
1.0013416085341973
0.9874749704699295
0.9967963732685966
0.9879018931344259
0.9899721275275903
1.0024922639949303
1.001384757560603
1.0028049532334877
1.000823293614032
0.9968180896599146
0.9971674699558624
0.9984615417999826
0.9973387744638701
1.0175888507884299
1.0174286493957316
1.0218037429704874
1.01426836899916
0.9954281224482514
0.9939983582541033
0.9938227542680534
0.9959136770656978
1.0092145970799828
1.0095162491196714
1.004859283725755
1.0047078685204456
0.9918322076571463
0.990824176940608
0.9853361400611963
0.9887913151775407
1.0852423791456671
1.068577445268516
1.068548442908521
1.0464403273971457
0.9720657645926389
0.9768028840795018
0.9910823286407202
0.9872307643238037
1.0058070462920028
1.008119700176674
1.0064502046272823
1.0081322628924092
0.9969732864229129
0.9981609640883826
0.9983991756410349
0.9980902261972455
1.0003065037663397
1.0003824988027403
1.0003573557216712
1.0002993360222476
0.9998503610213647
0.9998434370280082
0.9998680977553985
0.9998638720155141
1.000317341197736
1.000437359492409
1.0003733631465297
1.000262273925677
0.9981036721693887
0.9974540496250006
0.9988452197949063
0.9967631131812337
1.0227134772804356
1.0270879400111441
1.0154172524739933
1.0230216311182865
0.9823028676664104
0.9860825259948256
0.9818779712894699
0.9985186903168936
0.9605823707743868
0.9840545323432631
0.9814966755325527
0.9782154597858113
1.0010067653161685
1.0014242030552511
1.0011771190330006
1.001232545334783
1.0294194820707154
1.0122168999628425
1.0125775813794984
1.0224544182273756
0.9941723048325024
0.9896169435032374
0.9910065407942976
0.9959966980734326
1.0045458609148985
1.0060945287575591
1.004734912647349
1.0047330842588518
0.9869472448735239
0.9879223469691392
0.970192120128621
0.9712238017724084
1.008554163560502
1.0082217203708403
1.0044005222058192
1.0070527544264465
0.997766937862124
0.9982324351173886
0.9985887524562236
0.9990325800654984
1.0001857811895543
1.0001885397362944
1.000179726871776
1.0001394788376514
1.0008201611663734
1.0004101906749228
1.0008273295058114
1.000766645623298
0.9997833053474979
0.9997269598361258
0.9999014042003019
0.9997935638760473
1.0000390787848878
1.0000457267950105
1.0000478589522623
1.0000277535020046
1.000208912408573
1.0003151654972318
1.0003543863983915
1.0006861116514876
0.998990602626015
0.9988366750428038
0.9979213535504391
0.9989235673841146
1.017164694515508
1.0088437696146688
1.0221826669939789
1.0016181647757725
1.0408308141118494
1.0269568343087623
1.0210614506373001
1.0336309308778424
0.9843105939393901
0.9853111511505777
0.9787262019034341
0.9933166611297992
0.9984931587829479
0.9974585010737629
0.9979645556201848
0.9983111025908467
1.0054990577766523
1.000713683704773
1.007527332851812
1.0215913789329536
1.119368185266648
1.1160579746738941
1.0538264054791728
1.0619929011072335
0.9776814639971618
0.9877973873951336
0.980779311921535
0.9731955494489074
0.999005319716608
0.998946416886565
1.0003730097724233
1.00054790152611
1.0382878837517169
1.0558956534801407
1.022682346393148
1.0609798615940575
0.993237874455804
0.9966694724537678
0.9935133359292747
0.9867360016190061
1.0054115471754237
1.0022053130574522
1.0045639106280146
1.0036658084316676
0.9852907299836638
0.9831823178904386
0.9759039718523417
0.9891100555566186
1.062169397287912
1.085896282038505
1.053760707080251
1.073962042480468
0.9945642149870133
0.9926287612545603
0.9712337859209156
0.9845870692636387
1.0049814054240356
1.0041366213978724
1.0037917310872706
1.0037719843032569
0.9988435769285636
0.9981130207500784
0.9994509356651501
0.9989713916629223
1.0021041989413009
0.9995473878995403
1.0016838007251252
1.0003379472977985
0.9887427199949252
0.9802999051642426
0.9976602225438737
0.9868282894456879
1.0105496861257697
1.0043758205758708
1.013501826320581
1.0123933203259476
0.9703289931380505
0.9798251543854505
0.9497897860560081
0.9588570969375753
1.008155776345999
1.0123918568742936
1.0143310686694738
1.0069074292740066
0.9997909937817665
1.0003987939439263
1.0009690902042048
1.0008057184483554
0.9952258377403626
0.992369603759844
0.9801455390393229
0.9915375668680847
1.0031587768275545
1.003399956003346
1.0065264200839632
1.004375961528604
0.9985974741828012
0.9988405972075943
0.9983387815168048
0.9986524432773917
1.0002925744545985
1.0003770646285508
1.000344476508397
1.000489351978848
0.9990870983533077
0.9993978285513286
0.9988848992353906
0.9992509871219277
1.0022162447048204
1.0064361235290848
1.0089583096687433
1.0033091205438187
1.0040810244518072
1.0019976256930834
1.0004470881729328
1.009417850855615
1.0264733441453517
1.0269670388248495
1.0282706856871973
1.0146888155110068
0.9960751247644846
0.9974741486232738
0.9962966965320522
0.9980461296143884
1.0002690967108239
1.0003825340698618
1.0001587218354404
1.0001639989977864
1.0022305574766632
1.0016843716619026
1.0015290955791605
1.0015217950306208
0.9864946580556809
0.9936093534332402
0.987522655712956
0.9820122734085028
1.003882050329424
1.0042501496283105
1.00362220676644
1.0039409346772459
0.997438397793243
0.9961549915252399
0.9938921036057008
0.9966950862494077
1.109171156492973
1.033048318166989
1.0322299716724146
1.087391107769945
0.9741354115756897
0.9866487626834445
0.9637167614242674
0.9779199750394807
1.0622491755877757
1.0381799075169564
1.0428745456049193
1.0579025623274692
0.9545584472775047
0.9479593555518944
0.928258559255383
0.9447649154900671
1.0150093250102652
1.017292951382882
1.016257147467397
1.0225719083188067
0.992080812712836
0.9889024940619326
0.9905631060794504
0.9817270987238851
1.0040230875539655
1.005036165204264
1.0024900215666204
1.005197928461799
0.9986753707930707
0.9986550364393241
0.9990779377213052
0.9987652709548853
1.0037051524308302
1.0009180826799706
1.003532445146282
1.0041668166739581
0.9937308377579056
0.9818341489838754
0.9858900031069134
0.979381353242023
1.0057364522600298
1.0030086248396695
1.0075323035105366
1.003782185618146
1.0032436745824398
1.004509370209249
1.0020558584342618
1.0021608922948366
0.9683994759053751
0.9828395862708497
0.9797785024282507
0.9823341851988984
1.0006641495000104
1.0028363981622672
1.0047465359900736
1.0052699385205128
1.020563102003406
1.0164311044949457
1.0129872868656875
1.0165442658366088
0.9940374136115766
0.9980768959004946
0.9959042144751766
0.9981045945232084
0.9726638994621598
0.9616942991900455
0.9565887862041421
0.9772341080346566
1.0061936267831417
1.0055097274890943
1.0041576197186375
1.0057560925712303
0.9796684640128241
0.9891049988216087
0.9918494760932078
0.9831774259329811
1.0010204157731084
1.0030814289146606
1.002049955565265
1.0035094423131623
1.023208010707783
1.0280947122462583
1.0353177633628603
1.0247964367364921
0.9909839897843218
0.9964914134718295
0.9886132271181055
0.9945232620872674
1.0153675964792181
1.0169785948274344
1.0043080824263642
1.0149455388176973
0.9946787030636624
0.9944743744275035
0.9964417469619747
0.9952422828993114
1.001942727930896
1.0007853599056038
1.0022080190540064
1.0024490096367764
0.9990243907952916
0.9987642519182164
0.997665045296975
0.9985568809455673
1.001976564914567
1.0061064796481058
1.009779766413385
1.0145476329268164
1.0288067782041643
1.0186305755847898
1.023963425112439
1.0140545197242181
0.9998389231819061
0.9995303317442014
0.9998024750853941
0.9993397974047054
1.0003811287265638
1.0003669198328293
1.0003483067120547
1.0004277950605343
0.9981352610611198
0.998890913364032
0.9980106222898526
0.9986808346784114
1.023793805569029
1.0179499461341321
1.0147819016150899
1.0128205289402386
0.9279912082059338
0.9201780889020457
0.9323744770114766
0.9449819116194853
1.0112708067465066
1.0105037294717314
1.0080058668568745
1.0093737497763218
1.0005417961014775
0.999619413370452
1.0005389641567741
0.9996018223727944
0.9808234607530679
0.9873546992991145
0.9827831358602096
0.9801676097352308
1.0136125231199729
1.0055698198860499
1.0064216678518274
1.0116576968012148
0.9744017479012124
0.9729436512519367
0.9574351598163622
0.9360784179040781
1.0117292267803892
1.0174282428783388
1.0117710756007665
1.0119883527075595
0.9990277832177802
0.9990449227567186
0.9985707949427765
0.999346267345258
1.0013600317840596
1.0014443631435643
1.0008343117148868
1.000923493119532
0.9973213455778307
0.9890355177508171
0.9915583864647776
0.9954849248941918
1.0013660223313992
1.0014729687695287
1.0011810199186426
1.00085364477676
0.9993902689119869
0.999353116956391
0.9993779219658748
0.9990105606943406
1.0056117832888034
1.0096513061231704
1.0141260931319354
1.0133590056278363
1.000438933652183
1.0004828933922099
1.000272185290918
0.9991623544242679
0.9973657750976617
0.996732992876486
0.9965309149351751
0.9955565145589982
1.0037319490193197
1.0086774156741136
1.0265935879402601
1.0245818141359588
0.9938496172346469
0.9943484436530029
0.9973146993050528
0.9965793044897391
0.9763646128098096
0.9799519483584421
0.9885965615409479
0.9776399493569218
1.0712309493379535
1.1002110408002699
1.0330535660633111
1.0383509610577935
0.7161395367765543
0.738027880614077
0.7250515950802907
0.7097255233945824
1.0231850512574447
1.0863012745491274
1.0736388369067664
1.07790035975456
1.0200441267384406
1.0027035945767295
1.016287070514908
1.0157523421265586
0.9871968236235653
0.9877449374139291
0.9821023513831952
0.9773393276560158
1.0103779800646118
1.0066736551344797
1.0079304628710022
1.0028698343103675
0.9932087875150942
0.9856958578009397
0.9882959257760061
0.9974902484751974
0.9420814476936757
0.9525569668125775
0.9344420419852891
0.9449193353669711
1.0095244634713247
1.0133924601533446
1.0070757510386157
1.010605457962322
0.9971974245103972
0.9989035419230189
0.9980688391269994
0.9979042040113862
1.0017721480468464
1.0017003873174195
1.002318868924624
1.001266600994587
0.987248015810105
0.9865319153586628
0.9917050789128453
0.9957420708706886
1.057001720043232
1.0572742589147168
1.033340148181638
1.02369357061434
0.8008610775266577
0.8448758785631368
0.9757836595176687
0.8330459251947608
1.0433164013907457
1.0125461035690124
1.073578684756673
1.0525336230601416
0.9934188928508454
0.9961353301716191
0.9998659833823035
0.994182094696293
1.017183435960101
1.007831150006093
1.0058445520256698
1.0139845029694459
0.997366620515966
0.9974402132021718
0.9982042600443309
0.9991790683856608
0.9989106504028824
0.9992818081459549
0.9987796352336077
0.9997829033817214
1.0000951163311067
1.0000843262554069
1.000111807466983
1.0001261297460533
0.9998060386931223
0.999665103655202
0.9998094274591851
0.9998799267630968
1.0011818794793368
1.0009121626568132
1.0009519746224544
1.000838097183871
0.9887794166063929
0.9921947052071317
0.9890334566193693
0.9907031629608365
1.0460245492161884
1.0109532928978908
1.0527677248797447
1.039064849111296
0.9850744322226139
0.9923154949662303
0.9831610844111761
0.9908315002616684
1.0034276823187476
1.0038431959432528
1.0042301403519465
1.0032357531959808
0.9989998345959549
0.9996705577690755
0.999211102597708
0.9993135322330307
0.9978708675550653
0.9971945018007466
0.9963945770003473
0.9972494795223971
1.0054449738952869
1.0203212410283076
1.0182132706844242
1.0095992860810896
0.9990535192971508
0.9992891290143584
0.9988439493686845
0.9992078070138851
0.9998163812189633
0.9998145668579781
0.9998469268997208
0.9998761084588608
1.0020665023544857
1.0039688192556329
1.0015223385943168
1.0024303720344885
0.9870390176341081
0.9876714051937197
0.9714664329391244
0.9874618407589727
1.0060723545718526
1.0030752014093636
1.0038154927726757
1.002500763084454
0.9995355193606297
0.9991724579668446
0.9993233784669137
0.9996209322490289
0.9963275287057124
0.9979516505678429
0.9969597030126934
0.9972554134045134
1.0236905489311499
1.0187031633339239
1.0295339069786789
1.0191905349793022
0.9955864565289742
0.9922969315016764
0.9917255819711545
0.9943650934860481
1.0249838210810336
1.0568072419727461
1.069430867193391
1.0266007999760387
0.9956280714787332
0.9966861182270045
0.9928881982105138
0.99777882337162
0.9683167430751286
0.9874104691418532
0.9894936041513165
0.9619305869789678
1.0077192574874387
1.0099435662683403
1.013436657028731
1.011815341374146
0.9974443974596371
0.9962808063568172
0.9968173773590107
0.9979186883329038
0.9991148496316962
1.0000905241982032
0.9994059435740433
0.9998409880194592
1.0153522404101778
1.008885637948217
1.0158653162369666
1.0034090358327379
0.9986944840536763
0.9979718421713497
0.9984855486962217
0.9988187410615751
1.0000413315990966
1.0002903209420808
1.0002058484002845
1.00003144903564
1.0008989236555805
1.001044606261027
1.0010913998365292
1.0008934920560653
0.994342857164672
0.9903872759155891
0.9880110035520971
0.9926728915132689
1.0244873985502032
1.0118884560786154
1.0163383691185064
1.0244219257348792
0.9862194630270628
0.9804097655348971
0.9810490352686357
0.9707957934608755
1.008460963071924
1.003925427457335
1.0149652619616227
1.0093001509866375
1.028386123202338
1.0239200322971351
1.0125716352774903
1.0297114951286777
0.9936235702753293
0.9936352264203611
0.9958913484812814
0.9928452612076806
1.013478579342197
1.0101489503972918
1.0086125196858728
1.006652581909567
0.9574170235782112
0.9171285516490189
0.9373521476575122
0.9866527475427188
0.9957849894078291
0.9980386913712648
0.9955515435190959
0.9930309842256507
0.9925680907318944
0.9972067737068695
0.9906917809732018
0.9953516537625297
1.003009911321854
1.0017697486505697
1.001408474737798
1.0019773728135244
0.9937314835470754
0.9965185113885519
0.9958900331398214
0.9976909160369727
1.023329488877915
1.0298896297480291
1.0203458953066407
1.0304329388472429
0.9925981891358823
0.9897637784823599
0.9925978760319436
0.996387646622559
0.9920177788557777
0.992090193810981
0.9933450501912553
0.9905207527287192
0.9976032259751304
0.9945287149475728
0.9944966141248595
0.996309927276992
1.0403544258289181
1.0491638837183264
1.0200118055311562
1.0461684280871693
0.9928710463663006
0.995180134648604
0.9945624289697425
0.9933527821253367
0.9984871499872862
0.9996378139538032
0.9979432287021389
0.9979009304148876
1.0284449748638718
1.0334758678434424
1.020319792283414
1.010543614474957
1.006782665291061
1.0041472007459837
1.0063988548099028
1.0041949270153179
0.9885091182971067
0.9687829523661434
0.9748051172708184
0.9666232834323796
1.0831033823681018
1.0173585578806792
1.1097445245616782
1.0850609265090208
0.9897661630918051
0.9778639788647359
0.967090525435324
0.9851492006158747
0.9963266753153787
0.9906954724291793
0.9905545460718391
0.9921933579325649
1.0012768454205294
1.0024882265858404
1.0012495470934644
1.0024661479721952
0.9996216620618027
0.9994129582690653
0.9993424068102006
0.9994801153164199
1.0000612466285768
1.0001334048377044
1.0001255609940543
1.0000937132291723
0.999965246885258
0.9999643470407593
0.9999448419599133
0.9999515385199387
1.0005023883756956
1.0005393951746093
1.000687752155564
1.0005321692498248
0.9957390120137352
0.9940469850804406
0.9908744358414332
0.9934096706053961
1.0341721075123589
1.0638179125997256
1.0811699961747099
1.04739127061323
0.9862214459963654
0.9904524516207358
0.9870674466837219
0.990332858403403
0.9978233359249644
0.9976828738959141
0.9967903732245691
0.9981447170935502
1.0810491961356465
1.0830881555615615
1.0379316670075127
1.0783121652582774
0.9967266570109474
0.990955083566468
0.9893674097461043
0.9957454558929232
0.9947612155251383
0.9929905647286045
0.9942289877589231
0.9966456830422431
1.0573969352136336
1.0592278730829656
1.0736682847830465
1.0500242864957847
0.9925212007761067
0.9907049685781748
0.988309348796898
0.9920543585519417
1.0017506807358858
1.0006225768528765
1.000994291122504
1.0015817740496071
0.999679227918523
0.9997928419672721
0.9997164802453796
0.9995801261489592
1.0001306215004448
1.0000720161911947
1.000040901252761
1.0001165426109038
0.9997809164482809
0.9999136469653643
0.9999159200239145
0.9998998989526451
1.0005256556134257
1.0007200672737249
1.0002699796266015
1.0004496039271185
0.9962748421230964
0.9954457055543758
0.9977449129785517
0.9954693197324122
1.0269627059348796
1.0231849170701839
1.0271709401474003
1.029692938748584
0.9883387027369426
0.9913501051425949
0.9877379557405158
0.990865660938764
1.0366859969868902
1.0284877972173323
1.0404945778559491
1.0183089257367597
0.9735471661857518
0.9884583082527366
0.9717727847739712
0.9805275380827778
1.0193004842467537
1.019053614921866
1.0177505465367385
1.034419812864998
0.9988536164492477
0.9846486517492483
0.979621346816677
0.9942435629909244
1.0021571222151535
1.0005986752851415
1.0015853671654331
1.002026660523153
1.002239618006827
1.0020212966757451
1.0034702857109634
1.000104624399488
0.9998863275223588
0.9998572885191933
0.9995207726014883
0.9998930460618218
0.9999563067611755
0.9999533989110043
0.9999526617969697
0.9999598540679698
1.0007618169912273
1.0005091010693663
1.0008548012842133
1.0007336265711928
0.9940677153028382
0.996001547986187
0.9940121927156519
0.9947072409283448
1.0317132012350454
1.013265517971784
1.044865929512987
1.0468490437653308
0.9924628341479788
0.9828477600413134
0.9931091293630347
0.9842661263559702
1.040833626322259
1.0273907800396194
1.0940974089128728
1.0570221540283098
0.9859468999006286
0.9871467561293523
0.9799528257349018
0.986636617013567
1.0034468050282335
1.0038822304494412
1.0041592230127487
1.0026137698848328
1.000389157288288
1.000349907046652
1.0005334875859213
1.0002032379319843
0.9960912700921608
0.9928193229134841
0.9960598797095948
0.9972660669638213
1.0439229121796987
1.0345597108022861
1.0301622444858487
1.0345147308723113
0.9594988712704859
0.9662689215373639
0.9605559184205184
0.951731964921292
1.0100294459589958
1.012697401269161
1.017277295912647
1.0152618996763931
0.9981474457547098
1.0369989239575383
1.0322736322447943
1.0144671779939263
1.0090331203179268
1.0089993633736116
1.0092475775484346
1.0041088486935479
0.9515619706502816
0.9510761218051865
0.9327865814254912
0.9283847273170943
1.0160074826471868
1.0189456899927833
1.026016917868706
1.0214762245743756
0.9878113361708797
0.9924169172604095
0.9875917556430234
0.9934409832912937
1.0012179493447158
1.0013156141330628
1.00140436309527
1.001779351170284
0.9995834892397673
0.9994488340122035
0.9997357665360753
0.9995944746770985
1.0006129443992149
1.0004318748501606
1.0003667422439433
1.0006941052619107
0.9976968259454864
0.9984650126180935
0.9972562537772355
0.997607941763166
1.014126679348448
1.024557358803107
1.0221563318466569
1.0217382841980538
0.9937692282980307
0.995183875464562
0.9931116715568629
0.994185274701146
1.0013782158311044
1.0016406519832035
1.0019122321820562
1.0014837932301204
0.9971959946759261
0.9966942305152972
0.9983046989075887
0.9987531845311869
1.0287162387923185
1.0193809319654463
1.0124615754771493
1.021061408614919
0.9280059774328756
0.8831076277365474
0.9039391861743613
0.9109929487817507
